"id";"data_inversa";"dia_semana";"horario";"uf";"br";"km";"municipio";"causa_acidente";"tipo_acidente";"classificacao_acidente";"fase_dia";"sentido_via";"condicao_metereologica";"tipo_pista";"tracado_via";"uso_solo";"pessoas";"mortos";"feridos_leves";"feridos_graves";"ilesos";"ignorados";"feridos";"veiculos";"latitude";"longitude";"regional";"delegacia";"uop"
332820;2021-01-06;"quarta-feira";"19:20:00";"MG";381;943,5;"EXTREMA";"Estacionar ou parar em local proibido";"Colisão traseira";"Com Vítimas Feridas";"Plena Noite";"Decrescente";"Chuva";"Dupla";"Reta";"Não";2;0;1;0;1;0;1;2;-22,8653771;-46,34688506;"SPRF-MG";"DEL16-MG";"UOP03-DEL16-MG"
332823;2021-01-06;"quarta-feira";"19:00:00";"GO";153;61;"PORANGATU";"Problema com o freio";"Eventos atípicos";"Sem Vítimas";"Plena Noite";"Crescente";"Céu Claro";"Simples";"Reta";"Não";2;0;0;0;1;2;0;3;-13,35297;-49,12318;"SPRF-GO";"DEL07-GO";"UOP01-DEL07-GO"
332828;2021-01-06;"quarta-feira";"20:00:00";"PR";277;220,8;"TEIXEIRA SOARES";"Demais falhas mecânicas ou elétricas";"Tombamento";"Sem Vítimas";"Plena Noite";"Crescente";"Nublado";"Simples";"Reta;Aclive";"Não";2;0;0;0;1;1;0;2;-25,46362638;-50,37796805;"SPRF-PR";"DEL03-PR";"UOP03-DEL03-PR"
332830;2021-01-06;"quarta-feira";"01:30:00";"MG";267;248;"CARVALHOS";"Velocidade Incompatível";"Saída de leito carroçável";"Sem Vítimas";"Plena Noite";"Crescente";"Nublado";"Simples";"Curva";"Não";1;0;0;0;1;0;0;1;-21,93632695;-44,4741703;"SPRF-MG";"DEL17-MG";"UOP01-DEL17-MG"
332831;2021-01-06;"quarta-feira";"20:40:00";"PR";376;529,8;"PONTA GROSSA";"Objeto estático sobre o leito carroçável";"Saída de leito carroçável";"Com Vítimas Feridas";"Plena Noite";"Decrescente";"Chuva";"Dupla";"Retorno Regulamentado";"Não";6;0;4;0;1;1;4;3;-25,28995309;-49,90027249;"SPRF-PR";"DEL03-PR";"UOP04-DEL03-PR"
332832;2021-01-06;"quarta-feira";"19:50:00";"SC";101;304,4;"LAGUNA";"Manobra de mudança de faixa";"Colisão transversal";"Com Vítimas Feridas";"Plena Noite";"Decrescente";"Céu Claro";"Múltipla";"Reta";"Não";4;0;1;0;2;1;1;4;-28,36912427;-48,75686871;"SPRF-SC";"DEL02-SC";"UOP03-DEL02-SC"
332833;2021-01-06;"quarta-feira";"11:30:00";"SC";470;223;"SAO CRISTOVAO DO SUL";"Manobra de mudança de faixa";"Colisão transversal";"Com Vítimas Feridas";"Pleno dia";"Crescente";"Chuva";"Simples";"Reta";"Não";3;0;1;1;1;0;2;2;-27,31748446;-50,33111572;"SPRF-SC";"DEL05-SC";"UOP03-DEL05-SC"
332834;2021-01-06;"quarta-feira";"12:10:00";"SC";470;230;"SAO CRISTOVAO DO SUL";"Chuva";"Tombamento";"Com Vítimas Feridas";"Pleno dia";"Decrescente";"Chuva";"Simples";"Curva";"Não";3;0;2;0;1;0;2;1;-27,30552596;-50,3960914;"SPRF-SC";"DEL05-SC";"UOP03-DEL05-SC"
332839;2021-01-06;"quarta-feira";"21:05:00";"MG";381;830,9;"SAO SEBASTIAO DA BELA VISTA";"Pedestre cruzava a pista fora da faixa";"Atropelamento de Pedestre";"Com Vítimas Fatais";"Plena Noite";"Crescente";"Nublado";"Dupla";"Reta";"Não";2;1;0;0;1;0;0;2;-22,13939205;-45,81344194;"SPRF-MG";"DEL16-MG";"UOP01-DEL16-MG"
332841;2021-01-06;"quarta-feira";"19:30:00";"MG";381;833,8;"SAO SEBASTIAO DA BELA VISTA";"Ingestão de álcool pelo condutor";"Colisão lateral";"Sem Vítimas";"Anoitecer";"Crescente";"Nublado";"Dupla";"Reta";"Não";4;0;0;0;2;2;0;4;-22,1242871;-45,79632795;"SPRF-MG";"DEL16-MG";"UOP01-DEL16-MG"
332844;2021-01-06;"quarta-feira";"20:30:00";"ES";101;293,6;"CARIACICA";"Condutor deixou de manter distância do veículo da frente";"Colisão lateral mesmo sentido";"Com Vítimas Feridas";"Plena Noite";"Decrescente";"Céu Claro";"Dupla";"Curva";"Sim";2;0;1;0;1;0;1;2;-20,31526144;-40,39567044;"SPRF-ES";"DEL01-ES";"UOP01-DEL01-ES"
332846;2021-01-06;"quarta-feira";"21:20:00";"RS";392;18,2;"RIO GRANDE";"Pedestre cruzava a pista fora da faixa";"Atropelamento de Pedestre";"Com Vítimas Fatais";"Plena Noite";"Crescente";"Nublado";"Dupla";"Reta";"Não";4;1;0;0;2;1;0;4;-32,09017991;-52,17651198;"SPRF-RS";"DEL07-RS";"UOP02-DEL07-RS"
332849;2021-01-06;"quarta-feira";"20:50:00";"RS";158;567;"SANTANA DO LIVRAMENTO";"Desrespeitar a preferência no cruzamento";"Colisão transversal";"Sem Vítimas";"Plena Noite";"Crescente";"Céu Claro";"Simples";"Rotatória";"Sim";3;0;0;0;2;1;0;2;-30,89069832;-55,5074358;"SPRF-RS";"DEL11-RS";"UOP01-DEL11-RS"
332851;2021-01-06;"quarta-feira";"15:20:00";"MA";230;416;"BALSAS";"Ultrapassagem Indevida";"Colisão lateral sentido oposto";"Sem Vítimas";"Pleno dia";"Crescente";"Céu Claro";"Simples";"Reta";"Não";2;0;0;0;1;1;0;2;-7,4917092;-46,14403508;"SPRF-MA";"DEL05-MA";"UOP01-DEL05-MA"
332852;2021-01-06;"quarta-feira";"23:05:00";"MS";163;732;"COXIM";"Acessar a via sem observar a presença dos outros veículos";"Colisão frontal";"Com Vítimas Feridas";"Plena Noite";"Decrescente";"Nublado";"Simples";"Reta";"Sim";3;0;0;1;1;1;1;3;-18,49326992;-54,72854015;"SPRF-MS";"DEL06-MS";"UOP01-DEL06-MS"
332853;2021-01-07;"quinta-feira";"00:00:00";"PR";376;548,6;"PALMEIRA";"Desrespeitar a preferência no cruzamento";"Colisão transversal";"Com Vítimas Feridas";"Plena Noite";"Decrescente";"Nublado";"Dupla";"Reta";"Não";6;0;3;1;1;1;4;3;-25,46833056;-49,72640707;"SPRF-PR";"DEL01-PR";"UOP03-DEL03-PR"
332856;2021-01-06;"quarta-feira";"23:30:00";"MG";267;31,5;"ARGIRITA";"Condutor Dormindo";"Colisão frontal";"Com Vítimas Feridas";"Plena Noite";"Decrescente";"Nublado";"Simples";"Curva";"Não";3;0;1;0;1;1;1;3;-21,64465779;-42,8469463;"SPRF-MG";"DEL07-MG";"UOP01-DEL07-MG"
332858;2021-01-07;"quinta-feira";"01:00:00";"RR";174;307;"CARACARAI";"Ausência de reação do condutor";"Saída de leito carroçável";"Sem Vítimas";"Plena Noite";"Decrescente";"Nublado";"Simples";"Reta";"Não";1;0;0;0;0;1;0;1;1,480129;-60,842487;"SPRF-RR";"DEL01-RR";"UOP01-DEL01-RR"
332871;2021-01-06;"quarta-feira";"17:15:00";"MG";116;411,1;"GOVERNADOR VALADARES";"Transitar na contramão";"Colisão lateral mesmo sentido";"Com Vítimas Feridas";"Pleno dia";"Crescente";"Céu Claro";"Simples";"Reta";"Sim";4;0;0;1;1;2;1;4;-18,86244705;-41,97405237;"SPRF-MG";"DEL06-MG";"UOP01-DEL06-MG"
332872;2021-01-07;"quinta-feira";"07:35:00";"SC";101;198;"SAO JOSE";"Reação tardia ou ineficiente do condutor";"Colisão lateral";"Com Vítimas Feridas";"Pleno dia";"Crescente";"Nublado";"Dupla";"Reta";"Sim";3;0;1;0;2;0;1;3;-27,52658712;-48,63506019;"SPRF-SC";"DEL01-SC";"UOP01-DEL01-SC"
332879;2021-01-07;"quinta-feira";"08:00:00";"PI";343;339;"TERESINA";"Acessar a via sem observar a presença dos outros veículos";"Colisão transversal";"Com Vítimas Feridas";"Pleno dia";"Crescente";"Céu Claro";"Simples";"Interseção de Vias";"Sim";2;0;1;0;1;0;1;2;-5,06780568;-42,7318722;"SPRF-PI";"DEL01-PI";"UOP01-DEL01-PI"
332883;2021-01-07;"quinta-feira";"08:00:00";"SC";101;23;"JOINVILLE";"Ultrapassagem Indevida";"Colisão traseira";"Com Vítimas Feridas";"Pleno dia";"Crescente";"Céu Claro";"Dupla";"Reta";"Não";2;0;1;0;1;0;1;2;-26,16582501;-48,90742427;"SPRF-SC";"DEL03-SC";"UOP01-DEL03-SC"
332887;2021-01-07;"quinta-feira";"06:50:00";"PR";476;322,3;"PAULO FRONTIN";"Demais falhas mecânicas ou elétricas";"Colisão com objeto";"Com Vítimas Feridas";"Pleno dia";"Crescente";"Céu Claro";"Simples";"Reta";"Não";5;0;2;1;1;2;3;4;-26,076199;-50,746521;"SPRF-PR";"DEL02-PR";"UOP04-DEL02-PR"
332889;2021-01-07;"quinta-feira";"09:50:00";"SP";116;119,2;"TAUBATE";"Condutor deixou de manter distância do veículo da frente";"Colisão traseira";"Com Vítimas Feridas";"Pleno dia";"Crescente";"Céu Claro";"Dupla";"Reta";"Não";4;0;1;1;1;2;2;4;-23,06710044;-45,63562878;"SPRF-SP";"DEL06-SP";"UOP01-DEL06-SP"
332891;2021-01-07;"quinta-feira";"08:45:00";"MG";40;771,2;"JUIZ DE FORA";"Acessar a via sem observar a presença dos outros veículos";"Colisão lateral";"Sem Vítimas";"Pleno dia";"Decrescente";"Céu Claro";"Simples";"Reta";"Não";4;0;0;0;3;1;0;3;-21,60932712;-43,45892723;"SPRF-MG";"DEL05-MG";"UOP01-DEL05-MG"
332894;2021-01-07;"quinta-feira";"09:00:00";"BA";116;633,3;"JAGUAQUARA";"Conversão proibida";"Colisão lateral";"Sem Vítimas";"Pleno dia";"Decrescente";"Céu Claro";"Simples";"Reta";"Sim";3;0;0;0;2;1;0;3;-13,47539479;-40,03995749;"SPRF-BA";"DEL03-BA";"UOP01-DEL03-BA"
332905;2021-01-07;"quinta-feira";"11:00:00";"MA";135;196,5;"ALTO ALEGRE DO MARANHAO";"Manobra de mudança de faixa";"Colisão frontal";"Com Vítimas Fatais";"Pleno dia";"Crescente";"Céu Claro";"Simples";"Reta";"Não";10;5;0;2;2;2;2;4;-4,16361399;-44,46920681;"SPRF-MA";"DEL03-MA";"UOP01-DEL03-MA"
332908;2021-01-07;"quinta-feira";"07:15:00";"SC";470;287,9;"BRUNOPOLIS";"Transitar na contramão";"Colisão frontal";"Com Vítimas Fatais";"Pleno dia";"Crescente";"Céu Claro";"Simples";"Reta";"Não";4;1;0;0;3;0;0;3;-27,331656;-50,941821;"SPRF-SC";"DEL07-SC";"UOP06-DEL07-SC"
332909;2021-01-07;"quinta-feira";"10:50:00";"MT";70;513;"CUIABA";"Condutor deixou de manter distância do veículo da frente";"Colisão traseira";"Com Vítimas Feridas";"Pleno dia";"Crescente";"Céu Claro";"Simples";"Reta";"Não";3;0;1;0;1;3;1;5;-15,65051022;-55,99823809;"SPRF-MT";"DEL01-MT";"UOP02-DEL01-MT"
332917;2021-01-07;"quinta-feira";"11:20:00";"RJ";493;79;"JAPERI";"Fumaça";"Engavetamento";"Com Vítimas Feridas";"Pleno dia";"Crescente";"Céu Claro";"Dupla";"Reta";"Não";6;0;6;0;0;0;6;3;-22,664;-43,561;"SPRF-RJ";"DEL01-RJ";"UOP03-DEL01-RJ"
332928;2021-01-07;"quinta-feira";"00:20:00";"BA";242;597;"MUQUEM DE SAO FRANCISCO";"Velocidade Incompatível";"Capotamento";"Com Vítimas Fatais";"Plena Noite";"Crescente";"Céu Claro";"Simples";"Interseção de Vias";"Não";2;2;0;0;0;0;0;1;-12,1317886;-43,33830714;"SPRF-BA";"DEL06-BA";"UOP03-DEL06-BA"
332929;2021-01-07;"quinta-feira";"12:30:00";"RJ";465;3;"SEROPEDICA";"Reação tardia ou ineficiente do condutor";"Tombamento";"Sem Vítimas";"Pleno dia";"Crescente";"Céu Claro";"Simples";"Reta";"Não";2;0;0;0;2;0;0;2;-22,731;-43,715;"SPRF-RJ";"DEL01-RJ";"UOP03-DEL01-RJ"
332931;2021-01-07;"quinta-feira";"13:20:00";"PR";376;660;"TIJUCAS DO SUL";"Manobra de mudança de faixa";"Colisão lateral";"Sem Vítimas";"Pleno dia";"Crescente";"Céu Claro";"Dupla";"Curva";"Não";7;0;0;0;6;2;0;4;-25,8516758;-49,00332398;"SPRF-PR";"DEL01-PR";"UOP04-DEL01-PR"
332932;2021-01-07;"quinta-feira";"13:15:00";"MG";40;355;"FELIXLANDIA";"Demais falhas mecânicas ou elétricas";"Saída de leito carroçável";"Sem Vítimas";"Pleno dia";"Crescente";"Chuva";"Simples";"Declive";"Não";2;0;0;0;1;1;0;2;-18,72999125;-44,89215101;"SPRF-MG";"DEL02-MG";"UOP01-DEL02-MG"
332937;2021-01-07;"quinta-feira";"14:25:00";"CE";116;304,4;"JAGUARIBE";"Manobra de mudança de faixa";"Colisão frontal";"Com Vítimas Fatais";"Pleno dia";"Crescente";"Céu Claro";"Simples";"Reta";"Não";4;1;0;0;1;2;0;4;-5,8641871;-38,59058993;"SPRF-CE";"DEL05-CE";"UOP02-DEL05-CE"
332938;2021-01-07;"quinta-feira";"15:10:00";"MG";381;365;"SAO GONCALO DO RIO ABAIXO";"Acumulo de óleo sobre o pavimento";"Colisão frontal";"Com Vítimas Feridas";"Pleno dia";"Decrescente";"Chuva";"Simples";"Declive;Curva";"Não";7;0;3;1;2;1;4;4;-19,86099867;-43,22678089;"SPRF-MG";"DEL03-MG";"UOP01-DEL03-MG"
332942;2021-01-07;"quinta-feira";"15:30:00";"PR";158;537,9;"PATO BRANCO";"Falta de elemento de contenção que evite a saída do leito carroçável";"Saída de leito carroçável";"Com Vítimas Feridas";"Pleno dia";"Decrescente";"Garoa/Chuvisco";"Simples";"Curva";"Sim";2;0;2;0;0;0;2;1;-26,24774787;-52,70513312;"SPRF-PR";"DEL02-PR";"UOP01-DEL02-PR"
332943;2021-01-07;"quinta-feira";"15:45:00";"SC";101;218,2;"PALHOCA";"Transitar na contramão";"Colisão lateral";"Com Vítimas Feridas";"Pleno dia";"Decrescente";"Chuva";"Múltipla";"Reta";"Sim";2;0;0;1;1;0;1;2;-27,6758601;-48,67052525;"SPRF-SC";"DEL01-SC";"UOP02-DEL01-SC"
332955;2021-01-07;"quinta-feira";"16:10:00";"SP";116;166,7;"JACAREI";"Manobra de mudança de faixa";"Colisão traseira";"Sem Vítimas";"Pleno dia";"Crescente";"Céu Claro";"Simples";"Reta";"Sim";3;0;0;0;3;0;0;3;-23,30055667;-46,01686506;"SPRF-SP";"DEL02-SP";"UOP01-DEL02-SP"
332959;2021-01-05;"terça-feira";"11:45:00";"MS";163;78,5;"ITAQUIRAI";"Retorno proibido";"Colisão lateral mesmo sentido";"Com Vítimas Feridas";"Pleno dia";"Crescente";"Garoa/Chuvisco";"Simples";"Reta";"Sim";3;0;1;0;1;3;1;5;-23,47441924;-54,18829399;"SPRF-MS";"DEL09-MS";"UOP01-DEL09-MS"
332963;2021-01-07;"quinta-feira";"17:25:00";"PR";277;107;"CAMPO LARGO";"Retorno proibido";"Colisão traseira";"Com Vítimas Fatais";"Pleno dia";"Crescente";"Nublado";"Dupla";"Reta";"Não";2;1;0;0;1;0;0;2;-25,47157895;-49,35341791;"SPRF-PR";"DEL01-PR";"UOP01-DEL01-PR"
332966;2021-01-07;"quinta-feira";"16:00:00";"MG";40;567;"NOVA LIMA";"Condutor deixou de manter distância do veículo da frente";"Colisão traseira";"Sem Vítimas";"Pleno dia";"Decrescente";"Nublado";"Simples";"Reta;Declive";"Não";2;0;0;0;1;1;0;2;-20,18749199;-43,96845002;"SPRF-MG";"DEL01-MG";"UOP02-DEL01-MG"
332969;2021-01-07;"quinta-feira";"12:20:00";"SP";116;545;"BARRA DO TURVO";"Velocidade Incompatível";"Saída de leito carroçável";"Sem Vítimas";"Pleno dia";"Crescente";"Garoa/Chuvisco";"Múltipla";"Curva";"Não";2;0;0;0;1;1;0;2;-24,95016699;-48,42400302;"SPRF-SP";"DEL05-SP";"UOP02-DEL05-SP"
332978;2021-01-07;"quinta-feira";"13:15:00";"MA";316;580,3;"CAXIAS";"Acessar a via sem observar a presença dos outros veículos";"Colisão transversal";"Com Vítimas Feridas";"Pleno dia";"Decrescente";"Céu Claro";"Simples";"Reta";"Sim";5;0;2;1;1;2;3;4;-4,963041;-43,121315;"SPRF-MA";"DEL03-MA";"UOP02-DEL03-MA"
332995;2021-01-07;"quinta-feira";"16:30:00";"SC";101;455,4;"SAO JOAO DO SUL";"Demais falhas mecânicas ou elétricas";"Capotamento";"Com Vítimas Feridas";"Pleno dia";"Crescente";"Nublado";"Dupla";"Curva;Aclive";"Não";2;0;1;0;0;1;1;2;-29,21440894;-49,75853816;"SPRF-SC";"DEL02-SC";"UOP02-DEL02-SC"
332997;2021-01-07;"quinta-feira";"19:50:00";"GO";40;2,7;"VALPARAISO DE GOIAS";"Condutor deixou de manter distância do veículo da frente";"Engavetamento";"Sem Vítimas";"Plena Noite";"Crescente";"Céu Claro";"Dupla";"Retorno Regulamentado";"Sim";3;0;0;0;3;0;0;3;-16,067129;-47,984235;"SPRF-DF";"DEL01-DF";"UOP01-DEL01-DF"
333002;2021-01-07;"quinta-feira";"20:40:00";"BA";116;10;"VITORIA DA CONQUISTA";"Ultrapassagem Indevida";"Colisão lateral";"Com Vítimas Feridas";"Plena Noite";"Crescente";"Céu Claro";"Simples";"Reta";"Sim";2;0;1;0;1;0;1;2;-14,860267;-40,875888;"SPRF-BA";"DEL08-BA";"UOP01-DEL08-BA"
333003;2021-01-07;"quinta-feira";"20:15:00";"PR";116;54;"CAMPINA GRANDE DO SUL";"Ingestão de álcool pelo condutor";"Colisão lateral sentido oposto";"Sem Vítimas";"Plena Noite";"Crescente";"Nublado";"Dupla";"Retorno Regulamentado";"Não";3;0;0;0;2;1;0;3;-25,26972044;-48,91896486;"SPRF-PR";"DEL01-PR";"UOP02-DEL01-PR"
333011;2021-01-07;"quinta-feira";"21:20:00";"BA";324;547;"AMELIA RODRIGUES";"Condutor Dormindo";"Colisão com objeto";"Com Vítimas Feridas";"Plena Noite";"Crescente";"Céu Claro";"Dupla";"Reta";"Não";1;0;1;0;0;0;1;1;-12,43494;-38,728782;"SPRF-BA";"DEL01-BA";"UOP03-DEL01-BA"
333016;2021-01-07;"quinta-feira";"21:50:00";"SP";116;312;"SAO LOURENCO DA SERRA";"Manobra de mudança de faixa";"Colisão traseira";"Sem Vítimas";"Plena Noite";"Crescente";"Céu Claro";"Múltipla";"Reta";"Não";2;0;0;0;2;0;0;2;-23,88342825;-46,97368879;"SPRF-SP";"DEL04-SP";"UOP01-DEL04-SP"
333019;2021-01-07;"quinta-feira";"22:15:00";"SC";101;386,2;"ICARA";"Reação tardia ou ineficiente do condutor";"Colisão traseira";"Com Vítimas Feridas";"Plena Noite";"Decrescente";"Nublado";"Dupla";"Reta";"Não";3;0;1;0;2;0;1;2;-28,78750283;-49,34099436;"SPRF-SC";"DEL02-SC";"UOP02-DEL02-SC"
333021;2021-01-07;"quinta-feira";"19:30:00";"PR";376;428,3;"TIBAGI";"Ultrapassagem Indevida";"Colisão frontal";"Com Vítimas Feridas";"Plena Noite";"Crescente";"Nublado";"Simples";"Curva";"Não";3;0;1;0;2;0;1;3;-24,78113491;-50,51347965;"SPRF-PR";"DEL03-PR";"UOP02-DEL03-PR"
333025;2021-01-07;"quinta-feira";"20:30:00";"RJ";40;120;"DUQUE DE CAXIAS";"Condutor usando celular";"Colisão traseira";"Com Vítimas Feridas";"Plena Noite";"Crescente";"Céu Claro";"Múltipla";"Reta;Interseção de Vias";"Sim";3;0;1;0;1;1;1;3;-22,77280597;-43,28626763;"SPRF-RJ";"DEL01-RJ";"UOP01-DEL01-RJ"
333026;2021-01-07;"quinta-feira";"19:15:00";"MG";116;127;"ITAOBIM";"Curva acentuada";"Tombamento";"Com Vítimas Feridas";"Plena Noite";"Crescente";"Céu Claro";"Simples";"Curva";"Não";5;0;1;2;1;1;3;3;-16,653504;-41,50203205;"SPRF-MG";"DEL11-MG";"UOP02-DEL11-MG"
333027;2021-01-07;"quinta-feira";"23:15:00";"ES";101;445;"MIMOSO DO SUL";"Problema com o freio";"Incêndio";"Sem Vítimas";"Plena Noite";"Crescente";"Nublado";"Simples";"Reta";"Não";2;0;0;0;1;1;0;2;-21,11046291;-41,26351124;"SPRF-ES";"DEL03-ES";"UOP02-DEL03-ES"
333034;2021-01-07;"quinta-feira";"23:10:00";"MG";116;517,7;"UBAPORANGA";"Ausência de reação do condutor";"Colisão frontal";"Com Vítimas Feridas";"Plena Noite";"Decrescente";"Chuva";"Simples";"Reta";"Não";2;0;0;1;1;0;1;2;-19,70492713;-42,11720373;"SPRF-MG";"DEL06-MG";"UOP02-DEL06-MG"
333038;2021-01-08;"sexta-feira";"01:30:00";"GO";153;657;"GOIATUBA";"Ausência de reação do condutor";"Saída de leito carroçável";"Sem Vítimas";"Plena Noite";"Decrescente";"Nublado";"Dupla";"Reta;Declive";"Não";2;0;0;0;1;1;0;2;-18,0277;-49,265;"SPRF-GO";"DEL03-GO";"UOP01-DEL03-GO"
333041;2021-01-08;"sexta-feira";"03:00:00";"PE";232;330;"CUSTODIA";"Ingestão de álcool pelo condutor";"Colisão traseira";"Com Vítimas Fatais";"Plena Noite";"Decrescente";"Céu Claro";"Simples";"Reta";"Não";2;1;0;0;0;1;0;2;-8,09001886;-37,61071801;"SPRF-PE";"DEL03-PE";"UOP02-DEL03-PE"
333044;2021-01-08;"sexta-feira";"02:50:00";"PR";376;248,7;"APUCARANA";"Velocidade Incompatível";"Tombamento";"Com Vítimas Feridas";"Plena Noite";"Crescente";"Céu Claro";"Simples";"Interseção de Vias";"Não";2;0;1;0;0;2;1;3;-23,62178992;-51,38837894;"SPRF-PR";"DEL07-PR";"UOP03-DEL07-PR"
333053;2021-01-07;"quinta-feira";"16:20:00";"RS";392;150;"CANGUCU";"Demais falhas mecânicas ou elétricas";"Tombamento";"Com Vítimas Feridas";"Pleno dia";"Decrescente";"Céu Claro";"Simples";"Curva";"Não";3;0;1;0;0;2;1;3;-31,15018599;-52,87968996;"SPRF-RS";"DEL07-RS";"UOP01-DEL07-RS"
333060;2021-01-08;"sexta-feira";"07:10:00";"MG";40;716;"BARBACENA";"Velocidade Incompatível";"Tombamento";"Com Vítimas Feridas";"Pleno dia";"Decrescente";"Nevoeiro/Neblina";"Dupla";"Curva";"Sim";2;0;0;1;0;1;1;2;-21,25153502;-43,66402206;"SPRF-MG";"DEL05-MG";"UOP01-DEL05-MG"
333064;2021-01-08;"sexta-feira";"05:15:00";"BA";101;402;"IBIRAPITANGA";"Curva acentuada";"Tombamento";"Com Vítimas Feridas";"Pleno dia";"Crescente";"Céu Claro";"Simples";"Curva";"Não";1;0;1;0;0;0;1;1;-14,10785002;-39,36505811;"SPRF-BA";"DEL05-BA";"UOP03-DEL05-BA"
333067;2021-01-08;"sexta-feira";"09:00:00";"MG";381;349;"JOAO MONLEVADE";"Velocidade Incompatível";"Tombamento";"Com Vítimas Feridas";"Pleno dia";"Crescente";"Nublado";"Simples";"Curva";"Não";5;0;3;0;1;2;3;4;-19,8499239;-43,14868105;"SPRF-MG";"DEL03-MG";"UOP01-DEL03-MG"
333073;2021-01-08;"sexta-feira";"07:25:00";"PR";116;102;"SAO JOSE DOS PINHAIS";"Condutor deixou de manter distância do veículo da frente";"Colisão traseira";"Sem Vítimas";"Pleno dia";"Crescente";"Céu Claro";"Dupla";"Reta";"Não";4;0;0;0;3;1;0;4;-25,550639;-49,15025;"SPRF-PR";"DEL01-PR";"UOP01-DEL01-PR"
333074;2021-01-08;"sexta-feira";"07:20:00";"GO";153;499,8;"GOIANIA";"Acessar a via sem observar a presença dos outros veículos";"Colisão lateral";"Sem Vítimas";"Pleno dia";"Crescente";"Sol";"Dupla";"Reta";"Sim";4;0;0;0;3;2;0;5;-16,7033;-49,2311;"SPRF-GO";"DEL01-GO";"UOP01-DEL01-GO"
333088;2021-01-08;"sexta-feira";"09:10:00";"SP";116;357,8;"MIRACATU";"Demais falhas mecânicas ou elétricas";"Incêndio";"Sem Vítimas";"Pleno dia";"Decrescente";"Nublado";"Simples";"Reta";"Não";2;0;0;0;1;1;0;2;-24,09799899;-47,2538542;"SPRF-SP";"DEL04-SP";"UOP02-DEL04-SP"
333091;2021-01-08;"sexta-feira";"11:45:00";"SP";116;289;"ITAPECERICA DA SERRA";"Trafegar com motocicleta (ou similar) entre as faixas";"Colisão traseira";"Com Vítimas Fatais";"Pleno dia";"Crescente";"Céu Claro";"Dupla";"Declive";"Não";2;1;0;0;1;0;0;2;-23,72290969;-46,89096614;"SPRF-SP";"DEL04-SP";"UOP01-DEL04-SP"
333100;2021-01-08;"sexta-feira";"12:30:00";"RS";116;523,9;"PELOTAS";"Velocidade Incompatível";"Tombamento";"Com Vítimas Fatais";"Pleno dia";"Decrescente";"Céu Claro";"Simples";"Rotatória";"Não";2;1;0;0;0;1;0;2;-31,72552073;-52,38313437;"SPRF-RS";"DEL07-RS";"UOP01-DEL07-RS"
333101;2021-01-08;"sexta-feira";"10:37:00";"MG";262;823,5;"UBERABA";"Reação tardia ou ineficiente do condutor";"Colisão lateral mesmo sentido";"Com Vítimas Feridas";"Pleno dia";"Decrescente";"Céu Claro";"Dupla";"Reta";"Não";2;0;1;0;1;0;1;2;-19,75760422;-48,1522031;"SPRF-MG";"DEL13-MG";"UOP01-DEL13-MG"
333102;2021-01-08;"sexta-feira";"12:50:00";"RJ";116;306;"RESENDE";"Problema com o freio";"Engavetamento";"Sem Vítimas";"Pleno dia";"Crescente";"Céu Claro";"Dupla";"Reta";"Não";4;0;0;0;4;0;0;3;-22,45645538;-44,40259093;"SPRF-RJ";"DEL07-RJ";"UOP02-DEL07-RJ"
333107;2021-01-08;"sexta-feira";"12:20:00";"SP";116;103,2;"TAUBATE";"Manobra de mudança de faixa";"Colisão com objeto";"Com Vítimas Feridas";"Pleno dia";"Decrescente";"Nublado";"Dupla";"Reta";"Não";2;0;2;0;0;0;2;1;-22,99919465;-45,49788917;"SPRF-SP";"DEL02-SP";"UOP02-DEL02-SP"
333112;2021-01-08;"sexta-feira";"13:56:00";"CE";116;63,5;"CHOROZINHO";"Transitar na contramão";"Colisão frontal";"Com Vítimas Fatais";"Pleno dia";"Crescente";"Céu Claro";"Simples";"Reta";"Não";9;1;1;1;5;1;2;3;-4,2726331773;-38,491591437;"SPRF-CE";"DEL03-CE";"UOP02-DEL03-CE"
333113;2021-01-08;"sexta-feira";"08:15:00";"MG";153;113,4;"PRATA";"Ausência de reação do condutor";"Colisão lateral sentido oposto";"Com Vítimas Feridas";"Pleno dia";"Crescente";"Céu Claro";"Simples";"Reta";"Não";4;0;1;0;2;1;1;3;-19,34053794;-48,90019179;"SPRF-MG";"DEL15-MG";"UOP03-DEL15-MG"
333114;2021-01-08;"sexta-feira";"14:40:00";"PR";376;525;"PONTA GROSSA";"Velocidade Incompatível";"Colisão lateral mesmo sentido";"Com Vítimas Fatais";"Pleno dia";"Decrescente";"Nublado";"Dupla";"Curva;Declive";"Não";3;1;0;0;1;4;0;6;-25,2695646;-49,9375481;"SPRF-PR";"DEL03-PR";"UOP04-DEL03-PR"
333121;2021-01-08;"sexta-feira";"14:45:00";"MG";381;481,8;"CONTAGEM";"Reação tardia ou ineficiente do condutor";"Colisão traseira";"Com Vítimas Feridas";"Pleno dia";"Crescente";"Sol";"Múltipla";"Reta";"Sim";3;0;1;0;2;0;1;3;-19,95931561;-44,08825597;"SPRF-MG";"DEL01-MG";"UOP03-DEL01-MG"