"id";"data_inversa";"dia_semana";"horario";"uf";"br";"km";"municipio";"causa_acidente";"tipo_acidente";"classificacao_acidente";"fase_dia";"sentido_via";"condicao_metereologica";"tipo_pista";"tracado_via";"uso_solo";"pessoas";"mortos";"feridos_leves";"feridos_graves";"ilesos";"ignorados";"feridos";"veiculos";"latitude";"longitude";"regional";"delegacia";"uop"
333129;2021-01-08;"sexta-feira";"14:40:00";"MT";163;869;"SINOP";"Avarias e/ou desgaste excessivo no pneu";"Colisão com objeto";"Sem Vítimas";"Pleno dia";"Crescente";"Nublado";"Simples";"Reta";"Não";3;0;0;0;2;1;0;2;-11,569933;-55,410768;"SPRF-MT";"DEL06-MT";"NPF/DEL06-MT"
333130;2021-01-08;"sexta-feira";"16:05:00";"RN";405;73,7;"APODI";"Demais falhas mecânicas ou elétricas";"Colisão com objeto";"Com Vítimas Feridas";"Pleno dia";"Decrescente";"Céu Claro";"Simples";"Reta";"Não";2;0;0;1;1;0;1;2;-5,6262269;-37,79782904;"SPRF-RN";"DEL04-RN";"UOP02-DEL04-RN"
333131;2021-01-08;"sexta-feira";"14:00:00";"RS";290;296;"CACHOEIRA DO SUL";"Reação tardia ou ineficiente do condutor";"Colisão lateral";"Sem Vítimas";"Pleno dia";"Decrescente";"Céu Claro";"Simples";"Reta;Ponte";"Não";3;0;0;0;2;1;0;3;-30,31208933;-53,18181407;"SPRF-RS";"DEL02-RS";"UOP03-DEL02-RS"
333134;2021-01-08;"sexta-feira";"14:30:00";"MT";163;630;"NOVA MUTUM";"Condutor deixou de manter distância do veículo da frente";"Colisão traseira";"Com Vítimas Feridas";"Pleno dia";"Crescente";"Céu Claro";"Simples";"Reta";"Não";3;0;1;0;1;6;1;8;-13,64698704;-56,03553852;"SPRF-MT";"DEL01-MT";"UOP01-DEL01-MT"
333136;2021-01-08;"sexta-feira";"15:30:00";"BA";101;109;"ALAGOINHAS";"Condutor deixou de manter distância do veículo da frente";"Engavetamento";"Com Vítimas Feridas";"Pleno dia";"Decrescente";"Céu Claro";"Simples";"Reta";"Sim";5;0;1;0;3;1;1;4;-12,16492;-38,477026;"SPRF-BA";"DEL01-BA";"UOP04-DEL01-BA"
333140;2021-01-08;"sexta-feira";"16:10:00";"MG";381;487,9;"BETIM";"Velocidade Incompatível";"Colisão traseira";"Com Vítimas Feridas";"Pleno dia";"Decrescente";"Sol";"Múltipla";"Reta;Declive";"Sim";5;0;2;0;3;0;2;5;-19,95586853;-44,14609501;"SPRF-MG";"DEL01-MG";"UOP03-DEL01-MG"
333144;2021-01-08;"sexta-feira";"16:15:00";"PE";101;67;"RECIFE";"Acessar a via sem observar a presença dos outros veículos";"Colisão lateral mesmo sentido";"Sem Vítimas";"Pleno dia";"Crescente";"Céu Claro";"Dupla";"Interseção de Vias";"Sim";2;0;0;0;2;0;0;2;-8,042334;-34,943096;"SPRF-PE";"DEL01-PE";"UOP01-DEL01-PE"
333148;2021-01-08;"sexta-feira";"16:00:00";"PR";373;423,3;"CANDOI";"Ausência de reação do condutor";"Colisão traseira";"Com Vítimas Feridas";"Pleno dia";"Decrescente";"Nublado";"Simples";"Reta";"Não";3;0;1;0;1;2;1;4;-25,71232557;-52,18855619;"SPRF-PR";"DEL08-PR";"UOP01-DEL08-PR"
333151;2021-01-08;"sexta-feira";"16:50:00";"SP";116;565;"BARRA DO TURVO";"Reação tardia ou ineficiente do condutor";"Colisão traseira";"Com Vítimas Feridas";"Anoitecer";"Crescente";"Chuva";"Dupla";"Curva";"Não";3;0;0;1;1;1;1;3;-25,0358686;-48,54404396;"SPRF-SP";"DEL05-SP";"UOP02-DEL05-SP"
333153;2021-01-08;"sexta-feira";"15:50:00";"MS";163;41;"ELDORADO";"Ausência de reação do condutor";"Tombamento";"Com Vítimas Feridas";"Pleno dia";"Decrescente";"Nublado";"Simples";"Rotatória;Interseção de Vias";"Sim";2;0;1;0;1;0;1;1;-23,78038392;-54,2770967;"SPRF-MS";"DEL09-MS";"UOP02-DEL09-MS"
333157;2021-01-08;"sexta-feira";"16:20:00";"MG";116;275,8;"TEOFILO OTONI";"Condutor deixou de manter distância do veículo da frente";"Colisão lateral mesmo sentido";"Com Vítimas Feridas";"Pleno dia";"Crescente";"Céu Claro";"Simples";"Reta";"Sim";2;0;1;0;1;0;1;2;-17,84235093;-41,51410418;"SPRF-MG";"DEL11-MG";"UOP01-DEL11-MG"
333167;2021-01-08;"sexta-feira";"17:30:00";"BA";110;140;"CICERO DANTAS";"Acessar a via sem observar a presença dos outros veículos";"Colisão transversal";"Com Vítimas Fatais";"Plena Noite";"Crescente";"Céu Claro";"Simples";"Interseção de Vias";"Sim";2;1;0;0;1;0;0;2;-10,59447096;-38,38142395;"SPRF-BA";"DEL07-BA";"UOP02-DEL07-BA"
333180;2021-01-08;"sexta-feira";"19:00:00";"RS";290;99;"PORTO ALEGRE";"Demais falhas mecânicas ou elétricas";"Engavetamento";"Sem Vítimas";"Pleno dia";"Crescente";"Céu Claro";"Dupla";"Reta";"Não";3;0;0;0;3;0;0;3;-29,991756;-51,22699;"SPRF-RS";"DEL01-RS";"UOP01-DEL01-RS"
333184;2021-01-08;"sexta-feira";"16:35:00";"SC";101;151;"ITAPEMA";"Acessar a via sem observar a presença dos outros veículos";"Colisão lateral";"Com Vítimas Feridas";"Pleno dia";"Crescente";"Céu Claro";"Dupla";"Reta";"Não";3;0;1;0;2;0;1;2;-27,126536;-48,609642;"SPRF-SC";"DEL04-SC";"UOP03-DEL04-SC"
333209;2021-01-08;"sexta-feira";"15:50:00";"CE";116;54;"PACAJUS";"Demais falhas na via";"Capotamento";"Com Vítimas Feridas";"Pleno dia";"Decrescente";"Céu Claro";"Dupla";"Curva";"Sim";2;0;1;0;0;1;1;2;-4,19566554;-38,47123658;"SPRF-CE";"DEL03-CE";"UOP02-DEL03-CE"
333211;2021-01-08;"sexta-feira";"18:00:00";"MA";222;597;"ACAILANDIA";"Reação tardia ou ineficiente do condutor";"Saída de leito carroçável";"Sem Vítimas";"Pleno dia";"Crescente";"Chuva";"Simples";"Reta";"Não";1;0;0;0;1;0;0;1;-4,58661194;-46,91864404;"SPRF-MA";"DEL04-MA";"UOP03-DEL04-MA"
333213;2021-01-08;"sexta-feira";"15:00:00";"BA";242;604,4;"MUQUEM DE SAO FRANCISCO";"Ausência de reação do condutor";"Tombamento";"Sem Vítimas";"Pleno dia";"Decrescente";"Céu Claro";"Simples";"Curva";"Não";1;0;0;0;1;0;0;1;-12,153104;-43,380238;"SPRF-BA";"DEL06-BA";"UOP03-DEL06-BA"
333214;2021-01-08;"sexta-feira";"19:10:00";"PR";116;7;"CAMPINA GRANDE DO SUL";"Velocidade Incompatível";"Colisão lateral";"Sem Vítimas";"Anoitecer";"Crescente";"Chuva";"Dupla";"Curva";"Não";2;0;0;0;2;0;0;2;-25,08235366;-48,61499799;"SPRF-PR";"DEL01-PR";"UOP02-DEL01-PR"
333223;2021-01-08;"sexta-feira";"19:30:00";"MG";116;227,1;"TEOFILO OTONI";"Demais falhas mecânicas ou elétricas";"Incêndio";"Sem Vítimas";"Plena Noite";"Decrescente";"Céu Claro";"Simples";"Reta";"Não";3;0;0;0;1;3;0;4;-17,46149;-41,496773;"SPRF-MG";"DEL11-MG";"UOP01-DEL11-MG"
333227;2021-01-08;"sexta-feira";"23:20:00";"MG";365;437;"GUIMARANIA";"Condutor Dormindo";"Colisão lateral";"Sem Vítimas";"Plena Noite";"Crescente";"Céu Claro";"Simples";"Reta";"Não";3;0;0;0;2;1;0;3;-18,78379588;-46,72231423;"SPRF-MG";"DEL10-MG";"UOP01-DEL10-MG"
333228;2021-01-08;"sexta-feira";"18:30:00";"SC";101;137;"BALNEARIO CAMBORIU";"Condutor deixou de manter distância do veículo da frente";"Colisão traseira";"Com Vítimas Feridas";"Anoitecer";"Crescente";"Céu Claro";"Múltipla";"Reta";"Sim";2;0;1;0;1;0;1;2;-27,0157238;-48,61192763;"SPRF-SC";"DEL04-SC";"UOP03-DEL04-SC"
333233;2021-01-09;"sábado";"02:00:00";"MG";381;339,5;"BELA VISTA DE MINAS";"Ingestão de álcool pelo condutor";"Colisão traseira";"Com Vítimas Feridas";"Plena Noite";"Crescente";"Céu Claro";"Simples";"Aclive";"Não";3;0;1;0;1;1;1;3;-19,833665;-43,09613103;"SPRF-MG";"DEL03-MG";"UOP01-DEL03-MG"
333237;2021-01-09;"sábado";"02:10:00";"GO";60;33;"ALEXANIA";"Condutor Dormindo";"Colisão traseira";"Com Vítimas Feridas";"Plena Noite";"Decrescente";"Nublado";"Dupla";"Reta";"Não";6;0;3;1;1;1;4;2;-16,094161;-48,517186;"SPRF-DF";"DEL03-DF";"UOP01-DEL03-DF"
333238;2021-01-09;"sábado";"03:00:00";"SC";101;197;"BIGUACU";"Velocidade Incompatível";"Colisão traseira";"Sem Vítimas";"Plena Noite";"Decrescente";"Nublado";"Dupla";"Reta";"Sim";3;0;0;0;2;2;0;4;-27,51844497;-48,63848496;"SPRF-SC";"DEL01-SC";"UOP01-DEL01-SC"
333240;2021-01-08;"sexta-feira";"22:40:00";"MS";158;176,6;"APARECIDA DO TABOADO";"Iluminação deficiente";"Colisão com objeto";"Sem Vítimas";"Plena Noite";"Crescente";"Céu Claro";"Simples";"Declive;Reta";"Não";4;0;0;0;2;2;0;3;-20,23576038;-51,33193583;"SPRF-MS";"DEL08-MS";"UOP01-DEL08-MS"
333244;2021-01-08;"sexta-feira";"15:10:00";"MS";158;176,8;"APARECIDA DO TABOADO";"Demais falhas mecânicas ou elétricas";"Incêndio";"Sem Vítimas";"Pleno dia";"Decrescente";"Céu Claro";"Simples";"Reta;Declive";"Não";2;0;0;0;1;2;0;3;-20,23576038;-51,33193583;"SPRF-MS";"DEL08-MS";"UOP01-DEL08-MS"
333245;2021-01-09;"sábado";"04:10:00";"RS";386;36,4;"FREDERICO WESTPHALEN";"Condutor Dormindo";"Colisão frontal";"Com Vítimas Feridas";"Plena Noite";"Crescente";"Céu Claro";"Simples";"Reta";"Sim";4;0;0;1;2;2;1;4;-27,38142792;-53,39947701;"SPRF-RS";"DEL08-RS";"UOP02-DEL08-RS"
333252;2021-01-09;"sábado";"04:55:00";"MG";40;438,7;"PARAOPEBA";"Condutor Dormindo";"Colisão traseira";"Com Vítimas Feridas";"Amanhecer";"Decrescente";"Nublado";"Dupla";"Reta";"Não";5;0;1;1;1;4;2;6;-19,24685599;-44,425385;"SPRF-MG";"DEL02-MG";"UOP01-DEL02-MG"
333253;2021-01-09;"sábado";"01:40:00";"MT";364;264,1;"JACIARA";"Velocidade Incompatível";"Tombamento";"Com Vítimas Feridas";"Plena Noite";"Decrescente";"Nublado";"Dupla";"Curva";"Não";2;0;1;0;0;1;1;2;-16,01057325;-54,91344724;"SPRF-MT";"DEL02-MT";"UOP01-DEL02-MT"
333254;2021-01-09;"sábado";"05:10:00";"RJ";116;165;"RIO DE JANEIRO";"Acessar a via sem observar a presença dos outros veículos";"Colisão lateral mesmo sentido";"Com Vítimas Feridas";"Amanhecer";"Decrescente";"Céu Claro";"Dupla";"Reta";"Sim";4;0;1;0;3;0;1;3;-22,81000879;-43,33605409;"SPRF-RJ";"DEL01-RJ";"UOP01-DEL01-RJ"
333260;2021-01-09;"sábado";"01:45:00";"SC";116;105,7;"MONTE CASTELO";"Problema com o freio";"Tombamento";"Sem Vítimas";"Plena Noite";"Decrescente";"Garoa/Chuvisco";"Simples";"Curva";"Não";1;0;0;0;1;0;0;1;-26,75450918;-50,32007217;"SPRF-SC";"DEL06-SC";"UOP02-DEL06-SC"
333261;2021-01-08;"sexta-feira";"22:49:00";"MG";153;126,5;"PRATA";"Condutor usando celular";"Saída de leito carroçável";"Com Vítimas Feridas";"Plena Noite";"Decrescente";"Céu Claro";"Dupla";"Reta";"Não";3;0;1;0;0;2;1;3;-19,47682883;-48,86744499;"SPRF-MG";"DEL15-MG";"UOP03-DEL15-MG"
333262;2021-01-09;"sábado";"04:50:00";"RJ";116;238,5;"PIRAI";"Transitar na contramão";"Colisão transversal";"Sem Vítimas";"Amanhecer";"Crescente";"Nublado";"Dupla";"Aclive";"Não";3;0;0;0;2;1;0;3;-22,66466911;-43,88337304;"SPRF-RJ";"DEL07-RJ";"UOP01-DEL07-RJ"
333263;2021-01-09;"sábado";"05:45:00";"SC";116;79;"MONTE CASTELO";"Condutor Dormindo";"Tombamento";"Com Vítimas Feridas";"Amanhecer";"Decrescente";"Garoa/Chuvisco";"Simples";"Reta;Declive";"Não";2;0;0;1;1;0;1;1;-26,54745004;-50,22398538;"SPRF-SC";"DEL06-SC";"UOP02-DEL06-SC"
333264;2021-01-09;"sábado";"06:00:00";"PE";101;189;"PALMARES";"Acessar a via sem observar a presença dos outros veículos";"Colisão traseira";"Com Vítimas Feridas";"Pleno dia";"Crescente";"Céu Claro";"Dupla";"Reta";"Não";3;0;1;0;1;1;1;3;-8,69036647;-35,60430503;"SPRF-PE";"DEL01-PE";"UOP03-DEL01-PE"
333276;2021-01-09;"sábado";"07:55:00";"MG";251;403;"GRAO MOGOL";"Velocidade Incompatível";"Colisão frontal";"Com Vítimas Feridas";"Pleno dia";"Crescente";"Sol";"Simples";"Reta";"Não";2;0;1;0;1;0;1;2;-16,25112;-42,941188;"SPRF-MG";"DEL12-MG";"UOP01-DEL12-MG"
333282;2021-01-09;"sábado";"08:35:00";"MG";40;465,5;"SETE LAGOAS";"Velocidade Incompatível";"Saída de leito carroçável";"Com Vítimas Feridas";"Pleno dia";"Decrescente";"Chuva";"Dupla";"Reta;Declive";"Não";3;0;2;0;0;1;2;3;-19,43835777;-44,33103681;"SPRF-MG";"DEL02-MG";"UOP01-DEL02-MG"
333283;2021-01-09;"sábado";"06:35:00";"PR";476;240,8;"LAPA";"Velocidade Incompatível";"Tombamento";"Com Vítimas Feridas";"Pleno dia";"Crescente";"Céu Claro";"Simples";"Curva";"Não";2;0;1;0;0;1;1;2;-25,864338;-50,069801;"SPRF-PR";"DEL02-PR";"UOP04-DEL02-PR"
333287;2021-01-09;"sábado";"09:40:00";"RS";116;125,1;"SAO MARCOS";"Condutor Dormindo";"Colisão transversal";"Com Vítimas Feridas";"Pleno dia";"Crescente";"Céu Claro";"Simples";"Reta";"Sim";7;0;2;1;2;2;3;5;-29,02315;-51,092357;"SPRF-RS";"DEL05-RS";"UOP01-DEL05-RS"
333298;2021-01-09;"sábado";"11:22:00";"RS";116;244;"SAO LEOPOLDO";"Acessar a via sem observar a presença dos outros veículos";"Colisão lateral";"Com Vítimas Feridas";"Pleno dia";"Crescente";"Céu Claro";"Simples";"Reta";"Sim";3;0;1;0;1;1;1;3;-29,74088003;-51,15039566;"SPRF-RS";"DEL01-RS";"UOP02-DEL01-RS"
333299;2021-01-09;"sábado";"11:00:00";"CE";222;306;"TIANGUA";"Demais falhas mecânicas ou elétricas";"Incêndio";"Sem Vítimas";"Pleno dia";"Crescente";"Céu Claro";"Simples";"Curva";"Sim";1;0;0;0;1;0;0;1;-3,67476286;-40,96798113;"SPRF-CE";"DEL04-CE";"UOP02-DEL04-CE"
333303;2021-01-09;"sábado";"10:20:00";"MG";40;587;"ITABIRITO";"Acumulo de água sobre o pavimento";"Colisão com objeto";"Com Vítimas Feridas";"Pleno dia";"Decrescente";"Chuva";"Simples";"Curva";"Não";2;0;1;0;0;1;1;2;-20,34858326;-43,92200604;"SPRF-MG";"DEL01-MG";"UOP02-DEL01-MG"
333304;2021-01-09;"sábado";"11:30:00";"ES";101;179;"ARACRUZ";"Ultrapassagem Indevida";"Colisão lateral";"Com Vítimas Feridas";"Pleno dia";"Crescente";"Sol";"Simples";"Reta";"Não";3;0;2;0;1;0;2;2;-19,61640717;-40,21532077;"SPRF-ES";"DEL04-ES";"UOP01-DEL04-ES"
333306;2021-01-09;"sábado";"09:20:00";"PR";277;35;"MORRETES";"Problema com o freio";"Saída de leito carroçável";"Sem Vítimas";"Pleno dia";"Decrescente";"Nublado";"Dupla";"Declive";"Não";1;0;0;0;1;0;0;1;-25,55225338;-48,79892578;"SPRF-PR";"DEL01-PR";"UOP05-DEL01-PR"
333311;2021-01-09;"sábado";"12:15:00";"AL";101;16,5;"NOVO LINO";"Velocidade Incompatível";"Tombamento";"Com Vítimas Feridas";"Pleno dia";"Crescente";"Céu Claro";"Dupla";"Reta";"Não";2;0;0;1;0;2;1;3;-8,99730698;-35,6760262;"SPRF-AL";"DEL01-AL";"UOP02-DEL01-AL"
333319;2021-01-09;"sábado";"10:10:00";"PR";116;192,4;"CAMPO DO TENENTE";"Reação tardia ou ineficiente do condutor";"Colisão traseira";"Sem Vítimas";"Pleno dia";"Decrescente";"Céu Claro";"Simples";"Reta";"Não";3;0;0;0;2;1;0;2;-25,97108314;-49,65958078;"SPRF-SC";"DEL06-SC";"UOP01-DEL06-SC"
333323;2021-01-09;"sábado";"11:40:00";"MG";153;211,9;"FRUTAL";"Reação tardia ou ineficiente do condutor";"Colisão lateral";"Sem Vítimas";"Pleno dia";"Crescente";"Céu Claro";"Simples";"Reta";"Não";3;0;0;0;2;6;0;8;-20,08067592;-49,07784813;"SPRF-MG";"DEL13-MG";"UOP02-DEL13-MG"
333329;2021-01-09;"sábado";"12:55:00";"MS";163;221,5;"CAARAPO";"Mal súbito do condutor";"Colisão frontal";"Com Vítimas Fatais";"Pleno dia";"Crescente";"Céu Claro";"Simples";"Aclive";"Não";3;1;0;0;1;2;0;4;-22,53285791;-54,85002889;"SPRF-MS";"DEL04-MS";"UOP02-DEL04-MS"
333341;2021-01-09;"sábado";"14:00:00";"MA";222;673;"ACAILANDIA";"Ausência de reação do condutor";"Colisão frontal";"Com Vítimas Feridas";"Pleno dia";"Decrescente";"Céu Claro";"Simples";"Reta;Declive";"Sim";4;0;0;2;1;3;2;5;-4,94878;-47,479195;"SPRF-MA";"DEL04-MA";"UOP03-DEL04-MA"
333347;2021-01-09;"sábado";"15:45:00";"TO";153;184;"NOVA OLINDA";"Transitar na contramão";"Colisão lateral";"Com Vítimas Fatais";"Pleno dia";"Crescente";"Sol";"Simples";"Reta";"Não";7;1;2;2;1;2;4;5;-7,51327207;-48,39265684;"SPRF-TO";"DEL02-TO";"UOP01-DEL02-TO"
333354;2021-01-09;"sábado";"11:50:00";"MA";316;216,9;"GOVERNADOR NEWTON BELLO";"Manobra de mudança de faixa";"Colisão lateral sentido oposto";"Com Vítimas Feridas";"Pleno dia";"Crescente";"Sol";"Simples";"Reta";"Não";4;0;2;1;1;0;3;2;-3,439641;-45,67065;"SPRF-MA";"DEL02-MA";"UOP01-DEL02-MA"
333366;2021-01-09;"sábado";"17:10:00";"BA";242;715;"CRISTOPOLIS";"Pista Escorregadia";"Saída de leito carroçável";"Sem Vítimas";"Anoitecer";"Crescente";"Chuva";"Simples";"Reta";"Não";3;0;0;0;2;2;0;3;-12,22241559;-44,133708;"SPRF-BA";"DEL06-BA";"UOP03-DEL06-BA"
333372;2021-01-09;"sábado";"15:30:00";"MG";356;264,8;"MURIAE";"Reação tardia ou ineficiente do condutor";"Colisão traseira";"Com Vítimas Feridas";"Pleno dia";"Crescente";"Nublado";"Simples";"Reta";"Sim";3;0;1;0;1;1;1;3;-21,12552649;-42,37547729;"SPRF-MG";"DEL07-MG";"UOP02-DEL07-MG"
333374;2021-01-09;"sábado";"15:45:00";"MG";262;586,8;"CAMPOS ALTOS";"Velocidade Incompatível";"Colisão transversal";"Sem Vítimas";"Pleno dia";"Crescente";"Chuva";"Simples";"Curva";"Não";3;0;0;0;2;3;0;5;-19,66225488;-46,10030694;"SPRF-MG";"DEL08-MG";"UOP02-DEL08-MG"
333379;2021-01-09;"sábado";"16:25:00";"MG";262;586;"CAMPOS ALTOS";"Velocidade Incompatível";"Colisão transversal";"Sem Vítimas";"Pleno dia";"Decrescente";"Chuva";"Simples";"Reta";"Não";4;0;0;0;3;1;0;4;-19,66225488;-46,10030694;"SPRF-MG";"DEL08-MG";"UOP02-DEL08-MG"
333395;2021-01-09;"sábado";"19:30:00";"AL";101;25,9;"JOAQUIM GOMES";"Transitar na contramão";"Colisão frontal";"Sem Vítimas";"Plena Noite";"Crescente";"Céu Claro";"Simples";"Reta";"Sim";2;0;0;0;1;1;0;2;-9,060394;-35,724931;"SPRF-AL";"DEL01-AL";"UOP02-DEL01-AL"
333397;2021-01-09;"sábado";"19:35:00";"SP";116;38,5;"CACHOEIRA PAULISTA";"Ingestão de álcool pelo condutor";"Colisão com objeto";"Sem Vítimas";"Plena Noite";"Decrescente";"Nublado";"Dupla";"Curva;Ponte";"Não";3;0;0;0;2;1;0;3;-22,67005395;-44,99101632;"SPRF-SP";"DEL08-SP";"UOP02-DEL08-SP"
333420;2021-01-08;"sexta-feira";"20:30:00";"RJ";393;136;"SAPUCAIA";"Reação tardia ou ineficiente do condutor";"Colisão frontal";"Sem Vítimas";"Plena Noite";"Crescente";"Chuva";"Simples";"Curva";"Sim";2;0;0;0;2;0;0;2;-21,99441468;-42,91350614;"SPRF-RJ";"DEL05-RJ";"UOP01-DEL05-RJ"
333422;2021-01-09;"sábado";"21:10:00";"BA";407;226;"CAPIM GROSSO";"Demais falhas mecânicas ou elétricas";"Incêndio";"Sem Vítimas";"Plena Noite";"Crescente";"Céu Claro";"Simples";"Reta";"Não";2;0;0;0;1;1;0;2;-11,32211594;-40,01750747;"SPRF-BA";"DEL04-BA";"UOP02-DEL04-BA"
333451;2021-01-09;"sábado";"23:15:00";"TO";153;557;"OLIVEIRA DE FATIMA";"Desrespeitar a preferência no cruzamento";"Colisão transversal";"Com Vítimas Fatais";"Plena Noite";"Decrescente";"Céu Claro";"Simples";"Reta;Interseção de Vias";"Não";3;1;0;0;1;1;0;3;-10,71354899;-48,90512189;"SPRF-TO";"DEL01-TO";"UOP01-DEL01-TO"
333456;2021-01-09;"sábado";"22:30:00";"MG";116;9,9;"DIVISA ALEGRE";"Condutor Dormindo";"Tombamento";"Com Vítimas Feridas";"Plena Noite";"Crescente";"Céu Claro";"Simples";"Reta";"Não";2;0;1;0;0;1;1;2;-15,78393094;-41,34012643;"SPRF-BA";"DEL08-BA";"UOP03-DEL08-BA"
333457;2021-01-09;"sábado";"22:00:00";"PR";376;169,7;"MARINGA";"Desrespeitar a preferência no cruzamento";"Colisão transversal";"Com Vítimas Feridas";"Plena Noite";"Crescente";"Céu Claro";"Dupla";"Reta";"Não";3;0;0;1;1;1;1;3;-23,40330152;-51,99652612;"SPRF-PR";"DEL09-PR";"UOP01-DEL09-PR"
333462;2021-01-10;"domingo";"00:00:00";"SC";470;223;"SAO CRISTOVAO DO SUL";"Acumulo de água sobre o pavimento";"Saída de leito carroçável";"Sem Vítimas";"Plena Noite";"Decrescente";"Chuva";"Simples";"Declive";"Não";2;0;0;0;1;1;0;2;-27,319908;-50,336388;"SPRF-SC";"DEL05-SC";"UOP03-DEL05-SC"
333465;2021-01-10;"domingo";"01:40:00";"MG";251;473;"FRANCISCO SA";"Velocidade Incompatível";"Tombamento";"Sem Vítimas";"Plena Noite";"Crescente";"Chuva";"Simples";"Reta";"Não";2;0;0;0;1;1;0;2;-16,47012768;-43,44753404;"SPRF-MG";"DEL12-MG";"UOP01-DEL12-MG"
333471;2021-01-09;"sábado";"18:30:00";"PI";135;434;"MONTE ALEGRE DO PIAUI";"Reação tardia ou ineficiente do condutor";"Tombamento";"Com Vítimas Feridas";"Plena Noite";"Decrescente";"Céu Claro";"Simples";"Reta";"Não";2;0;1;0;0;1;1;2;-9,56382604;-44,77636798;"SPRF-PI";"DEL03-PI";"UOP02-DEL03-PI"
333484;2021-01-10;"domingo";"05:30:00";"MG";50;54;"ARAGUARI";"Reação tardia ou ineficiente do condutor";"Tombamento";"Com Vítimas Feridas";"Amanhecer";"Crescente";"Nublado";"Dupla";"Curva";"Não";4;0;3;0;0;1;3;2;-18,76664393;-48,24409132;"SPRF-MG";"DEL15-MG";"UOP02-DEL15-MG"
333486;2021-01-10;"domingo";"04:00:00";"PR";373;197,1;"PONTA GROSSA";"Acessar a via sem observar a presença dos outros veículos";"Atropelamento de Pedestre";"Com Vítimas Fatais";"Plena Noite";"Crescente";"Nublado";"Simples";"Ponte";"Não";2;1;0;0;1;0;0;2;-25,07625276;-50,39034627;"SPRF-PR";"DEL03-PR";"UOP04-DEL03-PR"
333489;2021-01-10;"domingo";"05:30:00";"DF";80;9,9;"BRASILIA";"Velocidade Incompatível";"Capotamento";"Sem Vítimas";"Pleno dia";"Crescente";"Céu Claro";"Dupla";"Reta";"Não";1;0;0;0;1;0;0;1;-15,731064;-48,159393;"SPRF-DF";"DEL03-DF";"UOP02-DEL03-DF"
333508;2021-01-10;"domingo";"06:00:00";"MT";174;412;"NOVA LACERDA";"Condutor deixou de manter distância do veículo da frente";"Colisão traseira";"Sem Vítimas";"Pleno dia";"Crescente";"Céu Claro";"Simples";"Reta";"Não";2;0;0;0;1;1;0;2;-14,29596029;-59,6763075;"SPRF-MT";"DEL04-MT";"UOP01-DEL04-MT"
333509;2021-01-10;"domingo";"08:00:00";"PE";316;355;"PETROLANDIA";"Ultrapassagem Indevida";"Colisão frontal";"Com Vítimas Feridas";"Pleno dia";"Crescente";"Céu Claro";"Simples";"Reta";"Não";7;0;0;4;1;2;4;4;-8,89140761;-38,25779483;"SPRF-PE";"DEL04-PE";"UOP03-DEL04-PE"
333542;2021-01-10;"domingo";"12:00:00";"PR";277;446;"LARANJEIRAS DO SUL";"Desrespeitar a preferência no cruzamento";"Colisão transversal";"Com Vítimas Feridas";"Pleno dia";"Crescente";"Céu Claro";"Simples";"Reta";"Não";5;0;3;0;1;1;3;3;-25,37128515;-52,31179997;"SPRF-PR";"DEL04-PR";"UOP02-DEL04-PR"
333560;2021-01-10;"domingo";"11:30:00";"MT";364;243,5;"JUSCIMEIRA";"Ingestão de álcool pelo condutor";"Derramamento de carga";"Sem Vítimas";"Pleno dia";"Decrescente";"Céu Claro";"Dupla";"Reta";"Não";2;0;0;0;1;2;0;3;-16,15552902;-54,80054001;"SPRF-MT";"DEL02-MT";"UOP01-DEL02-MT"
333569;2021-01-10;"domingo";"14:10:00";"RN";304;210;"CAICARA DO RIO DO VENTO";"Manobra de mudança de faixa";"Colisão frontal";"Com Vítimas Feridas";"Pleno dia";"Decrescente";"Céu Claro";"Simples";"Reta";"Não";3;0;1;0;2;0;1;3;-5,74488655;-36,0775249;"SPRF-RN";"DEL01-RN";"UOP03-DEL01-RN"
333573;2021-01-10;"domingo";"08:40:00";"GO";364;192;"JATAI";"Acessar a via sem observar a presença dos outros veículos";"Colisão transversal";"Com Vítimas Feridas";"Pleno dia";"Decrescente";"Céu Claro";"Simples";"Interseção de Vias";"Não";3;0;1;0;1;2;1;4;-17,922094;-51,69062;"SPRF-GO";"DEL05-GO";"UOP01-DEL05-GO"
333574;2021-01-10;"domingo";"15:15:00";"ES";101;296,2;"CARIACICA";"Carga excessiva e/ou mal acondicionada";"Derramamento de carga";"Sem Vítimas";"Pleno dia";"Crescente";"Sol";"Dupla";"Curva";"Sim";2;0;0;0;1;2;0;3;-20,34029997;-40,40405712;"SPRF-ES";"DEL01-ES";"UOP01-DEL01-ES"
333575;2021-01-10;"domingo";"16:15:00";"SC";101;199,3;"SAO JOSE";"Reação tardia ou ineficiente do condutor";"Colisão lateral";"Sem Vítimas";"Pleno dia";"Crescente";"Sol";"Simples";"Reta";"Sim";2;0;0;0;2;0;0;2;-27,53413705;-48,63003205;"SPRF-SC";"DEL01-SC";"UOP01-DEL01-SC"
333577;2021-01-10;"domingo";"16:26:00";"SP";116;123;"CACAPAVA";"Condutor deixou de manter distância do veículo da frente";"Colisão traseira";"Com Vítimas Feridas";"Pleno dia";"Decrescente";"Chuva";"Dupla";"Reta";"Não";5;0;1;0;3;1;1;3;-23,08754228;-45,66969781;"SPRF-SP";"DEL02-SP";"UOP02-DEL02-SP"
333584;2021-01-10;"domingo";"08:45:00";"MG";50;3;"ARAGUARI";"Chuva";"Saída de leito carroçável";"Com Vítimas Feridas";"Pleno dia";"Crescente";"Chuva";"Dupla";"Reta";"Não";1;0;1;0;0;0;1;1;-18,44503579;-48,0519047;"SPRF-MG";"DEL15-MG";"UOP02-DEL15-MG"