"id";"data_inversa";"dia_semana";"horario";"uf";"br";"km";"municipio";"causa_acidente";"tipo_acidente";"classificacao_acidente";"fase_dia";"sentido_via";"condicao_metereologica";"tipo_pista";"tracado_via";"uso_solo";"pessoas";"mortos";"feridos_leves";"feridos_graves";"ilesos";"ignorados";"feridos";"veiculos";"latitude";"longitude";"regional";"delegacia";"uop"
334334;2021-01-14;"quinta-feira";"10:00:00";"GO";153;529;"HIDROLANDIA";"Avarias e/ou desgaste excessivo no pneu";"Capotamento";"Com Vítimas Feridas";"Pleno dia";"Crescente";"Céu Claro";"Dupla";"Reta";"Não";3;0;1;0;2;0;1;1;-16,9457;-49,2511;"SPRF-GO";"DEL01-GO";"UOP03-DEL01-GO"
334344;2021-01-14;"quinta-feira";"08:30:00";"MT";70;528,5;"VARZEA GRANDE";"Ultrapassagem Indevida";"Colisão lateral";"Com Vítimas Feridas";"Pleno dia";"Crescente";"Céu Claro";"Dupla";"Reta";"Não";3;0;2;0;1;0;2;2;-15,65080858;-56,19747162;"SPRF-MT";"DEL01-MT";"UOP02-DEL01-MT"
334350;2021-01-14;"quinta-feira";"11:55:00";"RS";116;150,5;"CAXIAS DO SUL";"Manobra de mudança de faixa";"Colisão lateral";"Com Vítimas Feridas";"Pleno dia";"Crescente";"Céu Claro";"Dupla";"Reta";"Sim";3;0;0;1;1;1;1;3;-29,1728003;-51,16081457;"SPRF-RS";"DEL05-RS";"UOP01-DEL05-RS"
334358;2021-01-14;"quinta-feira";"10:10:00";"MG";381;362;"JOAO MONLEVADE";"Velocidade Incompatível";"Tombamento";"Com Vítimas Feridas";"Pleno dia";"Crescente";"Céu Claro";"Simples";"Em Obras;Desvio Temporário;Túnel;Viaduto;Ponte;Retorno Regulamentado";"Não";1;0;1;0;0;0;1;1;-19,85643939;-43,24280693;"SPRF-MG";"DEL03-MG";"UOP01-DEL03-MG"
334359;2021-01-14;"quinta-feira";"12:20:00";"RJ";393;182;"PARAIBA DO SUL";"Desrespeitar a preferência no cruzamento";"Colisão transversal";"Com Vítimas Fatais";"Pleno dia";"Crescente";"Céu Claro";"Simples";"Rotatória";"Sim";3;1;0;0;2;0;0;2;-22,1408777152;-43,2591539708;"SPRF-RJ";"DEL05-RJ";"UOP03-DEL05-RJ"
334367;2021-01-14;"quinta-feira";"13:10:00";"PA";316;49;"SANTA IZABEL DO PARA";"Reação tardia ou ineficiente do condutor";"Saída de leito carroçável";"Com Vítimas Feridas";"Pleno dia";"Decrescente";"Céu Claro";"Dupla";"Reta";"Sim";3;0;1;0;2;0;1;1;-1,29792183;-48,04943584;"SPRF-PA";"DEL01-PA";"UOP01-DEL01-PA"
334368;2021-01-14;"quinta-feira";"12:05:00";"RN";304;152,8;"ANGICOS";"Ultrapassagem Indevida";"Colisão frontal";"Com Vítimas Feridas";"Pleno dia";"Decrescente";"Sol";"Simples";"Reta";"Não";7;0;2;3;1;1;5;3;-5,694261;-36,572603;"SPRF-RN";"DEL04-RN";"UOP01-DEL04-RN"
334374;2021-01-14;"quinta-feira";"14:20:00";"PE";232;101,7;"BEZERROS";"Mal súbito do condutor";"Colisão traseira";"Com Vítimas Feridas";"Pleno dia";"Decrescente";"Céu Claro";"Dupla";"Declive;Reta";"Sim";3;0;2;0;1;0;2;2;-8,24194679;-35,75097313;"SPRF-PE";"DEL02-PE";"UOP02-DEL02PE"
334375;2021-01-14;"quinta-feira";"10:20:00";"GO";153;221;"URUACU";"Acessar a via sem observar a presença dos outros veículos";"Colisão transversal";"Com Vítimas Fatais";"Pleno dia";"Decrescente";"Nublado";"Simples";"Reta";"Não";5;1;0;1;1;2;1;3;-14,695509;-49,215439;"SPRF-GO";"DEL07-GO";"UOP02-DEL07-GO"
334378;2021-01-14;"quinta-feira";"15:27:00";"PE";101;48,5;"ABREU E LIMA";"Manobra de mudança de faixa";"Colisão lateral mesmo sentido";"Com Vítimas Feridas";"Pleno dia";"Decrescente";"Céu Claro";"Múltipla";"Reta";"Sim";3;0;1;0;0;2;1;3;-7,89174705;-34,9033493;"SPRF-PE";"DEL01-PE";"UOP02-DEL01-PE"
334382;2021-01-14;"quinta-feira";"15:00:00";"GO";20;212,3;"POSSE";"Manobra de mudança de faixa";"Colisão transversal";"Com Vítimas Fatais";"Pleno dia";"Decrescente";"Chuva";"Simples";"Reta";"Não";6;2;1;0;2;1;1;4;-14,259401;-46,365856;"SPRF-DF";"DEL02-DF";"UOP03-DEL02-DF"
334384;2021-01-14;"quinta-feira";"16:03:00";"AL";101;89;"RIO LARGO";"Velocidade Incompatível";"Tombamento";"Com Vítimas Feridas";"Pleno dia";"Crescente";"Céu Claro";"Dupla";"Declive";"Não";3;0;1;0;0;2;1;2;-9,49037062;-35,89829517;"SPRF-AL";"DEL01-AL";"UOP01-DEL01-AL"
334386;2021-01-14;"quinta-feira";"15:40:00";"SP";116;313,5;"SAO LOURENCO DA SERRA";"Manobra de mudança de faixa";"Colisão lateral mesmo sentido";"Com Vítimas Feridas";"Pleno dia";"Decrescente";"Céu Claro";"Dupla";"Reta";"Não";5;0;2;0;3;0;2;2;-23,890935;-46,982304;"SPRF-SP";"DEL04-SP";"UOP01-DEL04-SP"
334388;2021-01-14;"quinta-feira";"16:00:00";"BA";110;304,3;"INHAMBUPE";"Acostamento em desnível";"Tombamento";"Com Vítimas Feridas";"Pleno dia";"Decrescente";"Céu Claro";"Simples";"Reta";"Sim";1;0;1;0;0;0;1;1;-11,94270591;-38,36817053;"SPRF-BA";"DEL01-BA";"UOP04-DEL01-BA"
334410;2021-01-14;"quinta-feira";"18:10:00";"SP";116;37,8;"CACHOEIRA PAULISTA";"Chuva";"Colisão com objeto";"Com Vítimas Feridas";"Pleno dia";"Decrescente";"Chuva";"Dupla";"Curva";"Não";6;0;3;0;2;1;3;5;-22,67005587;-44,99111652;"SPRF-SP";"DEL08-SP";"UOP02-DEL08-SP"
334411;2021-01-14;"quinta-feira";"16:20:00";"MT";70;436;"VARZEA GRANDE";"Manobra de mudança de faixa";"Colisão transversal";"Com Vítimas Feridas";"Pleno dia";"Crescente";"Céu Claro";"Dupla";"Reta";"Não";3;0;1;0;1;1;1;3;-15,6445272;-56,19987488;"SPRF-MT";"DEL05-MT";"UOP02-DEL05-MT"
334414;2021-01-14;"quinta-feira";"15:30:00";"SP";116;567,2;"BARRA DO TURVO";"Chuva";"Colisão com objeto";"Sem Vítimas";"Pleno dia";"Decrescente";"Chuva";"Simples";"Curva";"Não";2;0;0;0;1;2;0;3;-25,05496758;-48,55291843;"SPRF-SP";"DEL05-SP";"UOP02-DEL05-SP"
334417;2021-01-14;"quinta-feira";"20:10:00";"ES";101;298;"VIANA";"Estacionar ou parar em local proibido";"Colisão traseira";"Com Vítimas Feridas";"Plena Noite";"Decrescente";"Céu Claro";"Múltipla";"Reta";"Sim";3;0;0;1;1;1;1;3;-20,35374444;-40,4156433;"SPRF-ES";"DEL01-ES";"UOP01-DEL01-ES"
334421;2021-01-14;"quinta-feira";"22:20:00";"ES";101;257,9;"SERRA";"Condutor deixou de manter distância do veículo da frente";"Colisão com objeto";"Com Vítimas Feridas";"Plena Noite";"Decrescente";"Garoa/Chuvisco";"Dupla";"Aclive";"Sim";3;0;1;0;2;0;1;3;-20,12455095;-40,30331881;"SPRF-ES";"DEL02-ES";"UOP01-DEL02-ES"
334426;2021-01-14;"quinta-feira";"17:15:00";"MT";364;618;"DIAMANTINO";"Desrespeitar a preferência no cruzamento";"Colisão transversal";"Com Vítimas Feridas";"Pleno dia";"Decrescente";"Chuva";"Simples";"Interseção de Vias";"Sim";4;0;1;0;2;1;1;3;-14,36843883;-56,40289849;"SPRF-MT";"DEL01-MT";"UOP01-DEL01-MT"
334434;2021-01-14;"quinta-feira";"09:30:00";"MG";365;622;"UBERLANDIA";"Condutor deixou de manter distância do veículo da frente";"Colisão traseira";"Com Vítimas Feridas";"Pleno dia";"Crescente";"Céu Claro";"Dupla";"Reta";"Sim";2;0;1;0;1;0;1;2;-18,90751667;-48,29937209;"SPRF-MG";"DEL15-MG";"UOP01-DEL15-MG"
334437;2021-01-14;"quinta-feira";"19:10:00";"MA";135;65,1;"SANTA RITA";"Reação tardia ou ineficiente do condutor";"Colisão traseira";"Com Vítimas Fatais";"Plena Noite";"Decrescente";"Céu Claro";"Simples";"Reta";"Não";3;1;0;0;1;1;0;3;-3,09675002;-44,3220647;"SPRF-MA";"DEL01-MA";"UOP02-DEL01-MA"
334446;2021-01-15;"sexta-feira";"01:30:00";"PE";428;61,9;"SANTA MARIA DA BOA VISTA";"Ingestão de álcool pelo condutor";"Colisão lateral";"Com Vítimas Feridas";"Plena Noite";"Crescente";"Céu Claro";"Simples";"Reta";"Não";2;0;1;0;1;0;1;2;-8,63437585;-39,71140213;"SPRF-PE";"DEL06-PE";"UOP03-DEL06-PE"
334447;2021-01-15;"sexta-feira";"01:46:00";"AL";101;148,5;"JEQUIA DA PRAIA";"Velocidade Incompatível";"Derramamento de carga";"Sem Vítimas";"Plena Noite";"Crescente";"Céu Claro";"Dupla";"Curva;Declive";"Não";1;0;0;0;1;0;0;1;-9,88938896;-36,13497986;"SPRF-AL";"DEL02-AL";"UOP01-DEL02-AL"
334458;2021-01-15;"sexta-feira";"05:00:00";"PR";277;608,2;"SANTA TEREZA DO OESTE";"Velocidade Incompatível";"Tombamento";"Com Vítimas Feridas";"Amanhecer";"Decrescente";"Céu Claro";"Simples";"Reta";"Sim";3;0;1;0;1;1;1;3;-25,04299405;-53,60478197;"SPRF-PR";"DEL05-PR";"UOP02-DEL05-PR"
334465;2021-01-15;"sexta-feira";"03:55:00";"RJ";101;184,6;"CASIMIRO DE ABREU";"Ausência de reação do condutor";"Tombamento";"Com Vítimas Feridas";"Plena Noite";"Crescente";"Céu Claro";"Simples";"Curva";"Não";6;0;2;3;0;1;5;2;-22,42827126;-42,02521747;"SPRF-RJ";"DEL08-RJ";"UOP04-DEL08-RJ"
334466;2021-01-14;"quinta-feira";"13:20:00";"RJ";101;228;"SILVA JARDIM";"Ausência de sinalização";"Engavetamento";"Sem Vítimas";"Pleno dia";"Crescente";"Sol";"Dupla";"Em Obras";"Não";4;0;0;0;4;0;0;4;-22,56241824;-42,35993577;"SPRF-RJ";"DEL02-RJ";"UOP03-DEL02-RJ"
334471;2021-01-15;"sexta-feira";"01:30:00";"RS";116;366,4;"TAPES";"Condutor Dormindo";"Saída de leito carroçável";"Sem Vítimas";"Plena Noite";"Decrescente";"Céu Claro";"Dupla";"Reta";"Não";2;0;0;0;1;1;0;2;-30,672995;-51,57052399;"SPRF-RS";"DEL02-RS";"UOP02-DEL02-RS"
334477;2021-01-15;"sexta-feira";"06:15:00";"SC";101;129;"BALNEARIO CAMBORIU";"Ingestão de álcool pelo condutor";"Colisão lateral";"Com Vítimas Feridas";"Pleno dia";"Decrescente";"Garoa/Chuvisco";"Dupla";"Reta";"Não";3;0;1;0;2;0;1;2;-26,98064277;-48,6790679;"SPRF-SC";"DEL04-SC";"UOP03-DEL04-SC"
334478;2021-01-15;"sexta-feira";"07:00:00";"PR";476;164;"ARAUCARIA";"Ultrapassagem Indevida";"Colisão frontal";"Com Vítimas Fatais";"Pleno dia";"Crescente";"Nublado";"Simples";"Reta";"Não";2;1;0;0;1;0;0;2;-25,637207;-49,46769;"SPRF-PR";"DEL01-PR";"UOP03-DEL01-PR"
334482;2021-01-14;"quinta-feira";"17:05:00";"BA";101;360;"WENCESLAU GUIMARAES";"Velocidade Incompatível";"Engavetamento";"Com Vítimas Feridas";"Pleno dia";"Decrescente";"Céu Claro";"Simples";"Declive";"Não";4;0;0;1;3;0;1;4;-13,688407;-39,481354;"SPRF-BA";"DEL05-BA";"UOP03-DEL05-BA"
334486;2021-01-15;"sexta-feira";"06:30:00";"MG";381;340;"BELA VISTA DE MINAS";"Condutor Dormindo";"Colisão com objeto";"Com Vítimas Feridas";"Pleno dia";"Crescente";"Céu Claro";"Simples";"Curva";"Não";2;0;1;0;0;3;1;4;-19,84087497;-43,09635354;"SPRF-MG";"DEL03-MG";"UOP01-DEL03-MG"
334487;2021-01-15;"sexta-feira";"06:30:00";"RJ";116;269;"BARRA MANSA";"Condutor deixou de manter distância do veículo da frente";"Colisão traseira";"Com Vítimas Feridas";"Pleno dia";"Decrescente";"Céu Claro";"Dupla";"Reta";"Sim";4;0;1;0;3;0;1;3;-22,57510092;-44,11542461;"SPRF-RJ";"DEL07-RJ";"UOP02-DEL07-RJ"
334493;2021-01-15;"sexta-feira";"07:30:00";"PB";230;43;"SANTA RITA";"Velocidade Incompatível";"Colisão transversal";"Com Vítimas Feridas";"Pleno dia";"Decrescente";"Garoa/Chuvisco";"Dupla";"Reta";"Não";3;0;1;0;1;1;1;3;-7,1479;-35,0029;"SPRF-PB";"DEL01-PB";"UOP03-DEL01-PB"
334494;2021-01-15;"sexta-feira";"07:20:00";"PR";476;213,4;"LAPA";"Velocidade Incompatível";"Tombamento";"Com Vítimas Feridas";"Pleno dia";"Crescente";"Nublado";"Múltipla";"Curva";"Não";2;0;1;0;0;1;1;2;-25,779312;-49,875546;"SPRF-PR";"DEL02-PR";"UOP04-DEL02-PR"
334498;2021-01-15;"sexta-feira";"08:00:00";"BA";101;861,5;"TEIXEIRA DE FREITAS";"Curva acentuada";"Saída de leito carroçável";"Com Vítimas Feridas";"Pleno dia";"Crescente";"Céu Claro";"Simples";"Curva";"Não";1;0;1;0;0;0;1;1;-17,60630598;-39,75571802;"SPRF-BA";"DEL09-BA";"UOP02-DEL09-BA"
334499;2021-01-03;"domingo";"13:15:00";"GO";60;79,8;"ANAPOLIS";"Reação tardia ou ineficiente do condutor";"Saída de leito carroçável";"Com Vítimas Feridas";"Pleno dia";"Crescente";"Nublado";"Dupla";"Reta;Aclive";"Não";2;0;0;1;1;0;1;2;-16,3007;-48,8128;"SPRF-GO";"DEL02-GO";"UOP01-DEL02-GO"
334502;2021-01-15;"sexta-feira";"02:30:00";"BA";116;514,9;"ITATIM";"Ausência de reação do condutor";"Colisão frontal";"Com Vítimas Feridas";"Amanhecer";"Decrescente";"Nublado";"Simples";"Reta";"Não";3;0;1;0;1;1;1;3;-12,66097682;-39,63011709;"SPRF-BA";"DEL03-BA";"UOP02-DEL03-BA"
334508;2021-01-15;"sexta-feira";"08:20:00";"PR";153;468,1;"PORTO VITORIA";"Manobra de mudança de faixa";"Colisão lateral mesmo sentido";"Com Vítimas Feridas";"Pleno dia";"Decrescente";"Chuva";"Simples";"Curva";"Não";7;0;2;0;4;3;2;6;-26,284846;-51,197056;"SPRF-PR";"DEL02-PR";"UOP03-DEL02-PR"
334510;2021-01-15;"sexta-feira";"08:10:00";"RJ";493;90;"SEROPEDICA";"Demais falhas mecânicas ou elétricas";"Incêndio";"Sem Vítimas";"Pleno dia";"Decrescente";"Sol";"Dupla";"Reta";"Sim";2;0;0;0;1;1;0;2;-22,7286365;-43,71464437;"SPRF-RJ";"DEL03-RJ";"UOP01-DEL03-RJ"
334521;2021-01-02;"sábado";"20:00:00";"MS";262;125,8;"AGUA CLARA";"Manobra de mudança de faixa";"Tombamento";"Com Vítimas Feridas";"Plena Noite";"Crescente";"Céu Claro";"Simples";"Reta";"Não";2;0;1;0;0;1;1;2;-20,49760586;-52,72013697;"SPRF-MS";"DEL07-MS";"UOP02-DEL07-MS"
334535;2021-01-15;"sexta-feira";"09:30:00";"MT";364;198;"RONDONOPOLIS";"Velocidade Incompatível";"Tombamento";"Com Vítimas Feridas";"Pleno dia";"Decrescente";"Céu Claro";"Simples";"Ponte";"Não";2;0;1;0;0;2;1;3;-16,50621198;-54,62294799;"SPRF-MT";"DEL02-MT";"UOP01-DEL02-MT"
334547;2021-01-15;"sexta-feira";"07:05:00";"MA";316;599,4;"TIMON";"Condutor Dormindo";"Saída de leito carroçável";"Com Vítimas Fatais";"Pleno dia";"Decrescente";"Céu Claro";"Simples";"Reta";"Não";4;2;0;0;1;1;0;3;-5,02199697;-42,9723162;"SPRF-MA";"DEL03-MA";"UOP02-DEL03-MA"
334556;2021-01-14;"quinta-feira";"14:00:00";"SC";282;602;"MARAVILHA";"Condutor deixou de manter distância do veículo da frente";"Colisão traseira";"Com Vítimas Feridas";"Pleno dia";"Crescente";"Céu Claro";"Simples";"Reta";"Não";2;0;1;0;0;1;1;2;-26,806049;-53,178757;"SPRF-SC";"DEL07-SC";"UOP02-DEL07-SC"
334558;2021-01-15;"sexta-feira";"13:15:00";"SC";101;39;"JOINVILLE";"Acessar a via sem observar a presença dos outros veículos";"Colisão lateral mesmo sentido";"Com Vítimas Feridas";"Pleno dia";"Decrescente";"Garoa/Chuvisco";"Dupla";"Reta";"Sim";8;0;3;1;4;0;4;2;-26,2628107;-48,90192257;"SPRF-SC";"DEL03-SC";"UOP01-DEL03-SC"
334561;2021-01-15;"sexta-feira";"12:15:00";"SC";101;213,9;"PALHOCA";"Condutor deixou de manter distância do veículo da frente";"Colisão traseira";"Com Vítimas Feridas";"Pleno dia";"Decrescente";"Céu Claro";"Múltipla";"Reta";"Sim";3;0;1;0;1;1;1;3;-27,63697369;-48,66514142;"SPRF-SC";"DEL01-SC";"UOP02-DEL01-SC"
334563;2021-01-15;"sexta-feira";"11:15:00";"MG";50;179,6;"UBERABA";"Pista esburacada";"Tombamento";"Com Vítimas Feridas";"Pleno dia";"Decrescente";"Nublado";"Dupla";"Curva";"Não";2;0;1;0;0;1;1;2;-19,77827047;-47,93140998;"SPRF-MG";"DEL13-MG";"UOP01-DEL13-MG"
334568;2021-01-15;"sexta-feira";"13:40:00";"GO";153;508;"APARECIDA DE GOIANIA";"Chuva";"Colisão lateral";"Com Vítimas Feridas";"Pleno dia";"Crescente";"Chuva";"Dupla";"Reta";"Não";3;0;1;0;2;0;1;2;-16,7804;-49,2371;"SPRF-GO";"DEL01-GO";"UOP03-DEL01-GO"
334572;2021-01-15;"sexta-feira";"13:45:00";"MG";267;67,6;"BICAS";"Velocidade Incompatível";"Saída de leito carroçável";"Com Vítimas Feridas";"Pleno dia";"Decrescente";"Céu Claro";"Simples";"Reta";"Não";1;0;0;1;0;0;1;1;-21,74168329;-43,10661899;"SPRF-MG";"DEL05-MG";"UOP01-DEL05-MG"
334574;2021-01-15;"sexta-feira";"13:30:00";"SC";101;185;"BIGUACU";"Condutor deixou de manter distância do veículo da frente";"Colisão traseira";"Com Vítimas Feridas";"Pleno dia";"Decrescente";"Céu Claro";"Dupla";"Reta";"Sim";2;0;1;0;1;0;1;2;-27,42536698;-48,62465876;"SPRF-SC";"DEL01-SC";"UOP01-DEL01-SC"
334576;2021-01-15;"sexta-feira";"14:50:00";"MG";381;443,4;"SABARA";"Transitar na contramão";"Colisão frontal";"Com Vítimas Fatais";"Pleno dia";"Decrescente";"Céu Claro";"Simples";"Curva";"Sim";3;1;0;0;1;1;0;3;-19,822546;-43,817345;"SPRF-MG";"DEL01-MG";"UOP01-DEL01-MG"
334578;2021-01-15;"sexta-feira";"14:35:00";"MG";381;926;"ITAPEVA";"Acessar a via sem observar a presença dos outros veículos";"Colisão transversal";"Com Vítimas Feridas";"Pleno dia";"Decrescente";"Nublado";"Dupla";"Interseção de Vias";"Sim";5;0;0;1;2;3;1;6;-22,78570092;-46,24148628;"SPRF-MG";"DEL16-MG";"UOP03-DEL16-MG"
334579;2021-01-15;"sexta-feira";"13:05:00";"PE";101;50,9;"ABREU E LIMA";"Pedestre cruzava a pista fora da faixa";"Colisão traseira";"Com Vítimas Feridas";"Pleno dia";"Crescente";"Céu Claro";"Múltipla";"Reta";"Sim";3;0;0;1;1;1;1;3;-7,9169968;-34,89689272;"SPRF-PE";"DEL01-PE";"UOP02-DEL01-PE"
334591;2021-01-15;"sexta-feira";"14:50:00";"PI";343;320;"ALTOS";"Condutor deixou de manter distância do veículo da frente";"Engavetamento";"Com Vítimas Feridas";"Pleno dia";"Decrescente";"Céu Claro";"Simples";"Reta";"Não";7;0;1;0;6;0;1;3;-5,050883;-42,574583;"SPRF-PI";"DEL01-PI";"UOP01-DEL01-PI"
334592;2021-01-15;"sexta-feira";"11:00:00";"PE";316;247;"BELEM DE SAO FRANCISCO";"Ultrapassagem Indevida";"Colisão lateral sentido oposto";"Com Vítimas Feridas";"Pleno dia";"Crescente";"Céu Claro";"Simples";"Declive";"Não";4;0;2;0;1;2;2;4;-8,66553272;-38,99467286;"SPRF-PE";"DEL05-PE";"UOP03-DEL05-PE"
334593;2021-01-15;"sexta-feira";"15:30:00";"RS";386;352,6;"ESTRELA";"Acessar a via sem observar a presença dos outros veículos";"Colisão transversal";"Sem Vítimas";"Pleno dia";"Crescente";"Céu Claro";"Dupla";"Interseção de Vias";"Não";3;0;0;0;1;2;0;3;-29,491436;-51,95174;"SPRF-RS";"DEL04-RS";"UOP02-DEL04-RS"
334606;2021-01-15;"sexta-feira";"17:00:00";"MG";381;659,9;"SANTO ANTONIO DO AMPARO";"Ausência de reação do condutor";"Colisão traseira";"Com Vítimas Feridas";"Pleno dia";"Decrescente";"Nublado";"Dupla";"Reta";"Não";3;0;1;0;1;1;1;3;-21,02449291;-44,99763007;"SPRF-MG";"DEL04-MG";"UOP02-DEL04-MG"
334609;2021-01-15;"sexta-feira";"15:45:00";"PR";153;242,6;"TIBAGI";"Ausência de reação do condutor";"Saída de leito carroçável";"Com Vítimas Feridas";"Pleno dia";"Crescente";"Nublado";"Simples";"Curva";"Não";1;0;1;0;0;0;1;1;-24,80730464;-50,47445297;"SPRF-PR";"DEL03-PR";"UOP02-DEL03-PR"
334611;2021-01-15;"sexta-feira";"17:00:00";"SC";101;94,1;"BARRA VELHA";"Reação tardia ou ineficiente do condutor";"Colisão traseira";"Sem Vítimas";"Pleno dia";"Decrescente";"Nublado";"Dupla";"Reta;Declive";"Não";3;0;0;0;3;0;0;3;-26,70560359;-48,70077252;"SPRF-SC";"DEL03-SC";"UOP02-DEL03-SC"
334615;2021-01-12;"terça-feira";"01:50:00";"RS";392;245,2;"CACAPAVA DO SUL";"Demais falhas mecânicas ou elétricas";"Saída de leito carroçável";"Com Vítimas Feridas";"Plena Noite";"Decrescente";"Nublado";"Simples";"Reta";"Não";2;0;1;0;0;2;1;3;-30,57918234;-53,39586683;"SPRF-RS";"DEL09-RS";"UOP02-DEL09-RS"
334616;2021-01-15;"sexta-feira";"17:10:00";"PR";116;119;"CURITIBA";"Condutor deixou de manter distância do veículo da frente";"Colisão traseira";"Sem Vítimas";"Pleno dia";"Crescente";"Sol";"Dupla";"Reta";"Não";3;0;0;0;3;0;0;3;-25,54456009;-49,30146002;"SPRF-PR";"DEL01-PR";"UOP01-DEL01-PR"
334617;2021-01-15;"sexta-feira";"17:34:00";"DF";20;6;"BRASILIA";"Reação tardia ou ineficiente do condutor";"Colisão traseira";"Com Vítimas Feridas";"Pleno dia";"Crescente";"Céu Claro";"Dupla";"Reta";"Sim";4;0;1;0;3;0;1;2;-15,670546;-47,816044;"SPRF-DF";"DEL02-DF";"UOP01-DEL02-DF"
334620;2021-01-15;"sexta-feira";"17:30:00";"RS";472;184,4;"SANTO CRISTO";"Manobra de mudança de faixa";"Colisão frontal";"Com Vítimas Fatais";"Pleno dia";"Crescente";"Sol";"Simples";"Curva";"Não";2;1;0;0;1;0;0;2;-27,83768781;-54,60186839;"SPRF-RS";"DEL10-RS";"UOP01-DEL10-RS"
334622;2021-01-15;"sexta-feira";"17:20:00";"BA";324;551;"AMELIA RODRIGUES";"Condutor deixou de manter distância do veículo da frente";"Engavetamento";"Com Vítimas Feridas";"Anoitecer";"Decrescente";"Chuva";"Múltipla";"Reta";"Não";5;0;1;0;4;0;1;5;-12,44409807;-38,71821505;"SPRF-BA";"DEL01-BA";"UOP03-DEL01-BA"
334624;2021-01-15;"sexta-feira";"17:35:00";"TO";153;663,8;"GURUPI";"Demais falhas mecânicas ou elétricas";"Colisão com objeto";"Sem Vítimas";"Pleno dia";"Decrescente";"Céu Claro";"Simples";"Aclive;Reta";"Não";2;0;0;0;1;3;0;4;-11,67487726;-49,065173;"SPRF-TO";"DEL01-TO";"UOP02-DEL01-TO"
334635;2021-01-15;"sexta-feira";"17:40:00";"MS";163;174;"JUTI";"Reação tardia ou ineficiente do condutor";"Colisão traseira";"Com Vítimas Feridas";"Pleno dia";"Decrescente";"Céu Claro";"Simples";"Reta";"Não";3;0;1;0;1;1;1;3;-22,85963099;-54,62834999;"SPRF-MS";"DEL09-MS";"UOP01-DEL09-MS"
334637;2021-01-15;"sexta-feira";"17:30:00";"PR";277;603;"SANTA TEREZA DO OESTE";"Reação tardia ou ineficiente do condutor";"Tombamento";"Com Vítimas Feridas";"Pleno dia";"Crescente";"Céu Claro";"Simples";"Aclive";"Não";2;0;0;1;0;1;1;2;-25,02817;-53,55983;"SPRF-PR";"DEL05-PR";"UOP02-DEL05-PR"
334638;2021-01-15;"sexta-feira";"18:25:00";"GO";60;169;"ABADIA DE GOIAS";"Manobra de mudança de faixa";"Colisão lateral";"Sem Vítimas";"Anoitecer";"Crescente";"Céu Claro";"Dupla";"Reta";"Sim";4;0;0;0;3;2;0;4;-16,7269;-49,3822;"SPRF-GO";"DEL01-GO";"UOP02-DEL01-GO"
334648;2021-01-15;"sexta-feira";"17:10:00";"PR";277;136;"CAMPO LARGO";"Velocidade Incompatível";"Saída de leito carroçável";"Com Vítimas Feridas";"Pleno dia";"Crescente";"Chuva";"Dupla";"Declive";"Não";2;0;1;0;0;2;1;3;-25,44518045;-49,4985659;"SPRF-PR";"DEL01-PR";"UOP03-DEL03-PR"
334654;2021-01-15;"sexta-feira";"19:00:00";"PI";230;302;"FLORIANO";"Velocidade Incompatível";"Saída de leito carroçável";"Com Vítimas Feridas";"Plena Noite";"Crescente";"Céu Claro";"Simples";"Reta";"Não";2;0;1;0;0;1;1;2;-6,80935231;-42,95446185;"SPRF-PI";"DEL03-PI";"UOP01-DEL03-PI"
334665;2021-01-15;"sexta-feira";"19:30:00";"BA";116;555;"MILAGRES";"Reação tardia ou ineficiente do condutor";"Colisão lateral sentido oposto";"Com Vítimas Feridas";"Plena Noite";"Decrescente";"Céu Claro";"Simples";"Curva";"Não";3;0;1;0;1;1;1;3;-12,91216828;-39,86580772;"SPRF-BA";"DEL03-BA";"UOP02-DEL03-BA"
334669;2021-01-15;"sexta-feira";"19:55:00";"MS";163;679;"RIO VERDE DE MATO GROSSO";"Conversão proibida";"Colisão lateral mesmo sentido";"Com Vítimas Feridas";"Plena Noite";"Crescente";"Nublado";"Simples";"Reta";"Não";7;0;1;1;4;9;2;12;-18,92336;-54,83599;"SPRF-MS";"DEL06-MS";"UOP02-DEL06-MS"
334670;2021-01-15;"sexta-feira";"20:20:00";"GO";70;14;"AGUAS LINDAS DE GOIAS";"Acessar a via sem observar a presença dos outros veículos";"Colisão lateral";"Sem Vítimas";"Plena Noite";"Decrescente";"Céu Claro";"Múltipla";"Reta";"Sim";2;0;0;0;2;0;0;2;-15,75117968;-48,3251492;"SPRF-DF";"DEL03-DF";"UOP02-DEL03-DF"
334672;2021-01-15;"sexta-feira";"21:30:00";"SP";116;198;"ARUJA";"Ultrapassagem Indevida";"Queda de ocupante de veículo";"Com Vítimas Fatais";"Plena Noite";"Crescente";"Nublado";"Múltipla";"Reta";"Não";5;1;0;0;1;3;0;4;-23,399937;-46,302038;"SPRF-SP";"DEL01-SP";"UOP01-DEL01-SP"
334673;2021-01-15;"sexta-feira";"21:15:00";"RJ";101;11;"CAMPOS DOS GOYTACAZES";"Velocidade Incompatível";"Tombamento";"Com Vítimas Feridas";"Plena Noite";"Crescente";"Céu Claro";"Simples";"Curva";"Não";2;0;1;0;0;1;1;2;-21,30766784;-41,3253282;"SPRF-RJ";"DEL08-RJ";"UOP01-DEL08-RJ"
334676;2021-01-15;"sexta-feira";"20:20:00";"ES";262;169,8;"IBATIBA";"Acessar a via sem observar a presença dos outros veículos";"Colisão transversal";"Com Vítimas Feridas";"Plena Noite";"Crescente";"Céu Claro";"Simples";"Rotatória;Curva";"Não";5;0;3;0;1;1;3;3;-20,2647513;-41,58453796;"SPRF-ES";"DEL01-ES";"UOP02-DEL01-ES"