"id";"data_inversa";"dia_semana";"horario";"uf";"br";"km";"municipio";"causa_acidente";"tipo_acidente";"classificacao_acidente";"fase_dia";"sentido_via";"condicao_metereologica";"tipo_pista";"tracado_via";"uso_solo";"pessoas";"mortos";"feridos_leves";"feridos_graves";"ilesos";"ignorados";"feridos";"veiculos";"latitude";"longitude";"regional";"delegacia";"uop"
334680;2021-01-15;"sexta-feira";"18:38:00";"RS";116;109,9;"SAO MARCOS";"Curva acentuada";"Colisão lateral sentido oposto";"Sem Vítimas";"Anoitecer";"Decrescente";"Céu Claro";"Simples";"Curva;Declive";"Não";2;0;0;0;2;0;0;2;-28,9318049;-51,0959297;"SPRF-RS";"DEL05-RS";"UOP01-DEL05-RS"
334690;2021-01-15;"sexta-feira";"21:45:00";"SC";101;90;"BARRA VELHA";"Condutor Dormindo";"Colisão traseira";"Sem Vítimas";"Plena Noite";"Crescente";"Nublado";"Dupla";"Reta";"Não";2;0;0;0;2;0;0;2;-26,66148503;-48,68866176;"SPRF-SC";"DEL03-SC";"UOP02-DEL03-SC"
334693;2021-01-15;"sexta-feira";"20:30:00";"BA";116;476,4;"SANTO ESTEVAO";"Demais falhas mecânicas ou elétricas";"Incêndio";"Sem Vítimas";"Plena Noite";"Crescente";"Chuva";"Dupla";"Aclive";"Não";1;0;0;0;1;0;0;1;-12,48458706;-39,31922297;"SPRF-BA";"DEL02-BA";"UOP01-DEL02-BA"
334695;2021-01-15;"sexta-feira";"23:30:00";"SP";116;463,8;"PARIQUERA-ACU";"Condutor Dormindo";"Colisão traseira";"Com Vítimas Feridas";"Plena Noite";"Crescente";"Céu Claro";"Dupla";"Reta";"Não";2;0;0;1;1;0;1;2;-24,62904309;-47,90227592;"SPRF-SP";"DEL05-SP";"UOP01-DEL05-SP"
334698;2021-01-15;"sexta-feira";"19:30:00";"MA";135;4;"SAO LUIS";"Obstrução na via";"Colisão traseira";"Com Vítimas Feridas";"Plena Noite";"Decrescente";"Céu Claro";"Dupla";"Declive";"Sim";3;0;1;0;1;2;1;4;-2,61424881;-44,25257023;"SPRF-MA";"DEL01-MA";"UOP01-DEL01-MA"
334699;2021-01-15;"sexta-feira";"23:29:00";"TO";153;1;"XAMBIOA";"Acessar a via sem observar a presença dos outros veículos";"Colisão traseira";"Com Vítimas Feridas";"Plena Noite";"Crescente";"Céu Claro";"Simples";"Curva";"Sim";5;0;2;1;0;2;3;3;-6,41004;-48,5378;"SPRF-TO";"DEL02-TO";"UOP01-DEL02-TO"
334702;2021-01-15;"sexta-feira";"19:00:00";"MA";135;4,2;"SAO LUIS";"Pista Escorregadia";"Saída de leito carroçável";"Sem Vítimas";"Plena Noite";"Decrescente";"Céu Claro";"Dupla";"Declive";"Não";1;0;0;0;1;0;0;1;-2,63494725;-44,31307018;"SPRF-MA";"DEL01-MA";"UOP01-DEL01-MA"
334710;2021-01-16;"sábado";"00:10:00";"SC";116;238,9;"LAGES";"Ingestão de álcool pelo condutor";"Colisão lateral";"Com Vítimas Feridas";"Plena Noite";"Crescente";"Garoa/Chuvisco";"Simples";"Reta";"Não";3;0;1;0;1;2;1;4;-27,739808;-50,33545902;"SPRF-SC";"DEL05-SC";"UOP01-DEL05-SC"
334711;2021-01-16;"sábado";"02:00:00";"SP";116;44,3;"CANAS";"Animais na Pista";"Atropelamento de Animal";"Sem Vítimas";"Plena Noite";"Decrescente";"Nublado";"Dupla";"Reta";"Não";3;0;0;0;3;0;0;2;-22,70287975;-45,03787617;"SPRF-SP";"DEL08-SP";"UOP02-DEL08-SP"
334720;2021-01-16;"sábado";"02:50:00";"MG";40;413;"CURVELO";"Reação tardia ou ineficiente do condutor";"Colisão traseira";"Com Vítimas Feridas";"Plena Noite";"Decrescente";"Nublado";"Simples";"Curva";"Não";4;0;1;0;2;3;1;5;-19,13248388;-44,62252053;"SPRF-MG";"DEL02-MG";"UOP01-DEL02-MG"
334723;2021-01-16;"sábado";"02:00:00";"PR";116;50,9;"CAMPINA GRANDE DO SUL";"Velocidade Incompatível";"Tombamento";"Com Vítimas Feridas";"Plena Noite";"Crescente";"Nublado";"Dupla";"Curva";"Não";1;0;1;0;0;0;1;1;-25,23481696;-48,90807771;"SPRF-PR";"DEL01-PR";"UOP02-DEL01-PR"
334741;2021-01-16;"sábado";"04:00:00";"MG";116;179,9;"CARAI";"Transitar na contramão";"Colisão lateral";"Sem Vítimas";"Amanhecer";"Decrescente";"Chuva";"Simples";"Curva";"Não";4;0;0;0;4;0;0;3;-17,082469;-41,484694;"SPRF-MG";"DEL11-MG";"UOP01-DEL11-MG"
334745;2021-01-15;"sexta-feira";"16:00:00";"SC";280;277,3;"IRINEOPOLIS";"Demais falhas mecânicas ou elétricas";"Saída de leito carroçável";"Sem Vítimas";"Pleno dia";"Decrescente";"Céu Claro";"Simples";"Reta";"Não";1;0;0;0;0;1;0;1;-26,29406241;-50,80003385;"SPRF-SC";"DEL06-SC";"UOP04-DEL06-SC"
334754;2021-01-16;"sábado";"04:30:00";"GO";153;534,8;"HIDROLANDIA";"Condutor Dormindo";"Saída de leito carroçável";"Sem Vítimas";"Amanhecer";"Decrescente";"Céu Claro";"Dupla";"Retorno Regulamentado";"Não";3;0;0;0;1;2;0;3;-17,0016;-49,2231;"SPRF-GO";"DEL01-GO";"UOP03-DEL01-GO"
334756;2021-01-16;"sábado";"07:10:00";"RS";386;425;"MONTENEGRO";"Desrespeitar a preferência no cruzamento";"Colisão transversal";"Com Vítimas Feridas";"Pleno dia";"Decrescente";"Céu Claro";"Dupla";"Rotatória";"Sim";3;0;2;0;1;0;2;2;-29,818272;-51,372299;"SPRF-RS";"DEL04-RS";"UOP02-DEL04-RS"
334758;2021-01-16;"sábado";"06:10:00";"RJ";101;405;"ITAGUAI";"Condutor deixou de manter distância do veículo da frente";"Colisão traseira";"Com Vítimas Feridas";"Pleno dia";"Decrescente";"Céu Claro";"Dupla";"Reta";"Não";2;0;1;0;1;0;1;2;-22,867606;-43,802743;"SPRF-RJ";"DEL03-RJ";"UOP01-DEL03-RJ"
334762;2021-01-16;"sábado";"03:00:00";"MG";153;148;"COMENDADOR GOMES";"Velocidade Incompatível";"Saída de leito carroçável";"Com Vítimas Feridas";"Amanhecer";"Decrescente";"Chuva";"Simples";"Interseção de Vias";"Não";2;0;1;0;0;1;1;2;-19,63284117;-48,85120975;"SPRF-MG";"DEL13-MG";"UOP02-DEL13-MG"
334767;2021-01-16;"sábado";"07:20:00";"RS";386;306,1;"POUSO NOVO";"Velocidade Incompatível";"Colisão lateral";"Com Vítimas Feridas";"Pleno dia";"Decrescente";"Céu Claro";"Simples";"Curva;Declive";"Não";2;0;0;1;1;0;1;2;-29,194696;-52,185722;"SPRF-RS";"DEL04-RS";"UOP01-DEL04-RS"
334768;2021-01-16;"sábado";"06:45:00";"SC";153;58,5;"IRANI";"Desrespeitar a preferência no cruzamento";"Colisão transversal";"Com Vítimas Feridas";"Pleno dia";"Decrescente";"Céu Claro";"Simples";"Interseção de Vias";"Não";6;0;3;0;2;2;3;4;-26,964373;-51,841362;"SPRF-SC";"DEL07-SC";"UOP05-DEL07-SC"
334774;2021-01-04;"segunda-feira";"15:10:00";"PR";476;152;"ARAUCARIA";"Condutor deixou de manter distância do veículo da frente";"Colisão lateral";"Com Vítimas Feridas";"Pleno dia";"Crescente";"Nublado";"Dupla";"Reta";"Não";4;0;1;0;2;2;1;5;-25,570036;-49,384193;"SPRF-PR";"DEL01-PR";"UOP03-DEL01-PR"
334784;2021-01-16;"sábado";"08:10:00";"BA";116;720;"MANOEL VITORINO";"Ultrapassagem Indevida";"Colisão frontal";"Com Vítimas Feridas";"Pleno dia";"Decrescente";"Céu Claro";"Simples";"Curva";"Não";3;0;1;0;1;1;1;3;-14,19660191;-40,26941214;"SPRF-BA";"DEL08-BA";"UOP02-DEL08-BA"
334789;2021-01-16;"sábado";"10:20:00";"MG";262;799,7;"UBERABA";"Transitar no acostamento";"Colisão traseira";"Com Vítimas Feridas";"Pleno dia";"Crescente";"Chuva";"Dupla";"Reta";"Sim";3;0;1;0;0;2;1;3;-19,77864246;-47,93629597;"SPRF-MG";"DEL13-MG";"UOP01-DEL13-MG"
334805;2021-01-16;"sábado";"13:20:00";"RS";392;153,2;"CANGUCU";"Reação tardia ou ineficiente do condutor";"Saída de leito carroçável";"Com Vítimas Feridas";"Pleno dia";"Decrescente";"Garoa/Chuvisco";"Simples";"Curva";"Não";3;0;2;0;1;0;2;1;-31,15706606;-52,87398701;"SPRF-RS";"DEL07-RS";"UOP01-DEL07-RS"
334806;2021-01-16;"sábado";"11:10:00";"RS";468;74,8;"CAMPO NOVO";"Velocidade Incompatível";"Colisão traseira";"Com Vítimas Feridas";"Pleno dia";"Decrescente";"Nublado";"Simples";"Reta";"Não";5;0;1;1;1;2;2;3;-27,67787124;-53,84962121;"SPRF-RS";"DEL08-RS";"UOP02-DEL08-RS"
334808;2021-01-16;"sábado";"13:10:00";"SP";116;387;"MIRACATU";"Demais falhas mecânicas ou elétricas";"Incêndio";"Sem Vítimas";"Pleno dia";"Crescente";"Céu Claro";"Dupla";"Reta";"Não";2;0;0;0;2;0;0;2;-24,267622;-47,393242;"SPRF-SP";"DEL04-SP";"UOP02-DEL04-SP"
334809;2021-01-16;"sábado";"13:20:00";"TO";226;32;"PALMEIRAS DO TOCANTINS";"Afundamento ou ondulação no pavimento";"Saída de leito carroçável";"Com Vítimas Feridas";"Pleno dia";"Decrescente";"Chuva";"Simples";"Curva";"Não";2;0;1;0;0;1;1;2;-6,654036;-47,718834;"SPRF-TO";"DEL02-TO";"UOP03-DEL02-TO"
334811;2021-01-16;"sábado";"12:25:00";"MA";10;257,8;"IMPERATRIZ";"Acesso irregular";"Colisão transversal";"Com Vítimas Feridas";"Pleno dia";"Crescente";"Céu Claro";"Simples";"Interseção de Vias";"Sim";2;0;1;0;1;0;1;2;-5,490634;-47,471973;"SPRF-MA";"DEL04-MA";"UOP01-DEL04-MA"
334814;2021-01-16;"sábado";"08:40:00";"MT";364;116,8;"ALTO GARCAS";"Demais falhas mecânicas ou elétricas";"Colisão traseira";"Com Vítimas Feridas";"Pleno dia";"Crescente";"Nublado";"Simples";"Declive";"Não";4;0;1;0;2;2;1;5;-16,86399576;-53,87206323;"SPRF-MT";"DEL02-MT";"UOP02-DEL02-MT"
334815;2021-01-16;"sábado";"12:00:00";"MG";40;515;"RIBEIRAO DAS NEVES";"Condutor deixou de manter distância do veículo da frente";"Colisão traseira";"Com Vítimas Feridas";"Pleno dia";"Crescente";"Nublado";"Dupla";"Reta";"Sim";2;0;0;1;0;1;1;2;-19,8090079;-44,09493479;"SPRF-MG";"DEL01-MG";"UOP02-DEL01-MG"
334824;2021-01-16;"sábado";"12:50:00";"MG";116;626,1;"ORIZANIA";"Transitar na contramão";"Colisão frontal";"Com Vítimas Feridas";"Pleno dia";"Crescente";"Céu Claro";"Simples";"Reta";"Não";4;0;2;0;1;2;2;4;-20,547563;-42,208299;"SPRF-MG";"DEL07-MG";"UOP03-DEL07-MG"
334826;2021-01-16;"sábado";"14:45:00";"MG";381;839;"SAO SEBASTIAO DA BELA VISTA";"Manobra de mudança de faixa";"Queda de ocupante de veículo";"Com Vítimas Feridas";"Pleno dia";"Decrescente";"Nublado";"Dupla";"Reta";"Não";4;0;1;0;2;2;1;5;-22,19834327;-45,85343083;"SPRF-MG";"DEL16-MG";"UOP01-DEL16-MG"
334828;2021-01-16;"sábado";"11:40:00";"AL";101;101;"PILAR";"Pista Escorregadia";"Queda de ocupante de veículo";"Com Vítimas Feridas";"Pleno dia";"Crescente";"Sol";"Dupla";"Reta";"Não";2;0;1;0;1;0;1;2;-9,56416014;-35,96916436;"SPRF-AL";"DEL01-AL";"UOP01-DEL01-AL"
334831;2021-01-16;"sábado";"15:10:00";"SC";101;234;"PALHOCA";"Pedestre andava na pista";"Atropelamento de Pedestre";"Com Vítimas Feridas";"Pleno dia";"Crescente";"Céu Claro";"Dupla";"Curva";"Não";2;0;1;0;0;1;1;2;-27,81043812;-48,63537111;"SPRF-SC";"DEL01-SC";"UOP02-DEL01-SC"
334838;2021-01-16;"sábado";"15:20:00";"PR";277;36;"MORRETES";"Ausência de reação do condutor";"Colisão lateral";"Com Vítimas Feridas";"Pleno dia";"Decrescente";"Céu Claro";"Dupla";"Curva";"Não";5;0;1;2;1;1;3;5;-25,570967;-48,837509;"SPRF-PR";"DEL01-PR";"UOP05-DEL01-PR"
334841;2021-01-16;"sábado";"14:00:00";"ES";101;221,9;"IBIRACU";"Reação tardia ou ineficiente do condutor";"Tombamento";"Com Vítimas Feridas";"Pleno dia";"Crescente";"Céu Claro";"Simples";"Curva";"Não";2;0;1;0;0;1;1;2;-19,86695538;-40,40056491;"SPRF-ES";"DEL02-ES";"UOP01-DEL02-ES"
334844;2021-01-16;"sábado";"16:30:00";"BA";101;64;"ENTRE RIOS";"Demais falhas mecânicas ou elétricas";"Tombamento";"Com Vítimas Feridas";"Pleno dia";"Decrescente";"Céu Claro";"Simples";"Aclive";"Não";2;0;1;0;0;1;1;2;-11,96618423;-38,14476501;"SPRF-BA";"DEL01-BA";"UOP04-DEL01-BA"
334864;2021-01-16;"sábado";"18:00:00";"SP";116;225;"GUARULHOS";"Ausência de reação do condutor";"Colisão lateral";"Com Vítimas Feridas";"Anoitecer";"Decrescente";"Céu Claro";"Múltipla";"Reta";"Sim";3;0;1;0;1;1;1;3;-23,48586772;-46,54075317;"SPRF-SP";"DEL01-SP";"UOP01-DEL01-SP"
334890;2021-01-16;"sábado";"11:20:00";"RS";116;25;"VACARIA";"Animais na Pista";"Atropelamento de Animal";"Com Vítimas Feridas";"Pleno dia";"Crescente";"Sol";"Simples";"Reta";"Não";2;0;1;0;1;0;1;1;-28,40611002;-50,85626496;"SPRF-RS";"DEL05-RS";"UOP03-DEL05-RS"
334905;2021-01-16;"sábado";"20:38:00";"MG";381;755,7;"TRES CORACOES";"Acessar a via sem observar a presença dos outros veículos";"Colisão traseira";"Sem Vítimas";"Plena Noite";"Decrescente";"Nublado";"Simples";"Reta";"Não";3;0;0;0;3;0;0;2;-21,6960517;-45,36128707;"SPRF-MG";"DEL16-MG";"UOP02-DEL16-MG"
334906;2021-01-16;"sábado";"21:50:00";"BA";110;118;"ANTAS";"Ingestão de álcool pelo condutor";"Colisão frontal";"Com Vítimas Feridas";"Plena Noite";"Crescente";"Céu Claro";"Simples";"Declive";"Não";2;0;2;0;0;0;2;2;-10,44783195;-38,38126723;"SPRF-BA";"DEL07-BA";"UOP01-DEL07-BA"
334915;2021-01-16;"sábado";"22:15:00";"MG";40;607,3;"CONGONHAS";"Conversão proibida";"Colisão transversal";"Com Vítimas Feridas";"Plena Noite";"Crescente";"Céu Claro";"Simples";"Reta";"Não";3;0;0;1;1;1;1;3;-20,483615;-43,839349;"SPRF-MG";"DEL05-MG";"UOP02-DEL05-MG"
334919;2021-01-17;"domingo";"01:00:00";"AL";101;86;"RIO LARGO";"Acessar a via sem observar a presença dos outros veículos";"Colisão traseira";"Com Vítimas Feridas";"Plena Noite";"Crescente";"Céu Claro";"Dupla";"Retorno Regulamentado";"Não";3;0;0;1;1;2;1;4;-9,47238667;-35,88083026;"SPRF-AL";"DEL01-AL";"UOP01-DEL01-AL"
334935;2021-01-17;"domingo";"03:30:00";"RS";472;124,8;"SAO JOSE DO INHACORA";"Reação tardia ou ineficiente do condutor";"Colisão lateral";"Com Vítimas Feridas";"Plena Noite";"Decrescente";"Céu Claro";"Simples";"Reta";"Não";2;0;1;0;1;0;1;2;-27,70969697;-54,17204205;"SPRF-RS";"DEL10-RS";"UOP01-DEL10-RS"
334951;2021-01-17;"domingo";"04:30:00";"BA";242;705;"CRISTOPOLIS";"Reação tardia ou ineficiente do condutor";"Colisão traseira";"Com Vítimas Feridas";"Amanhecer";"Decrescente";"Céu Claro";"Simples";"Reta";"Não";4;0;1;0;2;2;1;4;-12,222538;-44,087758;"SPRF-BA";"DEL06-BA";"UOP03-DEL06-BA"
334962;2021-01-17;"domingo";"07:00:00";"RN";226;291;"AUGUSTO SEVERO";"Desrespeitar a preferência no cruzamento";"Colisão frontal";"Com Vítimas Feridas";"Pleno dia";"Crescente";"Céu Claro";"Simples";"Reta";"Não";2;0;1;0;1;0;1;2;-5,87585487;-37,31979022;"SPRF-RN";"DEL04-RN";"UOP01-DEL04-RN"
334966;2021-01-17;"domingo";"09:30:00";"BA";116;644;"JAGUAQUARA";"Velocidade Incompatível";"Saída de leito carroçável";"Com Vítimas Feridas";"Pleno dia";"Crescente";"Céu Claro";"Simples";"Curva";"Não";2;0;1;0;0;1;1;2;-13,61095292;-40,09151459;"SPRF-BA";"DEL03-BA";"UOP01-DEL03-BA"
334971;2021-01-17;"domingo";"09:50:00";"MG";365;665;"MONTE ALEGRE DE MINAS";"Mal súbito do condutor";"Tombamento";"Com Vítimas Feridas";"Pleno dia";"Crescente";"Céu Claro";"Múltipla";"Reta";"Sim";2;0;1;0;0;1;1;2;-18,89197446;-48,68891308;"SPRF-MG";"DEL15-MG";"UOP01-DEL15-MG"
334978;2021-01-17;"domingo";"10:10:00";"SP";116;40,4;"CACHOEIRA PAULISTA";"Reação tardia ou ineficiente do condutor";"Colisão lateral mesmo sentido";"Com Vítimas Feridas";"Pleno dia";"Decrescente";"Céu Claro";"Dupla";"Reta";"Não";5;0;1;0;3;2;1;6;-22,68080728;-45,00688982;"SPRF-SP";"DEL08-SP";"UOP02-DEL08-SP"
334983;2021-01-17;"domingo";"11:00:00";"RS";386;299,2;"POUSO NOVO";"Avarias e/ou desgaste excessivo no pneu";"Colisão frontal";"Com Vítimas Feridas";"Pleno dia";"Crescente";"Chuva";"Simples";"Curva";"Não";4;0;0;2;0;2;2;4;-29,155434;-52,229389;"SPRF-RS";"DEL04-RS";"UOP01-DEL04-RS"
334984;2021-01-17;"domingo";"12:00:00";"RS";386;129,3;"BARRA FUNDA";"Ingestão de álcool pelo condutor";"Colisão transversal";"Sem Vítimas";"Pleno dia";"Crescente";"Nublado";"Simples";"Interseção de Vias";"Não";4;0;0;0;3;1;0;3;-27,92844575;-52,9648304;"SPRF-RS";"DEL08-RS";"UOP01-DEL08-RS"
334990;2021-01-17;"domingo";"12:40:00";"MG";381;722,7;"CARMO DA CACHOEIRA";"Velocidade Incompatível";"Tombamento";"Com Vítimas Feridas";"Pleno dia";"Decrescente";"Céu Claro";"Dupla";"Curva";"Não";2;0;2;0;0;0;2;1;-21,47729514;-45,20207819;"SPRF-MG";"DEL04-MG";"UOP02-DEL04-MG"
334992;2021-01-17;"domingo";"04:00:00";"MS";262;683,5;"CORUMBA";"Condutor Dormindo";"Saída de leito carroçável";"Sem Vítimas";"Plena Noite";"Decrescente";"Ignorado";"Simples";"Reta";"Não";2;0;0;0;1;2;0;3;-19,5496857;-57,2257069;"SPRF-MS";"DEL03-MS";"UOP03-DEL03-MS"
335003;2021-01-17;"domingo";"15:00:00";"SE";101;93;"NOSSA SENHORA DO SOCORRO";"Velocidade Incompatível";"Capotamento";"Com Vítimas Feridas";"Pleno dia";"Crescente";"Céu Claro";"Dupla";"Reta";"Sim";5;0;1;2;1;2;3;4;-10,90212319;-37,14494787;"SPRF-SE";"DEL01-SE";"UOP01-DEL01-SE"
335005;2021-01-17;"domingo";"14:20:00";"SC";470;158;"TROMBUDO CENTRAL";"Velocidade Incompatível";"Colisão frontal";"Com Vítimas Feridas";"Pleno dia";"Decrescente";"Nublado";"Simples";"Curva";"Não";5;0;4;0;1;0;4;2;-27,287016;-49,778389;"SPRF-SC";"DEL04-SC";"UOP02-DEL04-SC"
335008;2021-01-17;"domingo";"14:05:00";"TO";153;562,4;"FATIMA";"Demais falhas mecânicas ou elétricas";"Incêndio";"Sem Vítimas";"Pleno dia";"Decrescente";"Céu Claro";"Simples";"Reta";"Não";2;0;0;0;1;1;0;2;-10,75907598;-48,9021057;"SPRF-TO";"DEL01-TO";"UOP01-DEL01-TO"
335014;2021-01-17;"domingo";"15:40:00";"RJ";101;83;"CAMPOS DOS GOYTACAZES";"Reação tardia ou ineficiente do condutor";"Colisão lateral";"Com Vítimas Feridas";"Pleno dia";"Decrescente";"Céu Claro";"Dupla";"Curva";"Sim";3;0;1;0;1;1;1;3;-21,82198875;-41,46111095;"SPRF-RJ";"DEL08-RJ";"UOP02-DEL08-RJ"
335030;2021-01-17;"domingo";"16:45:00";"SC";101;181,5;"BIGUACU";"Velocidade Incompatível";"Colisão lateral";"Com Vítimas Feridas";"Pleno dia";"Crescente";"Chuva";"Múltipla";"Reta";"Não";3;0;1;0;2;0;1;2;-27,3811238;-48,63090648;"SPRF-SC";"DEL01-SC";"UOP01-DEL01-SC"
335034;2021-01-17;"domingo";"16:40:00";"PE";428;119,7;"LAGOA GRANDE";"Acessar a via sem observar a presença dos outros veículos";"Capotamento";"Com Vítimas Feridas";"Pleno dia";"Crescente";"Céu Claro";"Simples";"Reta";"Não";7;0;5;0;1;1;5;3;-8,92429277;-40,09832608;"SPRF-PE";"DEL06-PE";"UOP03-DEL06-PE"
335037;2021-01-17;"domingo";"16:25:00";"SC";101;201,3;"SAO JOSE";"Pedestre cruzava a pista fora da faixa";"Atropelamento de Pedestre";"Com Vítimas Fatais";"Pleno dia";"Decrescente";"Chuva";"Dupla";"Reta";"Sim";4;1;0;0;1;4;0;6;-27,55072307;-48,61952305;"SPRF-SC";"DEL01-SC";"UOP01-DEL01-SC"
335048;2021-01-17;"domingo";"16:40:00";"PR";476;48,2;"TUNAS DO PARANA";"Velocidade Incompatível";"Colisão lateral sentido oposto";"Com Vítimas Fatais";"Pleno dia";"Crescente";"Nublado";"Simples";"Curva";"Não";3;1;0;0;1;2;0;4;-24,920938;-49,097561;"SPRF-PR";"DEL01-PR";"UOP02-DEL01-PR"
335053;2021-01-17;"domingo";"14:00:00";"MG";116;711;"MURIAE";"Reação tardia ou ineficiente do condutor";"Tombamento";"Com Vítimas Feridas";"Pleno dia";"Crescente";"Sol";"Simples";"Curva";"Não";3;0;1;0;1;1;1;2;-21,18310032;-42,37036434;"SPRF-MG";"DEL07-MG";"UOP02-DEL07-MG"
335059;2021-01-17;"domingo";"18:00:00";"MA";135;183,7;"SAO MATEUS DO MARANHAO";"Transitar na contramão";"Colisão frontal";"Com Vítimas Fatais";"Anoitecer";"Crescente";"Chuva";"Simples";"Reta";"Sim";2;1;0;0;1;0;0;2;-4,04673987;-44,47038042;"SPRF-MA";"DEL03-MA";"UOP01-DEL03-MA"
335061;2021-01-17;"domingo";"18:00:00";"MG";40;515;"RIBEIRAO DAS NEVES";"Desvio temporário";"Colisão lateral mesmo sentido";"Com Vítimas Feridas";"Anoitecer";"Crescente";"Céu Claro";"Dupla";"Reta";"Sim";3;0;1;0;2;0;1;3;-19,8090079;-44,09493479;"SPRF-MG";"DEL01-MG";"UOP02-DEL01-MG"
335065;2021-01-17;"domingo";"10:00:00";"PI";135;601;"CORRENTE";"Afundamento ou ondulação no pavimento";"Tombamento";"Com Vítimas Fatais";"Pleno dia";"Decrescente";"Céu Claro";"Simples";"Reta";"Não";1;1;0;0;0;0;0;1;-10,501444;-45,184548;"SPRF-PI";"DEL03-PI";"UOP02-DEL03-PI"
335071;2021-01-17;"domingo";"20:00:00";"PB";361;108,8;"ITAPORANGA";"Manobra de mudança de faixa";"Colisão lateral sentido oposto";"Com Vítimas Feridas";"Plena Noite";"Decrescente";"Céu Claro";"Simples";"Declive";"Não";5;0;1;1;2;1;2;4;-7,29217614;-38,10235698;"SPRF-PB";"DEL03-PB";"UOP01-DEL03-PB"
335073;2021-01-17;"domingo";"19:00:00";"BA";242;572;"OLIVEIRA DOS BREJINHOS";"Ultrapassagem Indevida";"Colisão lateral mesmo sentido";"Com Vítimas Feridas";"Plena Noite";"Decrescente";"Ignorado";"Simples";"Reta";"Não";5;0;1;0;3;1;1;3;-12,03394816;-43,06091309;"SPRF-BA";"DEL06-BA";"UOP03-DEL06-BA"
335074;2021-01-17;"domingo";"19:34:00";"RO";364;709;"PORTO VELHO";"Ingestão de álcool pelo condutor";"Eventos atípicos";"Sem Vítimas";"Plena Noite";"Crescente";"Céu Claro";"Simples";"Interseção de Vias";"Sim";1;0;0;0;1;0;0;1;-8,7909383;-63,84895617;"SPRF-RO";"DEL01-RO";"UOP01-DEL01-RO"
335076;2021-01-17;"domingo";"19:50:00";"PI";407;502;"PATOS DO PIAUI";"Ultrapassagem Indevida";"Colisão frontal";"Com Vítimas Fatais";"Plena Noite";"Decrescente";"Céu Claro";"Simples";"Aclive";"Não";7;1;1;3;1;1;4;4;-7,622311;-41,291482;"SPRF-PI";"DEL04-PI";"UOP01-DEL04-PI"
335083;2021-01-17;"domingo";"21:10:00";"PI";343;315;"ALTOS";"Ultrapassagem Indevida";"Colisão lateral";"Com Vítimas Feridas";"Plena Noite";"Crescente";"Nublado";"Simples";"Reta";"Não";3;0;1;0;1;1;1;3;-5,047249;-42,527164;"SPRF-PI";"DEL01-PI";"UOP01-DEL01-PI"
335090;2021-01-17;"domingo";"17:45:00";"GO";153;149;"CAMPINORTE";"Condutor deixou de manter distância do veículo da frente";"Colisão traseira";"Com Vítimas Feridas";"Pleno dia";"Decrescente";"Céu Claro";"Simples";"Ponte";"Não";4;0;1;0;2;3;1;6;-14,07319;-49,096848;"SPRF-GO";"DEL07-GO";"UOP02-DEL07-GO"
335093;2021-01-17;"domingo";"22:15:00";"PR";277;677;"MEDIANEIRA";"Ingestão de álcool pelo condutor";"Colisão traseira";"Com Vítimas Feridas";"Plena Noite";"Decrescente";"Céu Claro";"Dupla";"Reta";"Não";3;0;1;0;1;1;1;3;-25,30758578;-54,14057014;"SPRF-PR";"DEL05-PR";"UOP01-DEL05-PR"
335094;2021-01-17;"domingo";"22:45:00";"MG";262;483,6;"BOM DESPACHO";"Acessar a via sem observar a presença dos outros veículos";"Colisão transversal";"Com Vítimas Feridas";"Plena Noite";"Decrescente";"Chuva";"Simples";"Aclive;Reta";"Não";2;0;1;0;1;0;1;2;-19,78475619;-45,27534199;"SPRF-MG";"DEL08-MG";"UOP03-DEL08-MG"
335116;2021-01-18;"segunda-feira";"02:05:00";"SC";101;207,4;"SAO JOSE";"Estacionar ou parar em local proibido";"Colisão traseira";"Com Vítimas Feridas";"Plena Noite";"Decrescente";"Céu Claro";"Múltipla";"Declive";"Sim";4;0;1;0;2;1;1;3;-27,60001226;-48,6226467;"SPRF-SC";"DEL01-SC";"UOP01-DEL01-SC"
335122;2021-01-18;"segunda-feira";"02:45:00";"GO";153;643,5;"MORRINHOS";"Demais falhas mecânicas ou elétricas";"Incêndio";"Sem Vítimas";"Plena Noite";"Crescente";"Nublado";"Dupla";"Reta";"Não";2;0;0;0;1;1;0;2;-17,9057;-49,2375;"SPRF-GO";"DEL03-GO";"UOP01-DEL03-GO"
335127;2021-01-18;"segunda-feira";"03:20:00";"MS";163;562;"BANDEIRANTES";"Reação tardia ou ineficiente do condutor";"Saída de leito carroçável";"Sem Vítimas";"Plena Noite";"Crescente";"Garoa/Chuvisco";"Simples";"Aclive";"Não";1;0;0;0;1;0;0;1;-19,80187994;-54,36992724;"SPRF-MS";"DEL01-MS";"UOP02-DEL01-MS"
335128;2021-01-18;"segunda-feira";"03:40:00";"RS";392;62,7;"PELOTAS";"Condutor deixou de manter distância do veículo da frente";"Colisão traseira";"Com Vítimas Fatais";"Plena Noite";"Decrescente";"Céu Claro";"Dupla";"Reta";"Não";2;1;0;0;1;0;0;2;-31,77187582;-52,36310125;"SPRF-RS";"DEL07-RS";"UOP01-DEL07-RS"
335132;2021-01-18;"segunda-feira";"03:50:00";"SC";101;121;"ITAJAI";"Acessar a via sem observar a presença dos outros veículos";"Colisão traseira";"Com Vítimas Feridas";"Amanhecer";"Crescente";"Céu Claro";"Dupla";"Reta";"Não";3;0;1;0;1;2;1;4;-26,92103178;-48,70856446;"SPRF-SC";"DEL04-SC";"UOP04-DEL04-SC"