"id";"data_inversa";"dia_semana";"horario";"uf";"br";"km";"municipio";"causa_acidente";"tipo_acidente";"classificacao_acidente";"fase_dia";"sentido_via";"condicao_metereologica";"tipo_pista";"tracado_via";"uso_solo";"pessoas";"mortos";"feridos_leves";"feridos_graves";"ilesos";"ignorados";"feridos";"veiculos";"latitude";"longitude";"regional";"delegacia";"uop"
335405;2021-01-19;"terça-feira";"12:56:00";"PR";277;590;"CASCAVEL";"Acessar a via sem observar a presença dos outros veículos";"Colisão transversal";"Com Vítimas Feridas";"Pleno dia";"Decrescente";"Chuva";"Simples";"Interseção de Vias";"Sim";2;0;0;1;1;0;1;2;-24,98120697;-53,45591501;"SPRF-PR";"DEL04-PR";"UOP01-DEL04-PR"
335408;2021-01-19;"terça-feira";"12:28:00";"SC";101;115;"ITAJAI";"Condutor deixou de manter distância do veículo da frente";"Colisão traseira";"Com Vítimas Feridas";"Pleno dia";"Crescente";"Nublado";"Dupla";"Reta";"Não";4;0;1;0;3;0;1;2;-26,87064015;-48,72954134;"SPRF-SC";"DEL04-SC";"UOP04-DEL04-SC"
335411;2021-01-19;"terça-feira";"15:45:00";"RJ";116;309,6;"RESENDE";"Condutor deixou de manter distância do veículo da frente";"Colisão traseira";"Com Vítimas Feridas";"Pleno dia";"Decrescente";"Céu Claro";"Dupla";"Reta";"Não";7;0;3;0;4;0;3;2;-22,45852838;-44,42672997;"SPRF-RJ";"DEL07-RJ";"UOP02-DEL07-RJ"
335416;2021-01-19;"terça-feira";"16:00:00";"RJ";40;58;"PETROPOLIS";"Velocidade Incompatível";"Colisão traseira";"Sem Vítimas";"Pleno dia";"Crescente";"Céu Claro";"Simples";"Reta";"Não";3;0;0;0;2;2;0;4;-22,378777;-43,131523;"SPRF-RJ";"DEL05-RJ";"UOP02-DEL05-RJ"
335422;2021-01-19;"terça-feira";"17:15:00";"GO";153;490,6;"GOIANIA";"Manobra de mudança de faixa";"Saída de leito carroçável";"Com Vítimas Feridas";"Pleno dia";"Crescente";"Nublado";"Dupla";"Reta";"Sim";2;0;1;0;0;1;1;2;-16,6298;-49,2056;"SPRF-GO";"DEL01-GO";"UOP01-DEL01-GO"
335424;2021-01-19;"terça-feira";"05:55:00";"CE";222;115;"ITAPAJE";"Velocidade Incompatível";"Tombamento";"Com Vítimas Feridas";"Plena Noite";"Crescente";"Chuva";"Simples";"Curva";"Não";2;0;1;0;0;1;1;2;-3,74504732;-39,53630708;"SPRF-CE";"DEL04-CE";"UOP03-DEL04-CE"
335425;2021-01-19;"terça-feira";"17:30:00";"PR";116;40;"CAMPINA GRANDE DO SUL";"Velocidade Incompatível";"Colisão com objeto";"Com Vítimas Feridas";"Pleno dia";"Crescente";"Chuva";"Dupla";"Reta";"Não";1;0;1;0;0;0;1;1;-25,16445203;-48,86237697;"SPRF-PR";"DEL01-PR";"UOP02-DEL01-PR"
335431;2021-01-19;"terça-feira";"17:45:00";"RS";101;42;"TERRA DE AREIA";"Transitar no acostamento";"Atropelamento de Pedestre";"Com Vítimas Feridas";"Pleno dia";"Crescente";"Nublado";"Dupla";"Reta";"Não";2;0;0;1;1;0;1;2;-29,5514739848;-50,0328960178;"SPRF-RS";"DEL03-RS";"UOP02-DEL03-RS"
335432;2021-01-19;"terça-feira";"18:25:00";"MG";381;491,2;"BETIM";"Manobra de mudança de faixa";"Colisão lateral";"Com Vítimas Feridas";"Anoitecer";"Decrescente";"Céu Claro";"Dupla";"Reta";"Sim";4;0;1;0;2;1;1;3;-19,97018187;-44,18210416;"SPRF-MG";"DEL01-MG";"UOP03-DEL01-MG"
335442;2021-01-19;"terça-feira";"18:45:00";"AL";101;107,2;"PILAR";"Velocidade Incompatível";"Tombamento";"Sem Vítimas";"Plena Noite";"Crescente";"Vento";"Dupla";"Curva";"Não";1;0;0;0;1;0;0;1;-9,59200401;-36,00249993;"SPRF-AL";"DEL02-AL";"UOP01-DEL02-AL"
335445;2021-01-19;"terça-feira";"18:00:00";"RJ";116;222;"PARACAMBI";"Velocidade Incompatível";"Tombamento";"Com Vítimas Feridas";"Anoitecer";"Crescente";"Céu Claro";"Simples";"Curva";"Não";2;0;1;0;0;1;1;2;-22,67395195;-43,81762862;"SPRF-RJ";"DEL07-RJ";"UOP01-DEL07-RJ"
335447;2021-01-19;"terça-feira";"10:20:00";"PR";153;403,4;"MALLET";"Reação tardia ou ineficiente do condutor";"Saída de leito carroçável";"Com Vítimas Feridas";"Pleno dia";"Crescente";"Chuva";"Simples";"Curva";"Não";1;0;0;1;0;0;1;1;-25,98732405;-50,83897212;"SPRF-PR";"DEL02-PR";"UOP04-DEL02-PR"
335450;2021-01-19;"terça-feira";"20:20:00";"MT";158;601;"AGUA BOA";"Ingestão de substâncias psicoativas pelo condutor";"Colisão lateral sentido oposto";"Sem Vítimas";"Plena Noite";"Crescente";"Ignorado";"Simples";"Reta";"Não";3;0;0;0;2;2;0;4;-14,331213;-52,16909;"SPRF-MT";"DEL07-MT";"UOP02-DEL07-MT"
335454;2021-01-19;"terça-feira";"18:40:00";"BA";101;81;"ENTRE RIOS";"Ultrapassagem Indevida";"Colisão lateral";"Com Vítimas Feridas";"Plena Noite";"Crescente";"Céu Claro";"Simples";"Curva";"Não";6;0;1;0;4;2;1;7;-12,02371904;-38,28277996;"SPRF-BA";"DEL01-BA";"UOP04-DEL01-BA"
335458;2021-01-19;"terça-feira";"21:20:00";"CE";222;113;"ITAPAJE";"Pista Escorregadia";"Tombamento";"Sem Vítimas";"Plena Noite";"Crescente";"Chuva";"Simples";"Curva";"Não";2;0;0;0;1;2;0;3;-3,74511322;-39,51862504;"SPRF-CE";"DEL04-CE";"UOP03-DEL04-CE"
335461;2021-01-19;"terça-feira";"22:15:00";"SC";101;199;"BIGUACU";"Condutor deixou de manter distância do veículo da frente";"Colisão lateral mesmo sentido";"Sem Vítimas";"Plena Noite";"Decrescente";"Chuva";"Dupla";"Reta";"Sim";3;0;0;0;2;1;0;3;-27,53413705;-48,63003205;"SPRF-SC";"DEL01-SC";"UOP01-DEL01-SC"
335469;2021-01-19;"terça-feira";"23:35:00";"GO";153;535;"HIDROLANDIA";"Ingestão de álcool pelo condutor";"Colisão lateral mesmo sentido";"Com Vítimas Feridas";"Plena Noite";"Crescente";"Nublado";"Dupla";"Reta";"Não";5;0;1;1;1;2;2;3;-17,01;-49,2202;"SPRF-GO";"DEL01-GO";"UOP03-DEL01-GO"
335471;2021-01-19;"terça-feira";"20:30:00";"MG";116;579;"MANHUACU";"Reação tardia ou ineficiente do condutor";"Tombamento";"Com Vítimas Feridas";"Plena Noite";"Decrescente";"Nublado";"Simples";"Curva";"Não";2;0;1;0;0;1;1;2;-20,17836097;-42,18664844;"SPRF-MG";"DEL06-MG";"UOP03-DEL06-MG"
335472;2021-01-19;"terça-feira";"23:30:00";"PE";101;130;"ESCADA";"Condutor deixou de manter distância do veículo da frente";"Colisão traseira";"Com Vítimas Feridas";"Plena Noite";"Crescente";"Nublado";"Dupla";"Reta";"Não";3;0;1;0;1;2;1;4;-8,392345;-35,257055;"SPRF-PE";"DEL01-PE";"UOP03-DEL01-PE"
335478;2021-01-20;"quarta-feira";"02:45:00";"MG";381;925;"ITAPEVA";"Carga excessiva e/ou mal acondicionada";"Derramamento de carga";"Sem Vítimas";"Plena Noite";"Crescente";"Céu Claro";"Dupla";"Curva";"Não";2;0;0;0;1;1;0;2;-22,777207;-46,23911301;"SPRF-MG";"DEL16-MG";"UOP03-DEL16-MG"
335484;2021-01-20;"quarta-feira";"05:20:00";"CE";304;52,2;"ARACATI";"Velocidade Incompatível";"Colisão frontal";"Com Vítimas Feridas";"Amanhecer";"Decrescente";"Chuva";"Simples";"Curva";"Não";3;0;2;0;0;1;2;3;-4,57080706;-37,74473041;"SPRF-CE";"DEL03-CE";"UOP03-DEL03-CE"
335485;2021-01-20;"quarta-feira";"06:15:00";"MG";381;349;"JOAO MONLEVADE";"Reação tardia ou ineficiente do condutor";"Colisão traseira";"Com Vítimas Feridas";"Amanhecer";"Decrescente";"Céu Claro";"Simples";"Aclive;Reta";"Não";5;0;3;0;1;1;3;3;-19,85680089;-43,10902119;"SPRF-MG";"DEL03-MG";"UOP01-DEL03-MG"
335486;2021-01-20;"quarta-feira";"06:45:00";"SE";101;83,8;"LARANJEIRAS";"Demais falhas mecânicas ou elétricas";"Saída de leito carroçável";"Com Vítimas Feridas";"Pleno dia";"Decrescente";"Céu Claro";"Dupla";"Reta";"Não";2;0;0;1;0;1;1;2;-10,82643802;-37,13848225;"SPRF-SE";"DEL01-SE";"UOP01-DEL01-SE"
335493;2021-01-20;"quarta-feira";"07:40:00";"RS";285;218;"CASEIROS";"Acessar a via sem observar a presença dos outros veículos";"Colisão transversal";"Com Vítimas Feridas";"Pleno dia";"Crescente";"Garoa/Chuvisco";"Simples";"Reta";"Não";4;0;2;0;1;1;2;3;-28,272339;-51,690033;"SPRF-RS";"DEL08-RS";"UOP05-DEL08-RS"
335494;2021-01-20;"quarta-feira";"06:25:00";"RS";290;335,9;"SAO SEPE";"Ausência de reação do condutor";"Colisão frontal";"Com Vítimas Feridas";"Pleno dia";"Decrescente";"Sol";"Simples";"Reta";"Não";3;0;0;1;1;1;1;3;-30,365984;-53,531776;"SPRF-RS";"DEL09-RS";"UOP02-DEL09-RS"
335497;2021-01-20;"quarta-feira";"06:50:00";"PR";376;671;"GUARATUBA";"Problema com o freio";"Incêndio";"Sem Vítimas";"Pleno dia";"Crescente";"Céu Claro";"Dupla";"Reta";"Não";2;0;0;0;1;2;0;3;-25,885323;-48,935154;"SPRF-PR";"DEL01-PR";"UOP04-DEL01-PR"
335498;2021-01-20;"quarta-feira";"07:50:00";"RS";285;321,5;"PASSO FUNDO";"Reação tardia ou ineficiente do condutor";"Colisão traseira";"Com Vítimas Feridas";"Pleno dia";"Decrescente";"Nublado";"Simples";"Reta;Aclive";"Não";2;0;1;0;1;0;1;2;-28,2699157;-52,63330936;"SPRF-RS";"DEL08-RS";"UOP03-DEL08-RS"
335499;2021-01-20;"quarta-feira";"05:45:00";"BA";101;176;"SAO GONCALO DOS CAMPOS";"Condutor Dormindo";"Colisão frontal";"Com Vítimas Fatais";"Amanhecer";"Decrescente";"Céu Claro";"Simples";"Reta";"Não";5;2;0;2;0;1;2;3;-12,398903;-38,892784;"SPRF-BA";"DEL01-BA";"UOP03-DEL01-BA"
335506;2021-01-09;"sábado";"15:00:00";"MA";222;624;"ACAILANDIA";"Transitar na contramão";"Colisão frontal";"Com Vítimas Fatais";"Pleno dia";"Crescente";"Céu Claro";"Simples";"Curva";"Não";7;4;0;2;0;1;2;2;-4,77115757;-47,06052754;"SPRF-MA";"DEL04-MA";"UOP03-DEL04-MA"
335510;2021-01-20;"quarta-feira";"08:20:00";"PR";376;491;"PONTA GROSSA";"Condutor deixou de manter distância do veículo da frente";"Colisão lateral mesmo sentido";"Com Vítimas Feridas";"Pleno dia";"Crescente";"Garoa/Chuvisco";"Dupla";"Reta;Declive";"Sim";3;0;1;0;1;2;1;4;-25,15130703;-50,1421625;"SPRF-PR";"DEL03-PR";"UOP04-DEL03-PR"
335513;2021-01-20;"quarta-feira";"06:50:00";"PR";158;337,4;"PALMITAL";"Velocidade Incompatível";"Saída de leito carroçável";"Com Vítimas Fatais";"Amanhecer";"Crescente";"Chuva";"Simples";"Declive;Curva";"Não";2;1;1;0;0;0;1;1;-24,87841164;-52,23218599;"SPRF-PR";"DEL04-PR";"UOP02-DEL04-PR"
335515;2021-01-20;"quarta-feira";"09:35:00";"PR";376;231;"APUCARANA";"Manobra de mudança de faixa";"Colisão lateral";"Com Vítimas Feridas";"Pleno dia";"Decrescente";"Chuva";"Dupla";"Retorno Regulamentado";"Não";5;0;3;0;1;2;3;4;-23,568266;-51,512928;"SPRF-PR";"DEL07-PR";"UOP03-DEL07-PR"
335519;2021-01-20;"quarta-feira";"09:30:00";"RS";472;578;"URUGUAIANA";"Acessar a via sem observar a presença dos outros veículos";"Tombamento";"Com Vítimas Feridas";"Pleno dia";"Crescente";"Céu Claro";"Simples";"Reta";"Sim";2;0;1;0;1;0;1;2;-29,7671399;-57,018372;"SPRF-RS";"DEL13-RS";"UOP01-DEL13-RS"
335523;2021-01-20;"quarta-feira";"09:10:00";"GO";20;6,5;"FORMOSA";"Ausência de reação do condutor";"Colisão frontal";"Com Vítimas Fatais";"Pleno dia";"Decrescente";"Sol";"Simples";"Reta";"Não";17;1;2;0;13;1;2;3;-15,54921;-47,300228;"SPRF-DF";"DEL02-DF";"UOP01-DEL02-DF"
335536;2021-01-20;"quarta-feira";"10:50:00";"MG";381;922;"CAMANDUCAIA";"Condutor usando celular";"Colisão traseira";"Com Vítimas Feridas";"Pleno dia";"Decrescente";"Sol";"Dupla";"Curva";"Não";3;0;1;0;1;1;1;3;-22,76707833;-46,21789606;"SPRF-MG";"DEL16-MG";"UOP03-DEL16-MG"
335537;2021-01-20;"quarta-feira";"07:30:00";"MG";267;200,2;"BOM JARDIM DE MINAS";"Problema com o freio";"Colisão lateral sentido oposto";"Com Vítimas Fatais";"Pleno dia";"Crescente";"Céu Claro";"Simples";"Curva";"Não";3;1;0;0;1;2;0;4;-21,93311108;-44,08851501;"SPRF-MG";"DEL05-MG";"UOP01-DEL05-MG"
335539;2021-01-20;"quarta-feira";"09:00:00";"SC";280;123,1;"RIO NEGRINHO";"Reação tardia ou ineficiente do condutor";"Colisão lateral sentido oposto";"Com Vítimas Feridas";"Pleno dia";"Decrescente";"Chuva";"Simples";"Reta";"Não";2;0;1;0;1;0;1;2;-26,24420169;-49,46557991;"SPRF-SC";"DEL06-SC";"UOP03-DEL06-SC"
335540;2021-01-20;"quarta-feira";"06:20:00";"PR";163;153,8;"SANTA LUCIA";"Ausência de reação do condutor";"Engavetamento";"Com Vítimas Feridas";"Amanhecer";"Decrescente";"Chuva";"Simples";"Reta;Aclive";"Não";4;0;2;0;1;2;2;5;-25,39324795;-53,57661137;"SPRF-PR";"DEL05-PR";"UOP05-DEL05-PR"
335545;2021-01-20;"quarta-feira";"11:20:00";"PB";104;143;"QUEIMADAS";"Frear bruscamente";"Saída de leito carroçável";"Com Vítimas Feridas";"Pleno dia";"Crescente";"Céu Claro";"Simples";"Reta";"Não";3;0;1;0;1;1;1;2;-7,40477903;-35,89667929;"SPRF-PB";"DEL02-PB";"UOP03-DEL02-PB"
335547;2021-01-20;"quarta-feira";"06:00:00";"PR";153;394,6;"MALLET";"Velocidade Incompatível";"Saída de leito carroçável";"Com Vítimas Feridas";"Pleno dia";"Crescente";"Chuva";"Simples";"Curva";"Não";1;0;1;0;0;0;1;1;-25,91286173;-50,84605212;"SPRF-PR";"DEL02-PR";"UOP04-DEL02-PR"
335548;2021-01-20;"quarta-feira";"09:40:00";"MG";116;793;"ALEM PARAIBA";"Pista esburacada";"Saída de leito carroçável";"Com Vítimas Feridas";"Pleno dia";"Crescente";"Sol";"Simples";"Reta;Ponte";"Não";2;0;1;1;0;0;2;1;-21,70195806;-42,72965349;"SPRF-MG";"DEL07-MG";"UOP01-DEL07-MG"
335552;2021-01-20;"quarta-feira";"13:00:00";"RS";116;234,4;"NOVO HAMBURGO";"Ausência de reação do condutor";"Colisão traseira";"Com Vítimas Feridas";"Pleno dia";"Crescente";"Nublado";"Simples";"Reta";"Sim";2;0;1;0;1;0;1;2;-29,6509;-51,1443;"SPRF-RS";"DEL01-RS";"UOP02-DEL01-RS"
335555;2021-01-20;"quarta-feira";"11:00:00";"RO";364;359,8;"OURO PRETO DO OESTE";"Pista Escorregadia";"Saída de leito carroçável";"Com Vítimas Fatais";"Pleno dia";"Decrescente";"Chuva";"Simples";"Reta";"Não";1;1;0;0;0;0;0;1;-10,78642871;-62,04905684;"SPRF-RO";"DEL02-RO";"UOP01-DEL02-RO"
335556;2021-01-20;"quarta-feira";"08:15:00";"SC";153;58,7;"IRANI";"Desrespeitar a preferência no cruzamento";"Colisão transversal";"Com Vítimas Feridas";"Pleno dia";"Crescente";"Nublado";"Simples";"Interseção de Vias";"Não";4;0;1;1;1;1;2;3;-26,96939294;-51,85439587;"SPRF-SC";"DEL07-SC";"UOP04-DEL07-SC"
335560;2021-01-20;"quarta-feira";"13:20:00";"MS";163;730;"COXIM";"Condutor deixou de manter distância do veículo da frente";"Colisão traseira";"Com Vítimas Feridas";"Pleno dia";"Decrescente";"Nublado";"Simples";"Reta";"Sim";7;0;2;0;4;1;2;3;-18,50978886;-54,73602351;"SPRF-MS";"DEL06-MS";"UOP01-DEL06-MS"
335562;2021-01-20;"quarta-feira";"12:00:00";"MG";381;756;"TRES CORACOES";"Velocidade Incompatível";"Colisão traseira";"Sem Vítimas";"Pleno dia";"Decrescente";"Céu Claro";"Dupla";"Reta";"Sim";2;0;0;0;1;1;0;2;-21,6960517;-45,36128707;"SPRF-MG";"DEL16-MG";"UOP02-DEL16-MG"
335564;2021-01-20;"quarta-feira";"11:50:00";"PR";163;287,5;"MARECHAL CANDIDO RONDON";"Condutor Dormindo";"Saída de leito carroçável";"Sem Vítimas";"Pleno dia";"Decrescente";"Nublado";"Simples";"Aclive;Curva";"Não";2;0;0;0;1;2;0;3;-24,56040958;-54,03322399;"SPRF-PR";"DEL06-PR";"UOP02-DEL06-PR"
335569;2021-01-20;"quarta-feira";"14:59:00";"RS";290;676;"URUGUAIANA";"Reação tardia ou ineficiente do condutor";"Saída de leito carroçável";"Com Vítimas Feridas";"Pleno dia";"Crescente";"Céu Claro";"Simples";"Reta";"Não";1;0;1;0;0;0;1;1;-29,918666;-56,65211;"SPRF-RS";"DEL13-RS";"UOP01-DEL13-RS"
335571;2021-01-20;"quarta-feira";"14:10:00";"SP";116;461;"PARIQUERA-ACU";"Reação tardia ou ineficiente do condutor";"Colisão traseira";"Com Vítimas Feridas";"Pleno dia";"Decrescente";"Céu Claro";"Dupla";"Reta";"Não";3;0;0;1;2;0;1;2;-24,61672184;-47,88933615;"SPRF-SP";"DEL05-SP";"UOP01-DEL05-SP"
335572;2021-01-20;"quarta-feira";"12:40:00";"MS";267;470;"GUIA LOPES DA LAGUNA";"Velocidade Incompatível";"Colisão com objeto";"Sem Vítimas";"Pleno dia";"Crescente";"Nublado";"Simples";"Reta";"Não";2;0;0;0;1;1;0;2;-21,41837804;-56,0553746;"SPRF-MS";"DEL05-MS";"UOP01-DEL05-MS"
335574;2021-01-20;"quarta-feira";"14:30:00";"PE";101;122,9;"ESCADA";"Condutor deixou de manter distância do veículo da frente";"Colisão traseira";"Com Vítimas Feridas";"Pleno dia";"Decrescente";"Céu Claro";"Dupla";"Reta";"Não";3;0;1;0;1;1;1;3;-8,35939636;-35,19500398;"SPRF-PE";"DEL01-PE";"UOP03-DEL01-PE"
335579;2021-01-20;"quarta-feira";"14:05:00";"SC";116;174,7;"SAO CRISTOVAO DO SUL";"Demais falhas mecânicas ou elétricas";"Colisão lateral sentido oposto";"Com Vítimas Feridas";"Pleno dia";"Decrescente";"Chuva";"Simples";"Curva";"Não";4;0;1;0;2;3;1;6;-27,22552273;-50,46649712;"SPRF-SC";"DEL05-SC";"UOP03-DEL05-SC"
335585;2021-01-20;"quarta-feira";"16:30:00";"ES";101;215,4;"IBIRACU";"Condutor deixou de manter distância do veículo da frente";"Colisão traseira";"Com Vítimas Feridas";"Pleno dia";"Decrescente";"Céu Claro";"Simples";"Curva";"Não";4;0;0;1;2;1;1;4;-19,83184002;-40,38012995;"SPRF-ES";"DEL02-ES";"UOP01-DEL02-ES"
335588;2021-01-20;"quarta-feira";"16:15:00";"GO";414;436;"ANAPOLIS";"Acessar a via sem observar a presença dos outros veículos";"Colisão transversal";"Com Vítimas Feridas";"Pleno dia";"Crescente";"Sol";"Simples";"Reta";"Sim";2;0;0;1;1;0;1;2;-16,25482505;-48,9361188;"SPRF-GO";"DEL02-GO";"UOP01-DEL02-GO"
335591;2021-01-20;"quarta-feira";"16:00:00";"AL";101;146;"SAO MIGUEL DOS CAMPOS";"Condutor Dormindo";"Tombamento";"Sem Vítimas";"Pleno dia";"Decrescente";"Céu Claro";"Dupla";"Reta";"Não";2;0;0;0;1;1;0;2;-9,87382885;-36,13882162;"SPRF-AL";"DEL02-AL";"UOP01-DEL02-AL"
335595;2021-01-20;"quarta-feira";"17:25:00";"PR";373;453,6;"CHOPINZINHO";"Acessar a via sem observar a presença dos outros veículos";"Colisão transversal";"Com Vítimas Fatais";"Pleno dia";"Crescente";"Chuva";"Simples";"Interseção de Vias";"Não";4;2;0;0;1;1;0;3;-25,8931839;-52,36282912;"SPRF-PR";"DEL02-PR";"UOP01-DEL02-PR"
335596;2021-01-20;"quarta-feira";"17:05:00";"PE";232;411;"SERRA TALHADA";"Acessar a via sem observar a presença dos outros veículos";"Colisão transversal";"Com Vítimas Feridas";"Pleno dia";"Decrescente";"Céu Claro";"Simples";"Reta";"Sim";2;0;1;0;1;0;1;2;-7,97976163;-38,31087404;"SPRF-PE";"DEL04-PE";"UOP01-DEL04-PE"
335607;2021-01-20;"quarta-feira";"13:00:00";"PB";101;16,9;"MAMANGUAPE";"Velocidade Incompatível";"Colisão com objeto";"Sem Vítimas";"Pleno dia";"Decrescente";"Sol";"Dupla";"Aclive";"Não";1;0;0;0;1;0;0;1;-6,62978985;-35,1259796;"SPRF-PB";"DEL01-PB";"UOP04-DEL01-PB"
335612;2021-01-20;"quarta-feira";"18:00:00";"PR";116;19;"ANTONINA";"Velocidade Incompatível";"Saída de leito carroçável";"Sem Vítimas";"Plena Noite";"Decrescente";"Chuva";"Dupla";"Curva";"Não";1;0;0;0;1;0;0;1;-25,103087;-48,72037;"SPRF-PR";"DEL01-PR";"UOP02-DEL01-PR"
335615;2021-01-20;"quarta-feira";"18:25:00";"PR";277;722;"FOZ DO IGUACU";"Frear bruscamente";"Engavetamento";"Com Vítimas Feridas";"Anoitecer";"Crescente";"Chuva";"Dupla";"Reta";"Sim";4;0;1;0;3;0;1;4;-25,49494908;-54,52095097;"SPRF-PR";"DEL05-PR";"UOP03-DEL05-PR"
335616;2021-01-20;"quarta-feira";"18:00:00";"RN";304;281;"MACAIBA";"Acessar a via sem observar a presença dos outros veículos";"Colisão lateral";"Com Vítimas Fatais";"Anoitecer";"Decrescente";"Céu Claro";"Simples";"Em Obras";"Não";3;1;0;0;1;1;0;3;-5,88698418;-35,48092295;"SPRF-RN";"DEL01-RN";"UOP02-DEL01-RN"
335617;2021-01-20;"quarta-feira";"18:30:00";"SC";101;118;"ITAJAI";"Trafegar com motocicleta (ou similar) entre as faixas";"Colisão lateral mesmo sentido";"Com Vítimas Feridas";"Anoitecer";"Crescente";"Garoa/Chuvisco";"Múltipla";"Reta";"Sim";3;0;1;0;1;1;1;3;-26,895859;-48,71903;"SPRF-SC";"DEL04-SC";"UOP04-DEL04-SC"
335620;2021-01-20;"quarta-feira";"14:30:00";"SC";101;362,5;"SANGAO";"Ausência de reação do condutor";"Colisão traseira";"Com Vítimas Feridas";"Pleno dia";"Decrescente";"Nublado";"Múltipla";"Aclive;Curva";"Não";4;0;2;0;1;1;2;3;-28,67774003;-49,13622379;"SPRF-SC";"DEL02-SC";"UOP01-DEL02-SC"
335626;2021-01-20;"quarta-feira";"19:00:00";"SP";116;0;"GUARULHOS";"Manobra de mudança de faixa";"Colisão lateral mesmo sentido";"Sem Vítimas";"Anoitecer";"Crescente";"Céu Claro";"Simples";"Curva";"Sim";2;0;0;0;2;0;0;2;-23,457164;-46,49034262;"SPRF-SP";"DEL04-SP";"UOP02-DEL04-SP"
335629;2021-01-20;"quarta-feira";"20:05:00";"PE";101;77;"RECIFE";"Velocidade Incompatível";"Atropelamento de Pedestre";"Com Vítimas Feridas";"Plena Noite";"Decrescente";"Céu Claro";"Dupla";"Reta";"Sim";6;0;0;2;1;3;2;3;-8,126982;-34,94386;"SPRF-PE";"DEL01-PE";"UOP01-DEL01-PE"
335630;2021-01-20;"quarta-feira";"17:25:00";"GO";364;286;"MINEIROS";"Transitar na contramão";"Colisão lateral sentido oposto";"Sem Vítimas";"Pleno dia";"Crescente";"Céu Claro";"Simples";"Reta";"Não";3;0;0;0;3;0;0;2;-17,603376;-52,434643;"SPRF-GO";"DEL05-GO";"UOP01-DEL05-GO"
335637;2021-01-20;"quarta-feira";"19:10:00";"MS";163;455;"CAMPO GRANDE";"Conversão proibida";"Colisão lateral";"Sem Vítimas";"Anoitecer";"Crescente";"Garoa/Chuvisco";"Simples";"Reta";"Não";3;0;0;0;2;3;0;5;-20,68134897;-54,55509188;"SPRF-MS";"DEL01-MS";"UOP01-DEL01-MS"
335640;2021-01-20;"quarta-feira";"16:15:00";"PI";222;12;"SAO JOAO DA FRONTEIRA";"Manobra de mudança de faixa";"Colisão lateral sentido oposto";"Com Vítimas Fatais";"Pleno dia";"Crescente";"Chuva";"Simples";"Reta";"Não";4;1;0;0;1;3;0;5;-3,96891117;-41,32198394;"SPRF-PI";"DEL02-PI";"UOP01-DEL02-PI"
335647;2021-01-20;"quarta-feira";"20:40:00";"TO";153;496;"PARAISO DO TOCANTINS";"Acessar a via sem observar a presença dos outros veículos";"Colisão traseira";"Com Vítimas Feridas";"Plena Noite";"Crescente";"Céu Claro";"Simples";"Reta";"Sim";3;0;0;1;1;1;1;3;-10,16527794;-48,88094578;"SPRF-TO";"DEL01-TO";"UOP01-DEL01-TO"
335650;2021-01-20;"quarta-feira";"21:20:00";"BA";116;14;"VITORIA DA CONQUISTA";"Acessar a via sem observar a presença dos outros veículos";"Colisão transversal";"Com Vítimas Feridas";"Plena Noite";"Crescente";"Céu Claro";"Simples";"Reta";"Não";2;0;1;0;1;0;1;2;-14,89291317;-40,86650318;"SPRF-BA";"DEL08-BA";"UOP01-DEL08-BA"
335653;2021-01-20;"quarta-feira";"19:50:00";"SC";280;167,6;"MAFRA";"Transitar na contramão";"Colisão frontal";"Com Vítimas Fatais";"Plena Noite";"Decrescente";"Chuva";"Simples";"Declive;Curva";"Sim";4;1;1;0;1;2;1;4;-26,149577;-49,812884;"SPRF-SC";"DEL06-SC";"UOP01-DEL06-SC"
335654;2021-01-20;"quarta-feira";"05:00:00";"PI";343;479,6;"ANGICAL DO PIAUI";"Demais falhas mecânicas ou elétricas";"Incêndio";"Sem Vítimas";"Amanhecer";"Decrescente";"Ignorado";"Simples";"Reta";"Não";2;0;0;0;1;2;0;3;-6,160189;-42,71027;"SPRF-PI";"DEL01-PI";"UOP02-DEL01-PI"
335655;2021-01-20;"quarta-feira";"21:30:00";"PR";153;369,6;"RIO AZUL";"Ingestão de álcool pelo condutor";"Colisão transversal";"Com Vítimas Feridas";"Plena Noite";"Decrescente";"Chuva";"Simples";"Curva";"Não";2;0;1;0;1;0;1;2;-25,73669789;-50,80195243;"SPRF-PR";"DEL03-PR";"UOP03-DEL03-PR"
335658;2021-01-20;"quarta-feira";"21:30:00";"RN";226;79,6;"TANGARA";"Ingestão de álcool pelo condutor";"Colisão frontal";"Com Vítimas Fatais";"Plena Noite";"Decrescente";"Céu Claro";"Simples";"Reta";"Sim";2;1;0;0;1;0;0;2;-6,18906331;-35,78272296;"SPRF-RN";"DEL03-RN";"UOP02-DEL03-RN"
335664;2021-01-20;"quarta-feira";"15:30:00";"RO";364;429;"JARU";"Reação tardia ou ineficiente do condutor";"Saída de leito carroçável";"Sem Vítimas";"Pleno dia";"Decrescente";"Nublado";"Simples";"Reta;Aclive";"Não";2;0;0;0;1;2;0;3;-10,41628317;-62,5026501;"SPRF-RO";"DEL03-RO";"UOP02-DEL03-RO"