"id";"data_inversa";"dia_semana";"horario";"uf";"br";"km";"municipio";"causa_acidente";"tipo_acidente";"classificacao_acidente";"fase_dia";"sentido_via";"condicao_metereologica";"tipo_pista";"tracado_via";"uso_solo";"pessoas";"mortos";"feridos_leves";"feridos_graves";"ilesos";"ignorados";"feridos";"veiculos";"latitude";"longitude";"regional";"delegacia";"uop"
336432;2021-01-24;"domingo";"19:30:00";"BA";116;574;"BREJOES";"Acessar a via sem observar a presença dos outros veículos";"Colisão transversal";"Com Vítimas Feridas";"Plena Noite";"Crescente";"Nublado";"Simples";"Reta";"Sim";2;0;0;1;0;1;1;2;-13,04175609;-39,9675933;"SPRF-BA";"DEL03-BA";"UOP02-DEL03-BA"
336442;2021-01-24;"domingo";"23:15:00";"RJ";101;291;"ITABORAI";"Animais na Pista";"Colisão traseira";"Sem Vítimas";"Plena Noite";"Crescente";"Céu Claro";"Dupla";"Reta";"Não";1;0;0;0;1;0;0;1;-22,76457445;-42,86989322;"SPRF-RJ";"DEL02-RJ";"UOP03-DEL02-RJ"
336444;2021-01-24;"domingo";"17:20:00";"BA";101;869,9;"TEIXEIRA DE FREITAS";"Acostamento em desnível";"Tombamento";"Sem Vítimas";"Anoitecer";"Crescente";"Nublado";"Simples";"Aclive";"Não";2;0;0;0;1;1;0;2;-17,28436453;-39,77426346;"SPRF-BA";"DEL09-BA";"UOP02-DEL09-BA"
336455;2021-01-25;"segunda-feira";"02:50:00";"PR";116;168,1;"QUITANDINHA";"Ausência de reação do condutor";"Colisão frontal";"Com Vítimas Fatais";"Plena Noite";"Crescente";"Céu Claro";"Dupla";"Reta";"Não";2;1;0;0;1;0;0;2;-25,86303381;-49,41169739;"SPRF-PR";"DEL01-PR";"UOP03-DEL01-PR"
336458;2021-01-25;"segunda-feira";"04:20:00";"MG";262;461,1;"NOVA SERRANA";"Condutor Dormindo";"Colisão frontal";"Com Vítimas Fatais";"Amanhecer";"Decrescente";"Céu Claro";"Simples";"Reta";"Não";2;1;1;0;0;0;1;2;-19,80886165;-45,11947632;"SPRF-MG";"DEL08-MG";"UOP03-DEL08-MG"
336497;2021-01-25;"segunda-feira";"09:20:00";"BA";324;622;"SALVADOR";"Condutor deixou de manter distância do veículo da frente";"Engavetamento";"Sem Vítimas";"Pleno dia";"Crescente";"Céu Claro";"Dupla";"Reta";"Sim";7;0;0;0;7;0;0;7;-12,91888605;-38,46502095;"SPRF-BA";"DEL01-BA";"UOP01-DEL01-BA"
336503;2021-01-25;"segunda-feira";"08:15:00";"SC";470;144;"RIO DO SUL";"Velocidade Incompatível";"Colisão traseira";"Com Vítimas Feridas";"Pleno dia";"Decrescente";"Chuva";"Simples";"Reta";"Não";2;0;0;1;1;0;1;2;-27,235138;-49,677608;"SPRF-SC";"DEL04-SC";"UOP02-DEL04-SC"
336504;2021-01-25;"segunda-feira";"09:00:00";"PE";408;68,6;"CARPINA";"Manobra de mudança de faixa";"Colisão lateral mesmo sentido";"Com Vítimas Feridas";"Pleno dia";"Crescente";"Céu Claro";"Dupla";"Reta";"Não";7;0;0;1;5;1;1;2;-7,86263797;-35,20765997;"SPRF-PE";"DEL01-PE";"UOP01-DEL01-PE"
336515;2021-01-25;"segunda-feira";"11:30:00";"MG";267;286,5;"BAEPENDI";"Velocidade Incompatível";"Tombamento";"Com Vítimas Feridas";"Pleno dia";"Crescente";"Céu Claro";"Simples";"Curva";"Não";1;0;1;0;0;0;1;1;-21,92584814;-44,78302002;"SPRF-MG";"DEL17-MG";"UOP01-DEL17-MG"
336517;2021-01-25;"segunda-feira";"10:05:00";"SC";470;316,9;"CAMPOS NOVOS";"Ausência de reação do condutor";"Colisão frontal";"Com Vítimas Fatais";"Pleno dia";"Decrescente";"Nublado";"Simples";"Curva";"Não";3;1;0;0;1;2;0;4;-27,406104;-51,207486;"SPRF-SC";"DEL07-SC";"UOP06-DEL07-SC"
336518;2021-01-25;"segunda-feira";"11:40:00";"BA";324;526;"FEIRA DE SANTANA";"Acessar a via sem observar a presença dos outros veículos";"Colisão traseira";"Com Vítimas Feridas";"Pleno dia";"Crescente";"Céu Claro";"Dupla";"Reta";"Sim";5;0;1;0;3;4;1;8;-12,30639712;-38,89051509;"SPRF-BA";"DEL01-BA";"UOP03-DEL01-BA"
336526;2021-01-06;"quarta-feira";"00:10:00";"PA";163;990,9;"SANTAREM";"Transitar na contramão";"Colisão lateral sentido oposto";"Sem Vítimas";"Plena Noite";"Decrescente";"Céu Claro";"Simples";"Reta";"Sim";2;0;0;0;1;1;0;2;-2,55683598;-54,72216184;"SPRF-PA";"DEL05-PA";"UOP01-DEL05-PA"
336531;2021-01-25;"segunda-feira";"11:45:00";"GO";60;389;"RIO VERDE";"Reação tardia ou ineficiente do condutor";"Colisão traseira";"Com Vítimas Feridas";"Pleno dia";"Decrescente";"Garoa/Chuvisco";"Dupla";"Reta";"Sim";2;0;1;0;1;0;1;2;-17,819;-50,943;"SPRF-GO";"DEL04-GO";"UOP01-DEL04-GO"
336532;2021-01-06;"quarta-feira";"08:05:00";"SP";116;135,6;"SAO JOSE DOS CAMPOS";"Reação tardia ou ineficiente do condutor";"Engavetamento";"Com Vítimas Feridas";"Pleno dia";"Crescente";"Céu Claro";"Dupla";"Reta";"Não";7;0;1;0;5;1;1;7;-23,144484;-45,77018;"SPRF-SP";"DEL06-SP";"UOP01-DEL06-SP"
336552;2021-01-25;"segunda-feira";"05:50:00";"MT";174;168;"PORTO ESPERIDIAO";"Condutor deixou de manter distância do veículo da frente";"Colisão lateral";"Com Vítimas Feridas";"Pleno dia";"Decrescente";"Céu Claro";"Simples";"Reta";"Não";5;0;1;1;2;1;2;3;-15,84450476;-58,45541618;"SPRF-MT";"DEL03-MT";"UOP01-DEL03-MT"
336553;2021-01-25;"segunda-feira";"14:40:00";"RN";226;7;"NATAL";"Condutor deixou de manter distância do veículo da frente";"Colisão traseira";"Sem Vítimas";"Pleno dia";"Crescente";"Céu Claro";"Simples";"Curva";"Sim";2;0;0;0;2;0;0;2;-5,82773209;-35,28005834;"SPRF-RN";"DEL01-RN";"UOP02-DEL01-RN"
336555;2021-01-25;"segunda-feira";"15:00:00";"MG";40;196;"JOAO PINHEIRO";"Ausência de reação do condutor";"Saída de leito carroçável";"Com Vítimas Feridas";"Pleno dia";"Crescente";"Céu Claro";"Simples";"Reta";"Não";3;0;1;0;1;2;1;3;-17,99610525;-45,84316191;"SPRF-MG";"DEL14-MG";"UOP02-DEL14-MG"
336558;2021-01-25;"segunda-feira";"13:45:00";"MT";364;18,3;"ALTO ARAGUAIA";"Transitar no acostamento";"Colisão lateral sentido oposto";"Com Vítimas Fatais";"Pleno dia";"Crescente";"Sol";"Simples";"Declive;Curva";"Não";5;1;0;1;2;4;1;7;-17,2153618;-53,3296809;"SPRF-MT";"DEL02-MT";"UOP02-DEL02-MT"
336560;2021-01-25;"segunda-feira";"15:30:00";"BA";101;894;"CARAVELAS";"Condutor deixou de manter distância do veículo da frente";"Colisão traseira";"Com Vítimas Feridas";"Pleno dia";"Decrescente";"Céu Claro";"Simples";"Aclive";"Não";3;0;2;0;1;0;2;2;-17,68201;-39,77393;"SPRF-BA";"DEL09-BA";"UOP02-DEL09-BA"
336561;2021-01-25;"segunda-feira";"10:30:00";"BA";324;622;"SALVADOR";"Trafegar com motocicleta (ou similar) entre as faixas";"Queda de ocupante de veículo";"Com Vítimas Feridas";"Pleno dia";"Crescente";"Céu Claro";"Múltipla";"Reta";"Sim";3;0;1;0;1;1;1;3;-12,91888605;-38,46502095;"SPRF-BA";"DEL01-BA";"UOP01-DEL01-BA"
336565;2021-01-25;"segunda-feira";"13:30:00";"MT";364;244;"JUSCIMEIRA";"Velocidade Incompatível";"Tombamento";"Com Vítimas Feridas";"Pleno dia";"Decrescente";"Nevoeiro/Neblina";"Dupla";"Curva";"Não";4;0;2;1;0;1;3;2;-16,15048713;-54,80807708;"SPRF-MT";"DEL02-MT";"UOP01-DEL02-MT"
336566;2021-01-25;"segunda-feira";"16:00:00";"DF";20;5;"BRASILIA";"Chuva";"Colisão transversal";"Sem Vítimas";"Pleno dia";"Crescente";"Chuva";"Dupla";"Reta;Declive";"Sim";3;0;0;0;2;3;0;5;-15,670546;-47,816044;"SPRF-DF";"DEL02-DF";"UOP01-DEL02-DF"
336567;2021-01-25;"segunda-feira";"15:45:00";"PR";277;3,2;"PARANAGUA";"Conversão proibida";"Colisão transversal";"Com Vítimas Feridas";"Pleno dia";"Crescente";"Nublado";"Simples";"Reta;Interseção de Vias";"Sim";4;0;1;0;2;1;1;3;-25,568198;-48,615292;"SPRF-PR";"DEL01-PR";"UOP05-DEL01-PR"
336568;2021-01-25;"segunda-feira";"16:20:00";"RJ";116;278,8;"BARRA MANSA";"Condutor deixou de manter distância do veículo da frente";"Colisão traseira";"Sem Vítimas";"Pleno dia";"Crescente";"Nublado";"Dupla";"Reta";"Sim";2;0;0;0;2;0;0;2;-22,55271018;-44,17778004;"SPRF-RJ";"DEL07-RJ";"UOP02-DEL07-RJ"
336577;2021-01-25;"segunda-feira";"13:35:00";"MG";365;409,7;"PATOS DE MINAS";"Entrada inopinada do pedestre";"Atropelamento de Pedestre";"Com Vítimas Fatais";"Pleno dia";"Crescente";"Céu Claro";"Múltipla";"Reta";"Não";3;1;0;0;1;1;0;3;-18,65228912;-46,51471573;"SPRF-MG";"DEL10-MG";"UOP01-DEL10-MG"
336580;2021-01-25;"segunda-feira";"13:00:00";"SC";282;65,8;"RANCHO QUEIMADO";"Velocidade Incompatível";"Colisão traseira";"Com Vítimas Feridas";"Pleno dia";"Crescente";"Chuva";"Simples";"Reta";"Não";3;0;0;1;2;0;1;2;-27,692892;-49,059013;"SPRF-SC";"DEL01-SC";"UOP03-DEL01-SC"
336584;2021-01-25;"segunda-feira";"16:40:00";"MG";381;619,6;"OLIVEIRA";"Condutor deixou de manter distância do veículo da frente";"Colisão transversal";"Com Vítimas Feridas";"Pleno dia";"Decrescente";"Céu Claro";"Dupla";"Declive;Reta";"Não";3;0;2;0;1;0;2;2;-20,77747317;-44,78250849;"SPRF-MG";"DEL04-MG";"UOP01-DEL04-MG"
336585;2021-01-25;"segunda-feira";"12:57:00";"SC";116;160;"SANTA CECILIA";"Velocidade Incompatível";"Saída de leito carroçável";"Com Vítimas Feridas";"Pleno dia";"Crescente";"Chuva";"Simples";"Reta";"Não";2;0;1;0;0;1;1;2;-27,10810008;-50,45597767;"SPRF-SC";"DEL06-SC";"UOP02-DEL06-SC"
336589;2021-01-25;"segunda-feira";"12:10:00";"RS";116;399,9;"CAMAQUA";"Acessar a via sem observar a presença dos outros veículos";"Colisão transversal";"Com Vítimas Fatais";"Pleno dia";"Crescente";"Céu Claro";"Simples";"Reta";"Sim";4;1;1;1;1;0;2;3;-30,86691995;-51,80039803;"SPRF-RS";"DEL02-RS";"UOP02-DEL02-RS"
336591;2021-01-25;"segunda-feira";"16:10:00";"RO";364;273,7;"CACOAL";"Desrespeitar a preferência no cruzamento";"Colisão transversal";"Com Vítimas Feridas";"Pleno dia";"Crescente";"Céu Claro";"Simples";"Interseção de Vias";"Não";3;0;0;1;2;0;1;2;-11,38613832;-61,7483139;"SPRF-RO";"DEL02-RO";"UOP02-DEL02-RO"
336592;2021-01-25;"segunda-feira";"13:40:00";"SC";470;260,6;"CURITIBANOS";"Velocidade Incompatível";"Colisão frontal";"Com Vítimas Fatais";"Pleno dia";"Decrescente";"Chuva";"Simples";"Reta";"Não";3;1;0;0;2;0;0;2;-27,30003893;-50,69033861;"SPRF-SC";"DEL05-SC";"UOP03-DEL05-SC"
336597;2021-01-25;"segunda-feira";"16:45:00";"RS";285;477;"CORONEL BARROS";"Velocidade Incompatível";"Tombamento";"Sem Vítimas";"Pleno dia";"Decrescente";"Chuva";"Simples";"Interseção de Vias";"Sim";1;0;0;0;1;0;0;1;-28,38117;-54,071877;"SPRF-RS";"DEL10-RS";"UOP01-DEL10-RS"
336598;2021-01-25;"segunda-feira";"18:00:00";"SC";101;352,1;"JAGUARUNA";"Condutor deixou de manter distância do veículo da frente";"Colisão traseira";"Com Vítimas Feridas";"Pleno dia";"Crescente";"Nublado";"Múltipla";"Aclive;Reta";"Não";3;0;1;0;1;1;1;3;-28,61553148;-49,06665802;"SPRF-SC";"DEL02-SC";"UOP01-DEL02-SC"
336601;2021-01-25;"segunda-feira";"17:40:00";"MT";364;399;"CUIABA";"Acessar a via sem observar a presença dos outros veículos";"Colisão transversal";"Com Vítimas Feridas";"Pleno dia";"Crescente";"Céu Claro";"Simples";"Reta";"Sim";4;0;1;1;1;3;2;5;-15,67919104;-55,92995102;"SPRF-MT";"DEL01-MT";"UOP02-DEL01-MT"
336608;2021-01-25;"segunda-feira";"16:51:00";"MG";381;941,5;"EXTREMA";"Chuva";"Saída de leito carroçável";"Com Vítimas Feridas";"Pleno dia";"Crescente";"Chuva";"Dupla";"Reta";"Não";5;0;1;0;2;2;1;5;-22,86021873;-46,34260711;"SPRF-MG";"DEL16-MG";"UOP03-DEL16-MG"
336612;2021-01-25;"segunda-feira";"18:40:00";"ES";262;159;"IBATIBA";"Desrespeitar a preferência no cruzamento";"Colisão transversal";"Com Vítimas Feridas";"Plena Noite";"Crescente";"Céu Claro";"Simples";"Interseção de Vias";"Sim";2;0;0;1;1;0;1;2;-20,23362208;-41,5053348;"SPRF-ES";"DEL01-ES";"UOP02-DEL01-ES"
336614;2021-01-25;"segunda-feira";"19:15:00";"SC";101;116;"ITAJAI";"Desrespeitar a preferência no cruzamento";"Colisão transversal";"Com Vítimas Feridas";"Plena Noite";"Decrescente";"Garoa/Chuvisco";"Simples";"Interseção de Vias";"Sim";2;0;1;0;1;0;1;2;-26,87905605;-48,72603512;"SPRF-SC";"DEL04-SC";"UOP04-DEL04-SC"
336619;2021-01-25;"segunda-feira";"14:30:00";"RO";435;121;"CEREJEIRAS";"Ultrapassagem Indevida";"Colisão transversal";"Com Vítimas Feridas";"Pleno dia";"Crescente";"Céu Claro";"Dupla";"Reta";"Sim";3;0;2;0;1;0;2;2;-13,18897512;-60,80664396;"SPRF-RO";"DEL04-RO";"UOP02-DEL04-RO"
336625;2021-01-25;"segunda-feira";"18:00:00";"BA";101;222;"CONCEICAO DO ALMEIDA";"Condutor deixou de manter distância do veículo da frente";"Colisão traseira";"Com Vítimas Feridas";"Plena Noite";"Crescente";"Céu Claro";"Simples";"Reta";"Não";2;0;1;0;1;0;1;2;-12,767004;-39,183527;"SPRF-BA";"DEL01-BA";"UOP02-DEL01-BA"
336626;2021-01-25;"segunda-feira";"19:50:00";"GO";80;173;"URUACU";"Desrespeitar a preferência no cruzamento";"Colisão transversal";"Com Vítimas Feridas";"Plena Noite";"Crescente";"Céu Claro";"Simples";"Reta";"Não";4;0;0;1;2;2;1;5;-14,690585;-49,121987;"SPRF-GO";"DEL07-GO";"UOP01-DEL07-GO"
336633;2021-01-25;"segunda-feira";"19:39:00";"AC";364;136;"RIO BRANCO";"Manobra de mudança de faixa";"Colisão lateral mesmo sentido";"Com Vítimas Feridas";"Plena Noite";"Crescente";"Céu Claro";"Dupla";"Aclive";"Sim";3;0;0;1;1;1;1;3;-9,977578;-67,8489;"SPRF-AC";"DEL01-AC";"UOP01-DEL01-AC"
336639;2021-01-25;"segunda-feira";"22:35:00";"SC";470;193;"POUSO REDONDO";"Velocidade Incompatível";"Saída de leito carroçável";"Com Vítimas Feridas";"Plena Noite";"Decrescente";"Nevoeiro/Neblina";"Simples";"Declive;Curva";"Não";2;0;0;1;0;1;1;2;-27,300575;-50,075451;"SPRF-SC";"DEL04-SC";"UOP02-DEL04-SC"
336641;2021-01-25;"segunda-feira";"19:00:00";"BA";330;792,6;"JEQUIE";"Velocidade Incompatível";"Tombamento";"Com Vítimas Feridas";"Plena Noite";"Decrescente";"Nublado";"Simples";"Reta";"Não";1;0;1;0;0;0;1;1;-13,9122441;-40,01406707;"SPRF-BA";"DEL03-BA";"UOP01-DEL03-BA"
336645;2021-01-25;"segunda-feira";"17:40:00";"SC";282;611;"MARAVILHA";"Velocidade Incompatível";"Saída de leito carroçável";"Com Vítimas Feridas";"Pleno dia";"Crescente";"Chuva";"Simples";"Reta";"Não";2;0;1;1;0;0;2;1;-26,755428;-53,239933;"SPRF-SC";"DEL07-SC";"UOP02-DEL07-SC"
336647;2021-01-25;"segunda-feira";"22:40:00";"ES";262;21,3;"VIANA";"Iluminação deficiente";"Atropelamento de Animal";"Sem Vítimas";"Plena Noite";"Decrescente";"Céu Claro";"Simples";"Reta";"Não";3;0;0;0;1;2;0;2;-20,38054389;-40,50497908;"SPRF-ES";"DEL01-ES";"UOP01-DEL01-ES"
336652;2021-01-25;"segunda-feira";"23:15:00";"CE";222;202;"FORQUILHA";"Reação tardia ou ineficiente do condutor";"Colisão com objeto";"Sem Vítimas";"Plena Noite";"Decrescente";"Nublado";"Simples";"Curva";"Não";2;0;0;0;1;1;0;2;-3,79695907;-40,21547705;"SPRF-CE";"DEL04-CE";"UOP01-DEL04-CE"
336653;2021-01-25;"segunda-feira";"10:00:00";"PR";153;364,2;"RIO AZUL";"Falta de acostamento";"Saída de leito carroçável";"Com Vítimas Feridas";"Pleno dia";"Crescente";"Chuva";"Simples";"Reta";"Não";1;0;1;0;0;0;1;1;-25,70060732;-50,77890365;"SPRF-PR";"DEL03-PR";"UOP03-DEL03-PR"
336656;2021-01-25;"segunda-feira";"23:20:00";"SP";153;331,2;"SAO PEDRO DO TURVO";"Avarias e/ou desgaste excessivo no pneu";"Colisão traseira";"Com Vítimas Feridas";"Plena Noite";"Crescente";"Céu Claro";"Simples";"Reta";"Não";19;0;1;0;18;0;1;2;-22,862711;-49,88959271;"SPRF-SP";"DEL07-SP";"UOP03-DEL07-SP"
336657;2021-01-26;"terça-feira";"00:05:00";"PR";277;328,5;"GUARAPUAVA";"Pista Escorregadia";"Colisão lateral";"Com Vítimas Feridas";"Plena Noite";"Crescente";"Ignorado";"Simples";"Curva";"Não";4;0;1;0;2;2;1;4;-25,37242804;-51,28148999;"SPRF-PR";"DEL08-PR";"UOP01-DEL08-PR"
336662;2021-01-26;"terça-feira";"01:30:00";"GO";60;137;"GOIANIA";"Reação tardia ou ineficiente do condutor";"Tombamento";"Com Vítimas Feridas";"Plena Noite";"Crescente";"Céu Claro";"Dupla";"Declive";"Sim";1;0;0;1;0;0;1;1;-16,5959;-49,1965;"SPRF-GO";"DEL01-GO";"UOP01-DEL01-GO"
336670;2021-01-26;"terça-feira";"02:57:00";"RJ";116;222,4;"PIRAI";"Velocidade Incompatível";"Tombamento";"Com Vítimas Feridas";"Amanhecer";"Decrescente";"Céu Claro";"Dupla";"Curva";"Não";1;0;0;1;0;0;1;1;-22,66121836;-43,7540254;"SPRF-RJ";"DEL07-RJ";"UOP01-DEL07-RJ"
336671;2021-01-26;"terça-feira";"02:50:00";"RS";116;355;"TAPES";"Demais falhas mecânicas ou elétricas";"Incêndio";"Sem Vítimas";"Plena Noite";"Decrescente";"Nublado";"Dupla";"Reta";"Não";2;0;0;0;1;1;0;2;-30,58224705;-51,53023295;"SPRF-RS";"DEL02-RS";"UOP02-DEL02-RS"
336672;2021-01-26;"terça-feira";"03:30:00";"RJ";40;77;"PETROPOLIS";"Condutor Dormindo";"Saída de leito carroçável";"Com Vítimas Feridas";"Plena Noite";"Crescente";"Céu Claro";"Simples";"Reta";"Não";1;0;1;0;0;0;1;1;-22,48005592;-43,23543994;"SPRF-RJ";"DEL06-RJ";"UOP01-DEL06-RJ"
336673;2021-01-26;"terça-feira";"03:40:00";"RJ";116;26;"SAPUCAIA";"Demais falhas mecânicas ou elétricas";"Incêndio";"Sem Vítimas";"Plena Noite";"Crescente";"Céu Claro";"Simples";"Reta";"Não";1;0;0;0;1;0;0;1;-22,04634998;-42,7844458;"SPRF-RJ";"DEL04-RJ";"UOP01-DEL04-RJ"
336676;2021-01-26;"terça-feira";"05:30:00";"SP";153;68,8;"SAO JOSE DO RIO PRETO";"Condutor Dormindo";"Colisão traseira";"Com Vítimas Feridas";"Amanhecer";"Crescente";"Céu Claro";"Dupla";"Aclive;Curva";"Sim";3;0;1;0;1;1;1;3;-20,8505829;-49,383795;"SPRF-SP";"DEL09-SP";"UOP01-DEL09-SP"
336677;2021-01-26;"terça-feira";"05:40:00";"MG";381;483,1;"BETIM";"Manobra de mudança de faixa";"Colisão lateral mesmo sentido";"Com Vítimas Feridas";"Amanhecer";"Decrescente";"Céu Claro";"Dupla";"Curva";"Sim";3;0;1;0;1;1;1;3;-19,95594491;-44,10721699;"SPRF-MG";"DEL01-MG";"UOP03-DEL01-MG"
336679;2021-01-26;"terça-feira";"06:30:00";"DF";40;5,5;"BRASILIA";"Condutor deixou de manter distância do veículo da frente";"Colisão traseira";"Com Vítimas Feridas";"Pleno dia";"Decrescente";"Céu Claro";"Dupla";"Reta";"Sim";3;0;0;1;2;0;1;3;-16,020903;-47,980541;"SPRF-DF";"DEL01-DF";"UOP01-DEL01-DF"
336681;2021-01-26;"terça-feira";"04:45:00";"MS";163;665,2;"RIO VERDE DE MATO GROSSO";"Condutor Dormindo";"Saída de leito carroçável";"Com Vítimas Feridas";"Amanhecer";"Crescente";"Ignorado";"Simples";"Reta;Aclive";"Não";2;0;1;0;0;2;1;3;-19,04496622;-54,81017934;"SPRF-MS";"DEL06-MS";"UOP02-DEL06-MS"
336685;2021-01-25;"segunda-feira";"16:30:00";"MG";381;484;"BETIM";"Manobra de mudança de faixa";"Colisão lateral";"Com Vítimas Feridas";"Pleno dia";"Crescente";"Céu Claro";"Dupla";"Curva";"Sim";2;0;1;0;1;0;1;2;-19,95531717;-44,11722196;"SPRF-MG";"DEL01-MG";"UOP03-DEL01-MG"
336687;2021-01-26;"terça-feira";"07:15:00";"RS";392;350,1;"SANTA MARIA";"Acesso irregular";"Colisão lateral mesmo sentido";"Com Vítimas Feridas";"Pleno dia";"Crescente";"Céu Claro";"Simples";"Reta";"Sim";3;0;1;0;1;2;1;4;-29,73610908;-53,79788213;"SPRF-RS";"DEL09-RS";"UOP01-DEL09-RS"
336692;2021-01-26;"terça-feira";"06:00:00";"MG";153;53;"MONTE ALEGRE DE MINAS";"Condutor Dormindo";"Saída de leito carroçável";"Com Vítimas Feridas";"Pleno dia";"Decrescente";"Céu Claro";"Dupla";"Reta";"Não";3;0;1;0;1;1;1;3;-18,848;-49,08971;"SPRF-MG";"DEL15-MG";"UOP03-DEL15-MG"
336693;2021-01-26;"terça-feira";"07:30:00";"MG";365;590;"ARAGUARI";"Falta de elemento de contenção que evite a saída do leito carroçável";"Saída de leito carroçável";"Com Vítimas Fatais";"Pleno dia";"Crescente";"Céu Claro";"Simples";"Aclive";"Não";5;1;0;2;1;1;2;3;-18,88309889;-48,04310394;"SPRF-MG";"DEL15-MG";"UOP02-DEL15-MG"
336699;2021-01-26;"terça-feira";"03:00:00";"RJ";101;111;"CAMPOS DOS GOYTACAZES";"Velocidade Incompatível";"Tombamento";"Sem Vítimas";"Plena Noite";"Crescente";"Céu Claro";"Dupla";"Curva";"Não";2;0;0;0;1;1;0;2;-21,96256001;-41,64818859;"SPRF-RJ";"DEL08-RJ";"UOP02-DEL08-RJ"
336700;2021-01-26;"terça-feira";"07:10:00";"RS";285;218;"CASEIROS";"Desrespeitar a preferência no cruzamento";"Colisão transversal";"Com Vítimas Feridas";"Pleno dia";"Crescente";"Nublado";"Simples";"Interseção de Vias";"Sim";2;0;1;0;1;0;1;2;-28,272339;-51,690033;"SPRF-RS";"DEL08-RS";"UOP05-DEL08-RS"
336701;2021-01-26;"terça-feira";"06:30:00";"MG";267;200;"BOM JARDIM DE MINAS";"Velocidade Incompatível";"Tombamento";"Com Vítimas Feridas";"Amanhecer";"Decrescente";"Céu Claro";"Simples";"Curva";"Não";1;0;1;0;0;0;1;1;-21,93311108;-44,08851501;"SPRF-MG";"DEL05-MG";"UOP01-DEL05-MG"
336702;2021-01-26;"terça-feira";"07:30:00";"PB";230;26;"JOAO PESSOA";"Reação tardia ou ineficiente do condutor";"Tombamento";"Sem Vítimas";"Pleno dia";"Crescente";"Céu Claro";"Múltipla";"Reta";"Sim";2;0;0;0;2;0;0;2;-7,1693;-34,8782;"SPRF-PB";"DEL01-PB";"UOP01-DEL01-PB"
336704;2021-01-26;"terça-feira";"09:04:00";"MG";381;873,6;"ESTIVA";"Objeto estático sobre o leito carroçável";"Colisão com objeto";"Com Vítimas Fatais";"Pleno dia";"Crescente";"Sol";"Dupla";"Declive;Curva";"Não";3;1;0;0;0;2;0;2;-22,4174159;-45,96473694;"SPRF-MG";"DEL16-MG";"UOP01-DEL16-MG"
336706;2021-01-26;"terça-feira";"08:30:00";"MT";163;766;"SORRISO";"Condutor deixou de manter distância do veículo da frente";"Colisão traseira";"Sem Vítimas";"Pleno dia";"Crescente";"Céu Claro";"Simples";"Reta";"Não";3;0;0;0;2;3;0;5;-12,442;-55,654;"SPRF-MT";"DEL06-MT";"UOP01-DEL06-MT"
336711;2021-01-26;"terça-feira";"09:30:00";"PR";476;144;"CURITIBA";"Velocidade Incompatível";"Tombamento";"Com Vítimas Feridas";"Pleno dia";"Crescente";"Nublado";"Dupla";"Curva";"Não";2;0;1;0;0;1;1;2;-25,542501;-49,313011;"SPRF-PR";"DEL01-PR";"UOP03-DEL01-PR"
336712;2021-01-26;"terça-feira";"07:00:00";"PR";369;22,5;"CAMBARA";"Reação tardia ou ineficiente do condutor";"Colisão transversal";"Com Vítimas Feridas";"Pleno dia";"Crescente";"Sol";"Simples";"Interseção de Vias";"Sim";2;0;1;0;1;0;1;2;-23,043231;-50,104485;"SPRF-PR";"DEL07-PR";"UOP01-DEL07-PR"
336720;2021-01-26;"terça-feira";"08:30:00";"SP";116;315;"JUQUITIBA";"Reação tardia ou ineficiente do condutor";"Colisão traseira";"Com Vítimas Feridas";"Pleno dia";"Decrescente";"Céu Claro";"Dupla";"Reta";"Sim";4;0;2;0;1;3;2;6;-23,89701076;-46,98647618;"SPRF-SP";"DEL04-SP";"UOP01-DEL04-SP"
336733;2021-01-20;"quarta-feira";"21:00:00";"PR";116;47;"CAMPINA GRANDE DO SUL";"Velocidade Incompatível";"Colisão transversal";"Com Vítimas Feridas";"Anoitecer";"Crescente";"Garoa/Chuvisco";"Dupla";"Reta;Retorno Regulamentado";"Não";6;0;1;0;4;2;1;4;-25,21058799;-48,89720903;"SPRF-PR";"DEL01-PR";"UOP02-DEL01-PR"
336736;2021-01-26;"terça-feira";"14:52:00";"ES";101;297;"VIANA";"Trafegar com motocicleta (ou similar) entre as faixas";"Queda de ocupante de veículo";"Com Vítimas Feridas";"Pleno dia";"Decrescente";"Céu Claro";"Dupla";"Reta";"Não";3;0;2;0;0;1;2;2;-20,34529844;-40,41026774;"SPRF-ES";"DEL01-ES";"UOP01-DEL01-ES"
336739;2021-01-26;"terça-feira";"15:10:00";"MG";262;444,1;"NOVA SERRANA";"Ausência de reação do condutor";"Colisão traseira";"Com Vítimas Feridas";"Pleno dia";"Decrescente";"Céu Claro";"Dupla";"Reta";"Sim";4;0;0;2;2;0;2;2;-19,88065393;-44,92197102;"SPRF-MG";"DEL08-MG";"UOP03-DEL08-MG"
336746;2021-01-26;"terça-feira";"09:40:00";"MA";135;32;"BACABEIRA";"Manobra de mudança de faixa";"Colisão lateral";"Com Vítimas Feridas";"Pleno dia";"Crescente";"Céu Claro";"Dupla";"Reta";"Sim";3;0;1;0;2;0;1;2;-2,82208;-44,37442879;"SPRF-MA";"DEL01-MA";"UOP01-DEL01-MA"
336747;2021-01-26;"terça-feira";"14:20:00";"AP";156;322;"PORTO GRANDE";"Ultrapassagem Indevida";"Saída de leito carroçável";"Com Vítimas Feridas";"Pleno dia";"Crescente";"Nublado";"Simples";"Reta";"Não";3;0;2;0;1;0;2;1;0,56798241;-51,15425668;"SPRF-AP";"DEL01-AP";"UOP01-DEL01-AP"