"id";"data_inversa";"dia_semana";"horario";"uf";"br";"km";"municipio";"causa_acidente";"tipo_acidente";"classificacao_acidente";"fase_dia";"sentido_via";"condicao_metereologica";"tipo_pista";"tracado_via";"uso_solo";"pessoas";"mortos";"feridos_leves";"feridos_graves";"ilesos";"ignorados";"feridos";"veiculos";"latitude";"longitude";"regional";"delegacia";"uop"
336753;2021-01-26;"terça-feira";"16:45:00";"RJ";101;60;"CAMPOS DOS GOYTACAZES";"Reação tardia ou ineficiente do condutor";"Colisão transversal";"Com Vítimas Feridas";"Pleno dia";"Crescente";"Céu Claro";"Simples";"Reta;Interseção de Vias";"Sim";2;0;0;1;1;0;1;2;-21,72411384;-41,31946224;"SPRF-RJ";"DEL08-RJ";"UOP01-DEL08-RJ"
336759;2021-01-26;"terça-feira";"17:00:00";"SC";101;139,3;"BALNEARIO CAMBORIU";"Manobra de mudança de faixa";"Colisão lateral mesmo sentido";"Com Vítimas Feridas";"Pleno dia";"Crescente";"Nublado";"Dupla";"Aclive";"Não";2;0;1;0;1;0;1;2;-27,02982303;-48,60115006;"SPRF-SC";"DEL04-SC";"UOP03-DEL04-SC"
336764;2021-01-26;"terça-feira";"17:30:00";"ES";101;145;"LINHARES";"Reação tardia ou ineficiente do condutor";"Colisão lateral";"Com Vítimas Feridas";"Pleno dia";"Decrescente";"Céu Claro";"Dupla";"Reta";"Sim";3;0;1;0;1;1;1;3;-19,36089598;-40,06464018;"SPRF-ES";"DEL04-ES";"UOP01-DEL04-ES"
336765;2021-01-26;"terça-feira";"13:50:00";"SC";470;2,5;"NAVEGANTES";"Retorno proibido";"Colisão lateral";"Com Vítimas Feridas";"Pleno dia";"Crescente";"Céu Claro";"Simples";"Reta";"Sim";3;0;1;0;1;1;1;3;-26,868551;-48,674831;"SPRF-SC";"DEL04-SC";"UOP04-DEL04-SC"
336766;2021-01-26;"terça-feira";"17:45:00";"RS";116;386,3;"CAMAQUA";"Condutor Dormindo";"Colisão traseira";"Com Vítimas Feridas";"Pleno dia";"Crescente";"Chuva";"Dupla";"Reta";"Não";3;0;1;0;2;0;1;2;-30,80844437;-51,68820064;"SPRF-RS";"DEL02-RS";"UOP02-DEL02-RS"
336768;2021-01-26;"terça-feira";"17:38:00";"SP";116;322;"JUQUITIBA";"Obras na pista";"Colisão traseira";"Com Vítimas Fatais";"Pleno dia";"Crescente";"Céu Claro";"Dupla";"Reta";"Não";2;1;0;0;1;0;0;2;-23,935106;-47,026682;"SPRF-SP";"DEL04-SP";"UOP01-DEL04-SP"
336770;2021-01-26;"terça-feira";"17:30:00";"MG";50;147,7;"UBERABA";"Chuva";"Saída de leito carroçável";"Com Vítimas Feridas";"Pleno dia";"Crescente";"Chuva";"Dupla";"Reta;Ponte";"Não";2;0;1;0;0;1;1;2;-19,53778804;-48,03695932;"SPRF-MG";"DEL13-MG";"UOP01-DEL13-MG"
336772;2021-01-26;"terça-feira";"17:29:00";"PR";376;616;"SAO JOSE DOS PINHAIS";"Acessar a via sem observar a presença dos outros veículos";"Colisão transversal";"Com Vítimas Feridas";"Pleno dia";"Decrescente";"Nublado";"Múltipla";"Curva;Aclive";"Sim";4;0;2;0;1;1;2;3;-25,57583659;-49,17953679;"SPRF-PR";"DEL01-PR";"UOP04-DEL01-PR"
336773;2021-01-26;"terça-feira";"17:30:00";"MG";251;331;"FRUTA DE LEITE";"Afundamento ou ondulação no pavimento";"Tombamento";"Com Vítimas Feridas";"Pleno dia";"Decrescente";"Nublado";"Simples";"Curva";"Não";3;0;0;1;1;1;1;2;-16,26364876;-42,41718899;"SPRF-MG";"DEL12-MG";"UOP01-DEL12-MG"
336780;2021-01-26;"terça-feira";"18:55:00";"MG";50;170;"UBERABA";"Demais falhas mecânicas ou elétricas";"Incêndio";"Sem Vítimas";"Anoitecer";"Crescente";"Céu Claro";"Dupla";"Curva";"Sim";1;0;0;0;1;0;0;1;-19,73661208;-47,98290957;"SPRF-MG";"DEL13-MG";"UOP01-DEL13-MG"
336785;2021-01-26;"terça-feira";"16:05:00";"BA";235;416;"CASA NOVA";"Falta de acostamento";"Colisão frontal";"Com Vítimas Fatais";"Pleno dia";"Decrescente";"Céu Claro";"Simples";"Reta";"Não";3;2;0;0;0;1;0;3;-9,26064333;-41,18749688;"SPRF-BA";"DEL04-BA";"UOP01-DEL04-BA"
336790;2021-01-26;"terça-feira";"17:15:00";"MG";381;524,5;"BRUMADINHO";"Velocidade Incompatível";"Colisão traseira";"Sem Vítimas";"Pleno dia";"Crescente";"Céu Claro";"Dupla";"Reta";"Não";2;0;0;0;2;0;0;2;-20,160736;-44,329843;"SPRF-MG";"DEL04-MG";"UOP03-DEL04-MG"
336794;2021-01-26;"terça-feira";"16:30:00";"RS";285;297,3;"PASSO FUNDO";"Condutor deixou de manter distância do veículo da frente";"Colisão traseira";"Com Vítimas Feridas";"Pleno dia";"Decrescente";"Chuva";"Simples";"Reta";"Sim";4;0;2;0;2;0;2;2;-28,235136;-52,413391;"SPRF-RS";"DEL08-RS";"UOP03-DEL08-RS"
336803;2021-01-26;"terça-feira";"12:37:00";"MS";376;21;"FATIMA DO SUL";"Reação tardia ou ineficiente do condutor";"Saída de leito carroçável";"Com Vítimas Feridas";"Pleno dia";"Decrescente";"Céu Claro";"Simples";"Reta";"Não";2;0;0;1;0;1;1;2;-22,33650772;-54,56628069;"SPRF-MS";"DEL04-MS";"UOP04-DEL04-MS"
336807;2021-01-26;"terça-feira";"21:10:00";"GO";40;95;"CRISTALINA";"Ausência de reação do condutor";"Colisão traseira";"Com Vítimas Feridas";"Plena Noite";"Crescente";"Céu Claro";"Simples";"Reta";"Sim";2;0;1;0;1;0;1;2;-16,750555;-47,607549;"SPRF-DF";"DEL01-DF";"UOP02-DEL01-DF"
336814;2021-01-26;"terça-feira";"21:30:00";"RS";293;169;"HULHA NEGRA";"Falta de acostamento";"Colisão traseira";"Com Vítimas Feridas";"Plena Noite";"Crescente";"Garoa/Chuvisco";"Simples";"Reta";"Não";3;0;1;0;1;1;1;3;-31,34749768;-53,95004479;"SPRF-RS";"DEL11-RS";"UOP03-DEL11-RS"
336815;2021-01-26;"terça-feira";"22:10:00";"RS";386;396,4;"TRIUNFO";"Velocidade Incompatível";"Saída de leito carroçável";"Com Vítimas Feridas";"Plena Noite";"Decrescente";"Chuva";"Simples";"Curva;Declive";"Não";2;0;1;0;0;1;1;2;-29,732574;-51,631935;"SPRF-RS";"DEL04-RS";"UOP02-DEL04-RS"
336817;2021-01-26;"terça-feira";"21:00:00";"ES";262;166;"IBATIBA";"Transitar na contramão";"Colisão lateral sentido oposto";"Com Vítimas Feridas";"Plena Noite";"Crescente";"Céu Claro";"Simples";"Reta;Declive";"Não";3;0;0;1;1;1;1;3;-20,2468411;-41,56027697;"SPRF-ES";"DEL01-ES";"UOP02-DEL01-ES"
336819;2021-01-26;"terça-feira";"22:40:00";"PE";110;256;"JATOBA";"Animais na Pista";"Atropelamento de Animal";"Com Vítimas Feridas";"Plena Noite";"Crescente";"Céu Claro";"Simples";"Reta";"Não";2;0;1;0;1;0;1;1;-9,26271509;-38,23011208;"SPRF-BA";"DEL07-BA";"UOP01-DEL07-BA"
336824;2021-01-26;"terça-feira";"22:30:00";"BA";101;655;"ITAPEBI";"Animais na Pista";"Tombamento";"Sem Vítimas";"Plena Noite";"Crescente";"Céu Claro";"Simples";"Declive";"Não";2;0;0;0;0;3;0;3;-16,06032115;-39,61950067;"SPRF-BA";"DEL05-BA";"UOP02-DEL05-BA"
336825;2021-01-26;"terça-feira";"22:30:00";"SC";470;197;"PONTE ALTA";"Ultrapassagem Indevida";"Colisão lateral";"Com Vítimas Feridas";"Pleno dia";"Crescente";"Nevoeiro/Neblina";"Simples";"Aclive";"Não";3;0;0;1;1;2;1;4;-27,306166;-50,108849;"SPRF-SC";"DEL04-SC";"UOP02-DEL04-SC"
336834;2021-01-27;"quarta-feira";"05:10:00";"SC";470;147,1;"RIO DO SUL";"Ingestão de álcool pelo condutor";"Colisão frontal";"Sem Vítimas";"Amanhecer";"Decrescente";"Nublado";"Simples";"Reta";"Não";2;0;0;0;2;0;0;2;-27,243439;-49,690025;"SPRF-SC";"DEL04-SC";"UOP02-DEL04-SC"
336835;2021-01-27;"quarta-feira";"05:30:00";"RS";101;22,7;"TRES CACHOEIRAS";"Reação tardia ou ineficiente do condutor";"Colisão traseira";"Com Vítimas Feridas";"Amanhecer";"Crescente";"Nublado";"Múltipla";"Viaduto;Reta";"Sim";3;0;0;1;1;2;1;4;-29,4398072;-49,90113887;"SPRF-RS";"DEL03-RS";"UOP02-DEL03-RS"
336851;2021-01-27;"quarta-feira";"07:45:00";"PR";373;244;"GUAMIRANGA";"Condutor deixou de manter distância do veículo da frente";"Colisão traseira";"Com Vítimas Feridas";"Pleno dia";"Decrescente";"Nublado";"Simples";"Curva";"Não";3;0;0;1;1;1;1;3;-25,1905309;-50,79562196;"SPRF-PR";"DEL03-PR";"UOP04-DEL03-PR"
336857;2021-01-27;"quarta-feira";"07:30:00";"RS";386;241;"SOLEDADE";"Avarias e/ou desgaste excessivo no pneu";"Colisão transversal";"Com Vítimas Feridas";"Pleno dia";"Crescente";"Chuva";"Simples";"Reta";"Não";3;0;1;0;1;2;1;4;-28,774895;-52,533451;"SPRF-RS";"DEL04-RS";"UOP03-DEL04-RS"
336859;2021-01-26;"terça-feira";"15:00:00";"BA";116;581;"NOVA ITARANA";"Velocidade Incompatível";"Saída de leito carroçável";"Com Vítimas Feridas";"Pleno dia";"Crescente";"Céu Claro";"Simples";"Curva";"Não";2;0;1;0;0;1;1;2;-13,1062;-39,9953;"SPRF-BA";"DEL03-BA";"UOP02-DEL03-BA"
336860;2021-01-27;"quarta-feira";"09:30:00";"MG";40;804,9;"MATIAS BARBOSA";"Ausência de reação do condutor";"Colisão traseira";"Com Vítimas Feridas";"Pleno dia";"Decrescente";"Sol";"Dupla";"Aclive";"Não";3;0;0;1;1;2;1;4;-21,86313979;-43,37348589;"SPRF-MG";"DEL05-MG";"UOP01-DEL05-MG"
336868;2021-01-27;"quarta-feira";"10:00:00";"MG";262;354;"BETIM";"Velocidade Incompatível";"Tombamento";"Com Vítimas Feridas";"Pleno dia";"Crescente";"Céu Claro";"Dupla";"Reta";"Não";2;0;2;0;0;0;2;1;-19,96216513;-44,16346396;"SPRF-MG";"DEL01-MG";"UOP03-DEL01-MG"
336869;2021-01-27;"quarta-feira";"09:50:00";"SP";381;35,5;"ATIBAIA";"Pista em desnível";"Colisão traseira";"Com Vítimas Feridas";"Pleno dia";"Crescente";"Céu Claro";"Dupla";"Reta";"Não";3;0;1;0;1;1;1;3;-23,088586;-46,571798;"SPRF-SP";"DEL03-SP";"UOP01-DEL03-SP"
336870;2021-01-27;"quarta-feira";"09:40:00";"RS";386;417;"MONTENEGRO";"Velocidade Incompatível";"Tombamento";"Com Vítimas Feridas";"Pleno dia";"Crescente";"Garoa/Chuvisco";"Dupla";"Rotatória";"Não";2;0;1;0;0;1;1;2;-29,81978202;-51,4505142;"SPRF-RS";"DEL04-RS";"UOP02-DEL04-RS"
336874;2021-01-27;"quarta-feira";"08:00:00";"RJ";101;154;"MACAE";"Transitar no acostamento";"Colisão lateral";"Com Vítimas Feridas";"Pleno dia";"Crescente";"Céu Claro";"Simples";"Curva";"Não";3;0;1;0;2;0;1;2;-22,25599488;-41,83284009;"SPRF-RJ";"DEL08-RJ";"UOP04-DEL08-RJ"
336876;2021-01-27;"quarta-feira";"07:55:00";"MG";116;748,1;"LEOPOLDINA";"Ultrapassagem Indevida";"Colisão lateral mesmo sentido";"Sem Vítimas";"Pleno dia";"Decrescente";"Sol";"Simples";"Ponte";"Não";4;0;0;0;2;5;0;7;-21,43637785;-42,53060917;"SPRF-MG";"DEL07-MG";"UOP01-DEL07-MG"
336877;2021-01-27;"quarta-feira";"11:35:00";"RS";116;503,8;"PELOTAS";"Chuva";"Colisão traseira";"Com Vítimas Fatais";"Pleno dia";"Decrescente";"Chuva";"Dupla";"Reta";"Não";3;1;0;0;1;1;0;3;-31,57478208;-52,26587692;"SPRF-RS";"DEL07-RS";"UOP01-DEL07-RS"
336879;2021-01-27;"quarta-feira";"11:40:00";"GO";153;492,5;"GOIANIA";"Manobra de mudança de faixa";"Colisão traseira";"Com Vítimas Feridas";"Pleno dia";"Decrescente";"Nublado";"Dupla";"Reta";"Sim";3;0;1;0;1;1;1;3;-16,6461;-49,2114;"SPRF-GO";"DEL01-GO";"UOP01-DEL01-GO"
336880;2021-01-27;"quarta-feira";"11:20:00";"BA";116;579;"BREJOES";"Pista em desnível";"Tombamento";"Com Vítimas Feridas";"Pleno dia";"Decrescente";"Céu Claro";"Simples";"Reta";"Não";2;0;1;0;0;2;1;3;-13,08036903;-39,96198779;"SPRF-BA";"DEL03-BA";"UOP02-DEL03-BA"
336883;2021-01-27;"quarta-feira";"12:20:00";"SP";116;546;"BARRA DO TURVO";"Reação tardia ou ineficiente do condutor";"Colisão lateral mesmo sentido";"Com Vítimas Feridas";"Pleno dia";"Crescente";"Nublado";"Dupla";"Reta";"Não";2;0;1;0;1;0;1;2;-24,9470862;-48,43042095;"SPRF-SP";"DEL05-SP";"UOP02-DEL05-SP"
336885;2021-01-24;"domingo";"19:05:00";"MT";70;131,9;"GENERAL CARNEIRO";"Acostamento em desnível";"Tombamento";"Sem Vítimas";"Anoitecer";"Crescente";"Céu Claro";"Simples";"Reta";"Não";2;0;0;0;1;3;0;4;-15,59942051;-53,20801222;"SPRF-MT";"DEL07-MT";"UOP01-DEL07-MT"
336886;2021-01-27;"quarta-feira";"11:20:00";"PB";101;63,2;"SANTA RITA";"Manobra de mudança de faixa";"Colisão lateral mesmo sentido";"Com Vítimas Feridas";"Pleno dia";"Decrescente";"Céu Claro";"Dupla";"Curva";"Não";4;0;1;0;3;0;1;2;-7,02710902;-35,05990203;"SPRF-PB";"DEL01-PB";"UOP04-DEL01-PB"
336890;2021-01-27;"quarta-feira";"12:30:00";"SC";470;111;"IBIRAMA";"Velocidade Incompatível";"Saída de leito carroçável";"Sem Vítimas";"Pleno dia";"Decrescente";"Céu Claro";"Simples";"Curva";"Não";2;0;0;0;1;1;0;2;-27,095388;-49,457878;"SPRF-SC";"DEL04-SC";"UOP02-DEL04-SC"
336900;2021-01-27;"quarta-feira";"13:15:00";"MG";50;59,8;"UBERLANDIA";"Condutor deixou de manter distância do veículo da frente";"Colisão traseira";"Com Vítimas Feridas";"Pleno dia";"Crescente";"Sol";"Dupla";"Aclive;Reta";"Não";4;0;2;0;1;2;2;4;-18,80882353;-48,24418288;"SPRF-MG";"DEL15-MG";"UOP02-DEL15-MG"
336906;2021-01-27;"quarta-feira";"06:30:00";"PR";153;307;"IMBITUVA";"Avarias e/ou desgaste excessivo no pneu";"Saída de leito carroçável";"Sem Vítimas";"Pleno dia";"Decrescente";"Céu Claro";"Simples";"Reta";"Não";1;0;0;0;1;0;0;1;-25,25961868;-50,64038734;"SPRF-PR";"DEL03-PR";"UOP03-DEL03-PR"
336907;2021-01-27;"quarta-feira";"12:00:00";"MG";354;763;"ITAMONTE";"Demais falhas mecânicas ou elétricas";"Saída de leito carroçável";"Sem Vítimas";"Pleno dia";"Decrescente";"Céu Claro";"Simples";"Curva";"Não";2;0;0;0;2;0;0;1;-22,34102977;-44,81656705;"SPRF-MG";"DEL17-MG";"UOP01-DEL17-MG"
336919;2021-01-27;"quarta-feira";"11:55:00";"BA";116;801,9;"VITORIA DA CONQUISTA";"Velocidade Incompatível";"Saída de leito carroçável";"Sem Vítimas";"Pleno dia";"Decrescente";"Céu Claro";"Simples";"Reta";"Não";2;0;0;0;1;1;0;2;-14,71363335;-40,60813782;"SPRF-BA";"DEL08-BA";"UOP02-DEL08-BA"
336924;2021-01-27;"quarta-feira";"15:10:00";"MG";262;875;"CAMPO FLORIDO";"Reação tardia ou ineficiente do condutor";"Colisão traseira";"Com Vítimas Feridas";"Pleno dia";"Crescente";"Céu Claro";"Simples";"Reta";"Não";3;0;1;0;1;1;1;3;-19,78014154;-48,50117611;"SPRF-MG";"DEL13-MG";"UOP01-DEL13-MG"
336925;2021-01-27;"quarta-feira";"14:50:00";"RJ";40;61;"PETROPOLIS";"Condutor deixou de manter distância do veículo da frente";"Colisão traseira";"Sem Vítimas";"Pleno dia";"Decrescente";"Céu Claro";"Dupla";"Curva";"Não";2;0;0;0;2;0;0;2;-22,40240833;-43,13786279;"SPRF-RJ";"DEL05-RJ";"UOP02-DEL05-RJ"
336929;2021-01-27;"quarta-feira";"14:50:00";"GO";60;14;"ALEXANIA";"Velocidade Incompatível";"Colisão traseira";"Com Vítimas Feridas";"Pleno dia";"Crescente";"Garoa/Chuvisco";"Dupla";"Declive;Curva";"Não";6;0;3;0;2;3;3;7;-16,11076121;-48,35503578;"SPRF-DF";"DEL03-DF";"UOP01-DEL03-DF"
336930;2021-01-27;"quarta-feira";"16:00:00";"PR";116;153;"MANDIRITUBA";"Ingestão de álcool pelo condutor";"Colisão frontal";"Com Vítimas Feridas";"Pleno dia";"Decrescente";"Nublado";"Simples";"Curva";"Sim";2;0;1;0;1;0;1;2;-25,83828364;-49,34173104;"SPRF-PR";"DEL01-PR";"UOP03-DEL01-PR"
336933;2021-01-27;"quarta-feira";"15:00:00";"MT";163;631;"NOVA MUTUM";"Mal súbito do condutor";"Saída de leito carroçável";"Com Vítimas Feridas";"Pleno dia";"Decrescente";"Chuva";"Simples";"Curva";"Não";1;0;1;0;0;0;1;1;-13,63806002;-56,03477674;"SPRF-MT";"DEL01-MT";"UOP01-DEL01-MT"
336936;2021-01-27;"quarta-feira";"13:00:00";"AL";101;43,9;"FLEXEIRAS";"Carga excessiva e/ou mal acondicionada";"Tombamento";"Sem Vítimas";"Pleno dia";"Decrescente";"Nublado";"Dupla";"Curva";"Não";2;0;0;0;1;3;0;4;-9,18600296;-35,78434108;"SPRF-AL";"DEL01-AL";"UOP02-DEL01-AL"
336944;2021-01-27;"quarta-feira";"18:00:00";"MG";381;451;"SABARA";"Velocidade Incompatível";"Engavetamento";"Com Vítimas Feridas";"Anoitecer";"Crescente";"Céu Claro";"Simples";"Reta";"Sim";4;0;0;1;2;2;1;5;-19,83832024;-43,8806931;"SPRF-MG";"DEL01-MG";"UOP01-DEL01-MG"
336947;2021-01-27;"quarta-feira";"18:30:00";"ES";101;176,1;"LINHARES";"Condutor deixou de manter distância do veículo da frente";"Colisão traseira";"Com Vítimas Feridas";"Plena Noite";"Crescente";"Céu Claro";"Simples";"Reta";"Não";3;0;1;0;2;0;1;2;-19,59523801;-40,19835299;"SPRF-ES";"DEL04-ES";"UOP01-DEL04-ES"
336965;2021-01-27;"quarta-feira";"21:35:00";"SC";101;273,1;"IMBITUBA";"Pedestre andava na pista";"Atropelamento de Pedestre";"Com Vítimas Feridas";"Plena Noite";"Crescente";"Garoa/Chuvisco";"Dupla";"Reta";"Sim";3;0;1;0;1;1;1;3;-28,1359275;-48,69226456;"SPRF-SC";"DEL02-SC";"UOP03-DEL02-SC"
336976;2021-01-27;"quarta-feira";"23:30:00";"SC";280;128,6;"RIO NEGRINHO";"Desrespeitar a preferência no cruzamento";"Colisão transversal";"Com Vítimas Feridas";"Plena Noite";"Crescente";"Garoa/Chuvisco";"Simples";"Declive";"Sim";2;0;1;0;1;0;1;2;-26,24317941;-49,51320018;"SPRF-SC";"DEL06-SC";"UOP03-DEL06-SC"
336981;2021-01-28;"quinta-feira";"02:00:00";"PE";101;157;"GAMELEIRA";"Acessar a via sem observar a presença dos outros veículos";"Colisão traseira";"Sem Vítimas";"Plena Noite";"Crescente";"Nublado";"Dupla";"Reta";"Não";3;0;0;0;1;2;0;3;-8,55352976;-35,3964161;"SPRF-PE";"DEL01-PE";"UOP03-DEL01-PE"
336985;2021-01-28;"quinta-feira";"02:05:00";"PE";104;30;"TORITAMA";"Iluminação deficiente";"Colisão frontal";"Com Vítimas Fatais";"Plena Noite";"Crescente";"Céu Claro";"Simples";"Reta";"Sim";2;1;0;0;1;0;0;2;-8,00798164;-36,06090546;"SPRF-PE";"DEL02-PE";"UOP01-DEL02-PE"
336989;2021-01-28;"quinta-feira";"01:15:00";"MG";381;822;"CAREACU";"Ingestão de álcool e/ou substâncias psicoativas pelo pedestre";"Colisão lateral";"Sem Vítimas";"Amanhecer";"Decrescente";"Céu Claro";"Dupla";"Curva";"Não";3;0;0;0;2;2;0;4;-22,08598335;-45,70250809;"SPRF-MG";"DEL16-MG";"UOP01-DEL16-MG"
336991;2021-01-28;"quinta-feira";"00:30:00";"MG";40;249,3;"SAO GONCALO DO ABAETE";"Condutor Dormindo";"Tombamento";"Com Vítimas Feridas";"Plena Noite";"Decrescente";"Céu Claro";"Simples";"Curva;Declive";"Não";2;0;1;0;0;1;1;2;-18,12048563;-45,45200399;"SPRF-MG";"DEL14-MG";"UOP02-DEL14-MG"
336999;2021-01-27;"quarta-feira";"14:20:00";"BA";101;440;"MARAU";"Transitar no acostamento";"Saída de leito carroçável";"Sem Vítimas";"Pleno dia";"Crescente";"Céu Claro";"Simples";"Reta";"Não";2;0;0;0;1;2;0;3;-14,25408314;-39,32119086;"SPRF-BA";"DEL05-BA";"UOP01-DEL05-BA"
337003;2021-01-28;"quinta-feira";"07:50:00";"PR";116;149;"MANDIRITUBA";"Condutor Dormindo";"Saída de leito carroçável";"Sem Vítimas";"Pleno dia";"Crescente";"Chuva";"Simples";"Reta";"Não";2;0;0;0;1;1;0;2;-25,80786497;-49,32658092;"SPRF-PR";"DEL01-PR";"UOP03-DEL01-PR"
337004;2021-01-28;"quinta-feira";"08:00:00";"SC";101;111;"NAVEGANTES";"Condutor deixou de manter distância do veículo da frente";"Colisão lateral";"Com Vítimas Feridas";"Pleno dia";"Crescente";"Nublado";"Dupla";"Interseção de Vias";"Não";3;0;0;1;1;1;1;3;-26,83955734;-48,71418074;"SPRF-SC";"DEL04-SC";"UOP04-DEL04-SC"
337014;2021-01-28;"quinta-feira";"04:40:00";"MG";40;130,9;"JOAO PINHEIRO";"Demais falhas mecânicas ou elétricas";"Incêndio";"Sem Vítimas";"Amanhecer";"Crescente";"Céu Claro";"Simples";"Reta";"Não";2;0;0;0;1;1;0;2;-17,70612195;-46,28554299;"SPRF-MG";"DEL14-MG";"UOP01-DEL14-MG"
337015;2021-01-27;"quarta-feira";"20:45:00";"PR";163;22;"SANTO ANTONIO DO SUDOESTE";"Transitar na contramão";"Saída de leito carroçável";"Com Vítimas Feridas";"Plena Noite";"Crescente";"Chuva";"Simples";"Declive";"Não";3;0;1;0;1;1;1;3;-26,156179;-53,684208;"SPRF-PR";"DEL02-PR";"UOP02-DEL02-PR"
337022;2021-01-28;"quinta-feira";"07:30:00";"MG";251;357,5;"PADRE CARVALHO";"Ausência de reação do condutor";"Incêndio";"Sem Vítimas";"Pleno dia";"Crescente";"Céu Claro";"Simples";"Reta";"Não";1;0;0;0;1;0;0;1;-16,2648796;-42,58558298;"SPRF-MG";"DEL12-MG";"UOP01-DEL12-MG"
337024;2021-01-28;"quinta-feira";"07:58:00";"BA";324;526,2;"FEIRA DE SANTANA";"Ausência de reação do condutor";"Colisão traseira";"Com Vítimas Feridas";"Pleno dia";"Crescente";"Nublado";"Dupla";"Reta";"Sim";3;0;1;0;1;1;1;3;-12,30639712;-38,89051509;"SPRF-BA";"DEL01-BA";"UOP03-DEL01-BA"
337038;2021-01-28;"quinta-feira";"10:05:00";"PR";163;5,9;"BARRACAO";"Ultrapassagem Indevida";"Colisão frontal";"Com Vítimas Feridas";"Pleno dia";"Crescente";"Chuva";"Simples";"Reta";"Não";7;0;1;5;1;0;6;3;-26,25066;-53,635523;"SPRF-PR";"DEL02-PR";"UOP02-DEL02-PR"
337039;2021-01-28;"quinta-feira";"08:35:00";"CE";116;226,2;"ALTO SANTO";"Ausência de reação do condutor";"Colisão frontal";"Com Vítimas Fatais";"Pleno dia";"Decrescente";"Céu Claro";"Simples";"Aclive";"Não";2;1;0;0;1;0;0;2;-5,38336;-38,218819;"SPRF-CE";"DEL03-CE";"UOP01-DEL03-CE"
337046;2021-01-28;"quinta-feira";"08:10:00";"MG";116;283;"TEOFILO OTONI";"Acostamento em desnível";"Tombamento";"Sem Vítimas";"Pleno dia";"Decrescente";"Céu Claro";"Simples";"Aclive;Reta";"Não";2;0;0;0;2;0;0;1;-17,91016695;-41,52564104;"SPRF-MG";"DEL11-MG";"UOP01-DEL11-MG"
337047;2021-01-28;"quinta-feira";"11:50:00";"RS";472;155,2;"SANTA ROSA";"Reação tardia ou ineficiente do condutor";"Colisão traseira";"Com Vítimas Feridas";"Pleno dia";"Decrescente";"Nublado";"Simples";"Reta";"Não";2;0;0;1;1;0;1;2;-27,82986472;-54,42373725;"SPRF-RS";"DEL10-RS";"UOP01-DEL10-RS"
337051;2021-01-28;"quinta-feira";"12:50:00";"RS";290;579,6;"ALEGRETE";"Avarias e/ou desgaste excessivo no pneu";"Colisão frontal";"Com Vítimas Fatais";"Pleno dia";"Decrescente";"Nublado";"Simples";"Curva";"Não";4;1;1;0;0;2;1;4;-29,80538531;-55,77436924;"SPRF-RS";"DEL13-RS";"UOP02-DEL13-RS"
337074;2021-01-28;"quinta-feira";"15:30:00";"RJ";116;169,6;"SAO JOAO DE MERITI";"Demais falhas mecânicas ou elétricas";"Incêndio";"Sem Vítimas";"Pleno dia";"Crescente";"Céu Claro";"Dupla";"Reta";"Sim";1;0;0;0;1;0;0;1;-22,78821489;-43,37459207;"SPRF-RJ";"DEL01-RJ";"UOP02-DEL01-RJ"
337075;2021-01-28;"quinta-feira";"14:05:00";"SC";101;395,5;"MARACAJA";"Frear bruscamente";"Colisão com objeto";"Com Vítimas Feridas";"Pleno dia";"Crescente";"Chuva";"Dupla";"Reta";"Não";2;0;1;0;0;1;1;2;-28,81906377;-49,39678117;"SPRF-SC";"DEL02-SC";"UOP02-DEL02-SC"
337077;2021-01-27;"quarta-feira";"21:30:00";"MG";365;428;"PATOS DE MINAS";"Afundamento ou ondulação no pavimento";"Incêndio";"Sem Vítimas";"Plena Noite";"Crescente";"Céu Claro";"Simples";"Reta";"Não";3;0;0;0;2;1;0;2;-18,75337522;-46,64951796;"SPRF-MG";"DEL10-MG";"UOP01-DEL10-MG"
337081;2021-01-24;"domingo";"07:10:00";"MG";381;528,9;"BRUMADINHO";"Demais falhas mecânicas ou elétricas";"Saída de leito carroçável";"Com Vítimas Feridas";"Pleno dia";"Decrescente";"Céu Claro";"Dupla";"Reta;Aclive";"Não";3;0;2;0;0;2;2;4;-20,164292;-44,338206;"SPRF-MG";"DEL04-MG";"UOP03-DEL04-MG"
337085;2021-01-28;"quinta-feira";"15:25:00";"BA";101;378;"GANDU";"Problema com o freio";"Atropelamento de Pedestre";"Com Vítimas Fatais";"Pleno dia";"Crescente";"Céu Claro";"Simples";"Reta";"Não";2;1;0;0;1;0;0;2;-13,85122;-39,49618;"SPRF-BA";"DEL05-BA";"UOP03-DEL05-BA"
337088;2021-01-28;"quinta-feira";"16:20:00";"PB";101;89;"JOAO PESSOA";"Condutor deixou de manter distância do veículo da frente";"Colisão lateral mesmo sentido";"Sem Vítimas";"Pleno dia";"Crescente";"Céu Claro";"Dupla";"Retorno Regulamentado";"Sim";3;0;0;0;1;2;0;3;-7,1710694;-34,89765372;"SPRF-PB";"DEL01-PB";"UOP02-DEL01-PB"
337090;2021-01-28;"quinta-feira";"15:30:00";"PE";423;109,8;"PARANATAMA";"Acessar a via sem observar a presença dos outros veículos";"Colisão traseira";"Com Vítimas Feridas";"Pleno dia";"Crescente";"Chuva";"Simples";"Declive";"Não";3;0;1;0;1;2;1;4;-8,888511;-36,599037;"SPRF-PE";"DEL03-PE";"UOP01-DEL03-PE"