"id";"data_inversa";"dia_semana";"horario";"uf";"br";"km";"municipio";"causa_acidente";"tipo_acidente";"classificacao_acidente";"fase_dia";"sentido_via";"condicao_metereologica";"tipo_pista";"tracado_via";"uso_solo";"pessoas";"mortos";"feridos_leves";"feridos_graves";"ilesos";"ignorados";"feridos";"veiculos";"latitude";"longitude";"regional";"delegacia";"uop"
337396;2021-01-30;"sábado";"02:50:00";"SC";470;126;"LONTRAS";"Ingestão de álcool pelo condutor";"Colisão frontal";"Com Vítimas Feridas";"Pleno dia";"Crescente";"Nublado";"Simples";"Reta";"Sim";4;0;0;1;1;2;1;4;-27,131;-49,538;"SPRF-SC";"DEL04-SC";"UOP02-DEL04-SC"
337397;2021-01-30;"sábado";"04:20:00";"DF";20;12;"BRASILIA";"Velocidade Incompatível";"Colisão traseira";"Com Vítimas Feridas";"Plena Noite";"Crescente";"Céu Claro";"Dupla";"Reta";"Sim";4;0;2;0;1;1;2;3;-15,642812;-47,757786;"SPRF-DF";"DEL02-DF";"UOP01-DEL02-DF"
337401;2021-01-30;"sábado";"04:40:00";"MG";381;546,5;"RIO MANSO";"Condutor deixou de manter distância do veículo da frente";"Colisão lateral";"Com Vítimas Feridas";"Amanhecer";"Decrescente";"Céu Claro";"Dupla";"Reta";"Não";3;0;2;0;1;0;2;2;-20,29622787;-44,43842914;"SPRF-MG";"DEL04-MG";"UOP03-DEL04-MG"
337406;2021-01-30;"sábado";"04:40:00";"BA";101;130,2;"ALAGOINHAS";"Demais falhas mecânicas ou elétricas";"Capotamento";"Sem Vítimas";"Amanhecer";"Crescente";"Céu Claro";"Simples";"Curva";"Não";1;0;0;0;1;0;0;1;-12,223756;-38,62045102;"SPRF-BA";"DEL01-BA";"UOP04-DEL01-BA"
337408;2021-01-29;"sexta-feira";"08:38:00";"MG";381;526;"BRUMADINHO";"Velocidade Incompatível";"Saída de leito carroçável";"Sem Vítimas";"Pleno dia";"Crescente";"Nublado";"Dupla";"Curva";"Não";2;0;0;0;2;0;0;1;-20,16175378;-44,34144636;"SPRF-MG";"DEL04-MG";"UOP03-DEL04-MG"
337420;2021-01-30;"sábado";"05:00:00";"SC";470;67,7;"INDAIAL";"Demais falhas na via";"Colisão com objeto";"Sem Vítimas";"Amanhecer";"Decrescente";"Garoa/Chuvisco";"Simples";"Em Obras;Desvio Temporário;Curva";"Não";1;0;0;0;1;0;0;1;-26,872158;-49,23127;"SPRF-SC";"DEL04-SC";"UOP01-DEL04-SC"
337424;2021-01-30;"sábado";"02:15:00";"RJ";393;107;"SAPUCAIA";"Condutor Dormindo";"Saída de leito carroçável";"Com Vítimas Feridas";"Plena Noite";"Decrescente";"Céu Claro";"Simples";"Reta";"Sim";3;0;1;0;1;1;1;2;-21,87869149;-42,67853056;"SPRF-RJ";"DEL05-RJ";"UOP01-DEL05-RJ"
337426;2021-01-30;"sábado";"03:00:00";"RJ";40;72;"PETROPOLIS";"Condutor Dormindo";"Tombamento";"Sem Vítimas";"Plena Noite";"Crescente";"Céu Claro";"Simples";"Curva";"Não";1;0;0;0;1;0;0;1;-22,4585308;-43,21600514;"SPRF-RJ";"DEL06-RJ";"UOP01-DEL06-RJ"
337434;2021-01-30;"sábado";"07:00:00";"TO";153;694;"CARIRI DO TOCANTINS";"Velocidade Incompatível";"Colisão frontal";"Com Vítimas Fatais";"Pleno dia";"Crescente";"Céu Claro";"Simples";"Reta";"Não";4;1;0;0;2;2;0;4;-11,88743313;-49,16441973;"SPRF-TO";"DEL01-TO";"UOP02-DEL01-TO"
337436;2021-01-30;"sábado";"08:10:00";"RO";364;622,8;"ITAPUA DO OESTE";"Ausência de reação do condutor";"Saída de leito carroçável";"Com Vítimas Feridas";"Pleno dia";"Crescente";"Céu Claro";"Simples";"Reta";"Não";6;0;3;0;2;2;3;3;-9,0879;-63,2903;"SPRF-RO";"DEL01-RO";"UOP04-DEL01-RO"
337438;2021-01-30;"sábado";"09:05:00";"RJ";116;132;"MAGE";"Velocidade Incompatível";"Tombamento";"Sem Vítimas";"Pleno dia";"Crescente";"Céu Claro";"Simples";"Curva";"Não";2;0;0;0;1;1;0;2;-22,65703272;-43,13458092;"SPRF-RJ";"DEL04-RJ";"UOP02-DEL04-RJ"
337442;2021-01-30;"sábado";"07:30:00";"RO";364;296;"PRESIDENTE MEDICI";"Condutor Dormindo";"Saída de leito carroçável";"Com Vítimas Feridas";"Amanhecer";"Crescente";"Céu Claro";"Simples";"Reta";"Não";3;0;0;1;0;2;1;3;-11,280945;-61,90195;"SPRF-RO";"DEL02-RO";"UOP01-DEL02-RO"
337446;2021-01-30;"sábado";"09:00:00";"AC";364;88,1;"SENADOR GUIOMARD";"Estacionar ou parar em local proibido";"Colisão lateral";"Com Vítimas Feridas";"Pleno dia";"Decrescente";"Céu Claro";"Simples";"Reta";"Não";4;0;1;1;2;0;2;3;-10,10335777;-67,49234689;"SPRF-AC";"DEL01-AC";"UOP01-DEL01-AC"
337449;2021-01-30;"sábado";"10:00:00";"SP";116;104;"TAUBATE";"Ausência de reação do condutor";"Engavetamento";"Com Vítimas Feridas";"Pleno dia";"Decrescente";"Céu Claro";"Dupla";"Reta";"Não";6;0;1;0;4;1;1;5;-23,00340176;-45,50626912;"SPRF-SP";"DEL02-SP";"UOP02-DEL02-SP"
337452;2021-01-30;"sábado";"10:00:00";"RS";285;328,2;"CARAZINHO";"Demais falhas mecânicas ou elétricas";"Tombamento";"Com Vítimas Feridas";"Pleno dia";"Crescente";"Céu Claro";"Dupla";"Reta";"Não";2;0;1;0;1;0;1;1;-28,279453;-52,696926;"SPRF-RS";"DEL08-RS";"UOP03-DEL08-RS"
337458;2021-01-30;"sábado";"08:00:00";"CE";20;309;"CANINDE";"Ingestão de álcool pelo condutor";"Colisão traseira";"Com Vítimas Feridas";"Pleno dia";"Crescente";"Céu Claro";"Simples";"Reta";"Sim";2;0;1;0;1;0;1;2;-4,34227877;-39,2939223;"SPRF-CE";"DEL02-CE";"UOP01-DEL02-CE"
337459;2021-01-28;"quinta-feira";"13:30:00";"MA";226;518;"LAJEADO NOVO";"Curva acentuada";"Tombamento";"Com Vítimas Feridas";"Pleno dia";"Decrescente";"Céu Claro";"Simples";"Curva";"Não";2;0;1;0;0;3;1;4;-6,14996084;-46,95893482;"SPRF-MA";"DEL04-MA";"UOP02-DEL04-MA"
337460;2021-01-30;"sábado";"11:40:00";"PR";376;671;"GUARATUBA";"Demais falhas mecânicas ou elétricas";"Incêndio";"Sem Vítimas";"Pleno dia";"Decrescente";"Garoa/Chuvisco";"Múltipla";"Aclive";"Não";2;0;0;0;1;1;0;2;-25,885323;-48,935154;"SPRF-PR";"DEL01-PR";"UOP04-DEL01-PR"
337461;2021-01-30;"sábado";"07:40:00";"BA";101;75,6;"ENTRE RIOS";"Frear bruscamente";"Colisão transversal";"Com Vítimas Feridas";"Pleno dia";"Decrescente";"Chuva";"Simples";"Reta";"Não";3;0;1;0;1;1;1;3;-11,99107419;-38,23974304;"SPRF-BA";"DEL01-BA";"UOP04-DEL01-BA"
337467;2021-01-30;"sábado";"09:35:00";"BA";324;557;"SAO SEBASTIAO DO PASSE";"Reação tardia ou ineficiente do condutor";"Derramamento de carga";"Sem Vítimas";"Pleno dia";"Crescente";"Sol";"Dupla";"Aclive";"Não";1;0;0;0;1;0;0;1;-12,47640414;-38,6752181;"SPRF-BA";"DEL01-BA";"UOP03-DEL01-BA"
337470;2021-01-30;"sábado";"12:00:00";"RJ";116;261;"VOLTA REDONDA";"Reação tardia ou ineficiente do condutor";"Colisão com objeto";"Com Vítimas Feridas";"Pleno dia";"Decrescente";"Sol";"Múltipla";"Curva";"Não";5;0;2;0;2;1;2;3;-22,58476877;-44,05026905;"SPRF-RJ";"DEL07-RJ";"UOP02-DEL07-RJ"
337489;2021-01-30;"sábado";"14:40:00";"AL";101;68;"MESSIAS";"Manobra de mudança de faixa";"Tombamento";"Com Vítimas Feridas";"Pleno dia";"Crescente";"Céu Claro";"Dupla";"Curva";"Não";2;0;1;0;0;1;1;2;-9,34924699;-35,83289449;"SPRF-AL";"DEL01-AL";"UOP02-DEL01-AL"
337506;2021-01-30;"sábado";"14:10:00";"BA";116;441;"FEIRA DE SANTANA";"Reação tardia ou ineficiente do condutor";"Tombamento";"Com Vítimas Feridas";"Pleno dia";"Crescente";"Céu Claro";"Dupla";"Curva";"Não";2;0;1;0;0;1;1;2;-12,33163605;-39,06586497;"SPRF-BA";"DEL02-BA";"UOP01-DEL02-BA"
337509;2021-01-30;"sábado";"15:45:00";"PR";116;98,7;"SAO JOSE DOS PINHAIS";"Velocidade Incompatível";"Colisão traseira";"Com Vítimas Fatais";"Pleno dia";"Crescente";"Chuva";"Dupla";"Curva";"Sim";7;1;0;2;4;0;2;3;-25,51973222;-49,13431573;"SPRF-PR";"DEL01-PR";"UOP01-DEL01-PR"
337514;2021-01-30;"sábado";"15:20:00";"RS";116;91,9;"CAMPESTRE DA SERRA";"Problema com o freio";"Tombamento";"Sem Vítimas";"Pleno dia";"Crescente";"Chuva";"Simples";"Curva";"Não";1;0;0;0;1;0;0;1;-28,86918963;-51,11955903;"SPRF-RS";"DEL05-RS";"UOP03-DEL05-RS"
337516;2021-01-30;"sábado";"15:30:00";"PB";230;124,7;"RIACHAO DO BACAMARTE";"Manobra de mudança de faixa";"Colisão traseira";"Com Vítimas Feridas";"Pleno dia";"Crescente";"Céu Claro";"Dupla";"Aclive";"Não";4;0;1;0;3;0;1;3;-7,2465;-35,6751;"SPRF-PB";"DEL02-PB";"UOP01-DEL02-PB"
337519;2021-01-30;"sábado";"15:30:00";"BA";242;836;"BARREIRAS";"Demais falhas mecânicas ou elétricas";"Eventos atípicos";"Sem Vítimas";"Pleno dia";"Decrescente";"Céu Claro";"Simples";"Reta";"Não";2;0;0;0;1;1;0;2;-12,0991;-45,3586;"SPRF-BA";"DEL10-BA";"UOP01-DEL10-BA"
337529;2021-01-30;"sábado";"16:50:00";"PR";376;668;"GUARATUBA";"Problema com o freio";"Colisão lateral";"Sem Vítimas";"Pleno dia";"Crescente";"Céu Claro";"Múltipla";"Curva;Declive";"Não";3;0;0;0;2;5;0;7;-25,864159;-48,937538;"SPRF-PR";"DEL01-PR";"UOP04-DEL01-PR"
337538;2021-01-30;"sábado";"14:45:00";"MG";364;26;"FRUTAL";"Velocidade Incompatível";"Colisão traseira";"Com Vítimas Feridas";"Pleno dia";"Decrescente";"Céu Claro";"Simples";"Reta";"Não";4;0;0;1;2;7;1;10;-20,025185;-48,94096;"SPRF-MG";"DEL13-MG";"UOP02-DEL13-MG"
337540;2021-01-30;"sábado";"17:15:00";"RS";386;215;"TIO HUGO";"Condutor deixou de manter distância do veículo da frente";"Colisão lateral sentido oposto";"Com Vítimas Feridas";"Pleno dia";"Decrescente";"Céu Claro";"Simples";"Reta";"Sim";3;0;2;0;1;0;2;2;-28,57666;-52,596031;"SPRF-RS";"DEL04-RS";"UOP03-DEL04-RS"
337547;2021-01-30;"sábado";"19:40:00";"MG";40;545,9;"NOVA LIMA";"Demais falhas mecânicas ou elétricas";"Colisão com objeto";"Com Vítimas Feridas";"Plena Noite";"Decrescente";"Céu Claro";"Dupla";"Reta";"Não";3;0;1;0;1;1;1;3;-20,00670404;-43,96418668;"SPRF-MG";"DEL01-MG";"UOP02-DEL01-MG"
337565;2021-01-30;"sábado";"16:30:00";"SP";116;564;"BARRA DO TURVO";"Pista Escorregadia";"Colisão com objeto";"Sem Vítimas";"Pleno dia";"Crescente";"Chuva";"Dupla";"Curva";"Não";2;0;0;0;1;1;0;2;-25,03583856;-48,53776932;"SPRF-SP";"DEL05-SP";"UOP02-DEL05-SP"
337567;2021-01-30;"sábado";"12:05:00";"MG";365;596,4;"UBERLANDIA";"Ausência de sinalização";"Colisão traseira";"Com Vítimas Feridas";"Pleno dia";"Decrescente";"Céu Claro";"Simples";"Reta";"Não";5;0;4;0;1;0;4;2;-18,88071533;-48,09478179;"SPRF-MG";"DEL15-MG";"UOP01-DEL15-MG"
337583;2021-01-30;"sábado";"20:55:00";"MS";163;663;"RIO VERDE DE MATO GROSSO";"Ultrapassagem Indevida";"Colisão frontal";"Com Vítimas Fatais";"Plena Noite";"Crescente";"Céu Claro";"Dupla";"Reta";"Não";5;1;0;3;0;1;3;4;-19,05900201;-54,79848701;"SPRF-MS";"DEL06-MS";"UOP02-DEL06-MS"
337585;2021-01-30;"sábado";"22:40:00";"MG";381;478;"CONTAGEM";"Manobra de mudança de faixa";"Colisão lateral";"Com Vítimas Feridas";"Plena Noite";"Crescente";"Céu Claro";"Múltipla";"Reta;Aclive";"Sim";2;0;0;1;0;1;1;2;-19,95826094;-44,05921101;"SPRF-MG";"DEL01-MG";"UOP03-DEL01-MG"
337610;2021-01-30;"sábado";"23:40:00";"GO";50;224,5;"CATALAO";"Ingestão de álcool pelo condutor";"Saída de leito carroçável";"Sem Vítimas";"Plena Noite";"Crescente";"Céu Claro";"Dupla";"Reta";"Não";2;0;0;0;1;1;0;2;-17,7561;-47,7394;"SPRF-GO";"DEL06-GO";"UOP01-DEL06-GO"
337636;2021-01-31;"domingo";"03:00:00";"PB";230;67,8;"SAO MIGUEL DE TAIPU";"Demais falhas mecânicas ou elétricas";"Saída de leito carroçável";"Com Vítimas Feridas";"Plena Noite";"Decrescente";"Céu Claro";"Dupla";"Reta;Aclive";"Não";3;0;1;0;2;0;1;1;-7,18805347;-35,21214187;"SPRF-PB";"DEL01-PB";"UOP03-DEL01-PB"
337642;2021-01-31;"domingo";"01:50:00";"RO";364;703;"PORTO VELHO";"Velocidade Incompatível";"Colisão traseira";"Sem Vítimas";"Plena Noite";"Decrescente";"Chuva";"Dupla";"Reta";"Sim";3;0;0;0;2;2;0;4;-8,80021523;-63,79557792;"SPRF-RO";"DEL01-RO";"UOP01-DEL01-RO"
337654;2021-01-30;"sábado";"23:05:00";"SC";282;498,9;"XANXERE";"Ingestão de álcool e/ou substâncias psicoativas pelo pedestre";"Colisão lateral mesmo sentido";"Com Vítimas Feridas";"Plena Noite";"Crescente";"Nublado";"Simples";"Curva";"Não";3;0;1;0;1;1;1;3;-26,87978;-52,353825;"SPRF-SC";"DEL07-SC";"UOP01-DEL07-SC"
337661;2021-01-31;"domingo";"04:30:00";"BA";116;162;"CANUDOS";"Transitar na contramão";"Colisão lateral";"Com Vítimas Feridas";"Plena Noite";"Crescente";"Céu Claro";"Simples";"Reta";"Não";4;0;0;1;2;1;1;3;-10,03501199;-39,15931172;"SPRF-BA";"DEL07-BA";"UOP02-DEL07-BA"
337664;2021-01-31;"domingo";"06:30:00";"BA";101;40,5;"ESPLANADA";"Demais falhas na via";"Colisão lateral sentido oposto";"Com Vítimas Feridas";"Pleno dia";"Decrescente";"Céu Claro";"Simples";"Reta";"Não";3;0;1;0;1;2;1;4;-11,86680887;-38,00103709;"SPRF-SE";"DEL02-SE";"UOP03-DEL02-SE"
337670;2021-01-31;"domingo";"04:30:00";"BA";101;362;"GANDU";"Transitar na contramão";"Colisão frontal";"Com Vítimas Feridas";"Plena Noite";"Decrescente";"Céu Claro";"Simples";"Curva";"Não";6;0;3;1;2;0;4;2;-13,85004503;-39,49736204;"SPRF-BA";"DEL05-BA";"UOP03-DEL05-BA"
337683;2021-01-30;"sábado";"21:30:00";"MG";116;538,1;"SANTA RITA DE MINAS";"Reação tardia ou ineficiente do condutor";"Colisão traseira";"Com Vítimas Feridas";"Plena Noite";"Decrescente";"Céu Claro";"Simples";"Curva";"Não";4;0;2;0;1;1;2;4;-19,87457783;-42,13216953;"SPRF-MG";"DEL06-MG";"UOP02-DEL06-MG"
337691;2021-01-31;"domingo";"10:40:00";"MG";262;378;"JUATUBA";"Velocidade Incompatível";"Tombamento";"Com Vítimas Feridas";"Pleno dia";"Decrescente";"Céu Claro";"Dupla";"Curva";"Não";2;0;0;1;0;2;1;3;-19,95652262;-44,3648278;"SPRF-MG";"DEL01-MG";"UOP03-DEL01-MG"
337693;2021-01-31;"domingo";"09:30:00";"PR";376;588;"CURITIBA";"Velocidade Incompatível";"Tombamento";"Com Vítimas Feridas";"Pleno dia";"Decrescente";"Céu Claro";"Dupla";"Curva";"Não";3;0;2;0;0;1;2;2;-25,43381713;-49,36546121;"SPRF-PR";"DEL01-PR";"UOP01-DEL01-PR"
337696;2021-01-31;"domingo";"11:20:00";"BA";324;478;"TANQUINHO";"Velocidade Incompatível";"Colisão com objeto";"Sem Vítimas";"Pleno dia";"Decrescente";"Chuva";"Simples";"Curva";"Não";2;0;0;0;2;0;0;2;-11,98376965;-39,08483385;"SPRF-BA";"DEL02-BA";"UOP01-DEL02-BA"
337716;2021-01-31;"domingo";"13:00:00";"SP";116;359;"MIRACATU";"Velocidade Incompatível";"Tombamento";"Com Vítimas Feridas";"Pleno dia";"Decrescente";"Sol";"Simples";"Curva";"Não";2;0;1;0;0;1;1;2;-24,10862227;-47,26589989;"SPRF-SP";"DEL04-SP";"UOP02-DEL04-SP"
337735;2021-01-31;"domingo";"16:00:00";"PR";277;348,3;"GUARAPUAVA";"Chuva";"Tombamento";"Com Vítimas Feridas";"Pleno dia";"Decrescente";"Chuva";"Simples";"Reta";"Não";3;0;0;1;1;1;1;3;-25,33938145;-51,42868638;"SPRF-PR";"DEL08-PR";"UOP01-DEL08-PR"
337743;2021-01-31;"domingo";"16:50:00";"MG";365;774,4;"ITUIUTABA";"Velocidade Incompatível";"Capotamento";"Com Vítimas Feridas";"Pleno dia";"Crescente";"Sol";"Simples";"Aclive";"Não";2;0;1;0;0;1;1;2;-18,95966324;-49,65645601;"SPRF-MG";"DEL15-MG";"UOP03-DEL15-MG"
337745;2021-01-31;"domingo";"14:45:00";"MS";163;544,8;"BANDEIRANTES";"Condutor Dormindo";"Tombamento";"Com Vítimas Feridas";"Pleno dia";"Decrescente";"Nublado";"Simples";"Aclive";"Não";2;0;0;1;0;1;1;2;-19,95457217;-54,37483549;"SPRF-MS";"DEL01-MS";"UOP02-DEL01-MS"
337748;2021-01-31;"domingo";"16:30:00";"PI";343;2,8;"TERESINA";"Ingestão de álcool pelo condutor";"Colisão com objeto";"Sem Vítimas";"Pleno dia";"Crescente";"Nublado";"Dupla";"Reta";"Sim";1;0;0;0;1;0;0;1;-5,089569;-42,802288;"SPRF-PI";"DEL01-PI";"UOP01-DEL01-PI"
337757;2021-01-31;"domingo";"14:25:00";"MT";70;2,5;"BARRA DO GARCAS";"Acostamento em desnível";"Colisão traseira";"Sem Vítimas";"Pleno dia";"Decrescente";"Sol";"Dupla";"Reta";"Sim";2;0;0;0;1;1;0;2;-15,88749699;-52,26810568;"SPRF-MT";"DEL07-MT";"UOP01-DEL07-MT"
337759;2021-01-31;"domingo";"17:50:00";"BA";116;516;"ITATIM";"Velocidade Incompatível";"Colisão traseira";"Com Vítimas Feridas";"Plena Noite";"Crescente";"Céu Claro";"Simples";"Reta";"Não";3;0;1;0;1;1;1;3;-12,66883787;-39,64652606;"SPRF-BA";"DEL03-BA";"UOP02-DEL03-BA"
337762;2021-01-31;"domingo";"16:10:00";"SC";470;60,9;"BLUMENAU";"Transitar na contramão";"Colisão frontal";"Com Vítimas Feridas";"Pleno dia";"Decrescente";"Nublado";"Simples";"Curva";"Sim";2;0;0;1;1;0;1;2;-26,88138;-49,164543;"SPRF-SC";"DEL04-SC";"UOP01-DEL04-SC"
337763;2021-01-31;"domingo";"15:30:00";"SC";116;144;"SANTA CECILIA";"Velocidade Incompatível";"Tombamento";"Sem Vítimas";"Anoitecer";"Crescente";"Céu Claro";"Simples";"Curva";"Não";2;0;0;0;1;1;0;2;-26,99398389;-50,39844506;"SPRF-SC";"DEL06-SC";"UOP02-DEL06-SC"
337765;2021-01-31;"domingo";"16:30:00";"ES";101;447,9;"MIMOSO DO SUL";"Velocidade Incompatível";"Tombamento";"Com Vítimas Feridas";"Pleno dia";"Crescente";"Sol";"Simples";"Curva";"Não";2;0;1;0;0;1;1;2;-21,12405791;-41,27538314;"SPRF-ES";"DEL03-ES";"UOP02-DEL03-ES"
337768;2021-01-31;"domingo";"18:20:00";"MG";40;677,7;"CARANDAI";"Transitar na contramão";"Colisão frontal";"Com Vítimas Feridas";"Anoitecer";"Crescente";"Céu Claro";"Simples";"Reta";"Não";6;0;1;4;0;1;5;4;-21,0343588;-43,77459526;"SPRF-MG";"DEL05-MG";"UOP02-DEL05-MG"
337772;2021-01-31;"domingo";"08:10:00";"BA";101;771;"ITAMARAJU";"Velocidade Incompatível";"Colisão frontal";"Com Vítimas Fatais";"Pleno dia";"Crescente";"Céu Claro";"Simples";"Curva";"Não";2;1;0;0;1;0;0;2;-16,91561807;-39,52897099;"SPRF-BA";"DEL09-BA";"UOP01-DEL09-BA"
337778;2021-01-31;"domingo";"10:00:00";"PR";153;146;"VENTANIA";"Velocidade Incompatível";"Colisão traseira";"Com Vítimas Feridas";"Pleno dia";"Decrescente";"Céu Claro";"Simples";"Reta";"Não";7;0;1;0;6;0;1;3;-24,12557916;-50,23718319;"SPRF-PR";"DEL07-PR";"UOP04-DEL07-PR"
337791;2021-01-31;"domingo";"19:25:00";"GO";153;531,1;"HIDROLANDIA";"Demais falhas mecânicas ou elétricas";"Incêndio";"Sem Vítimas";"Plena Noite";"Decrescente";"Céu Claro";"Dupla";"Reta";"Sim";2;0;0;0;1;1;0;2;-16,9761;-49,2302;"SPRF-GO";"DEL01-GO";"UOP03-DEL01-GO"
337796;2021-01-31;"domingo";"19:20:00";"SC";282;46;"AGUAS MORNAS";"Problema com o freio";"Colisão traseira";"Com Vítimas Feridas";"Anoitecer";"Decrescente";"Céu Claro";"Simples";"Declive";"Não";4;0;1;0;3;0;1;3;-27,721041;-48,925152;"SPRF-SC";"DEL01-SC";"UOP03-DEL01-SC"
337805;2021-01-31;"domingo";"18:30:00";"MT";70;618;"POCONE";"Transitar na contramão";"Colisão frontal";"Sem Vítimas";"Anoitecer";"Decrescente";"Garoa/Chuvisco";"Simples";"Curva";"Não";3;0;0;0;2;1;0;3;-15,88001302;-56,87024499;"SPRF-MT";"DEL03-MT";"UOP02-DEL03-MT"
337808;2021-01-31;"domingo";"17:50:00";"MS";262;351;"CAMPO GRANDE";"Ausência de reação do condutor";"Saída de leito carroçável";"Sem Vítimas";"Anoitecer";"Crescente";"Céu Claro";"Dupla";"Reta";"Não";2;0;0;0;1;2;0;3;-20,56994516;-54,64056096;"SPRF-MS";"DEL01-MS";"UOP03-DEL01-MS"
337809;2021-01-31;"domingo";"20:10:00";"GO";153;701;"ITUMBIARA";"Reação tardia ou ineficiente do condutor";"Saída de leito carroçável";"Sem Vítimas";"Plena Noite";"Decrescente";"Céu Claro";"Dupla";"Reta";"Sim";2;0;0;0;1;1;0;2;-18,4034;-49,202;"SPRF-GO";"DEL03-GO";"UOP02-DEL03-GO"
337821;2021-01-31;"domingo";"20:40:00";"PE";423;151;"IATI";"Transitar na contramão";"Colisão lateral sentido oposto";"Com Vítimas Feridas";"Plena Noite";"Crescente";"Céu Claro";"Simples";"Declive";"Não";4;0;2;0;1;1;2;2;-9,0414635;-36,91156637;"SPRF-PE";"DEL03-PE";"UOP01-DEL03-PE"
337825;2021-01-31;"domingo";"22:00:00";"MA";135;13;"SAO LUIS";"Ausência de reação do condutor";"Colisão traseira";"Com Vítimas Feridas";"Plena Noite";"Decrescente";"Céu Claro";"Dupla";"Reta";"Sim";2;0;1;0;0;1;1;2;-2,68053538;-44,29512283;"SPRF-MA";"DEL01-MA";"UOP01-DEL01-MA"
337826;2021-01-08;"sexta-feira";"09:50:00";"PA";230;654;"ALTAMIRA";"Reação tardia ou ineficiente do condutor";"Saída de leito carroçável";"Com Vítimas Feridas";"Pleno dia";"Crescente";"Chuva";"Dupla";"Curva";"Não";2;0;1;0;0;1;1;2;-3,22542812;-52,29639288;"SPRF-PA";"DEL04-PA";"UOP01-DEL04-PA"
337832;2021-01-31;"domingo";"23:00:00";"RS";468;20,4;"PALMEIRA DAS MISSOES";"Manobra de mudança de faixa";"Colisão frontal";"Com Vítimas Fatais";"Plena Noite";"Crescente";"Chuva";"Simples";"Curva;Declive";"Não";5;2;0;1;1;1;1;3;-27,77641779;-53,43749455;"SPRF-RS";"DEL08-RS";"UOP01-DEL08-RS"
337836;2021-01-31;"domingo";"20:50:00";"ES";101;76,6;"SAO MATEUS";"Frear bruscamente";"Colisão traseira";"Com Vítimas Feridas";"Plena Noite";"Crescente";"Céu Claro";"Simples";"Reta";"Não";4;0;1;0;2;1;1;3;-18,79220409;-39,88463988;"SPRF-ES";"DEL04-ES";"UOP02-DEL04-ES"
337838;2021-01-31;"domingo";"17:30:00";"BA";242;352;"LENCOIS";"Velocidade Incompatível";"Tombamento";"Sem Vítimas";"Plena Noite";"Decrescente";"Céu Claro";"Simples";"Curva";"Não";2;0;0;0;1;2;0;3;-12,49857081;-41,33159186;"SPRF-BA";"DEL06-BA";"UOP01-DEL06-BA"
337839;2021-01-31;"domingo";"22:25:00";"MG";116;762,3;"LEOPOLDINA";"Manobra de mudança de faixa";"Colisão frontal";"Com Vítimas Feridas";"Plena Noite";"Crescente";"Céu Claro";"Simples";"Curva";"Não";2;0;0;1;1;0;1;2;-21,52887723;-42,62360898;"SPRF-MG";"DEL07-MG";"UOP01-DEL07-MG"
337845;2021-01-31;"domingo";"22:30:00";"BA";101;481;"URUCUCA";"Ingestão de álcool pelo condutor";"Colisão lateral sentido oposto";"Sem Vítimas";"Plena Noite";"Crescente";"Céu Claro";"Simples";"Reta";"Não";5;0;0;0;4;1;0;4;-14,6219586;-39,3312854;"SPRF-BA";"DEL05-BA";"UOP01-DEL05-BA"
337853;2021-01-31;"domingo";"21:15:00";"ES";101;385;"RIO NOVO DO SUL";"Ultrapassagem Indevida";"Saída de leito carroçável";"Com Vítimas Feridas";"Plena Noite";"Decrescente";"Céu Claro";"Simples";"Reta";"Sim";2;0;1;0;0;1;1;2;-20,83675912;-40,86790091;"SPRF-ES";"DEL03-ES";"UOP01-DEL03-ES"
337855;2021-02-01;"segunda-feira";"01:10:00";"GO";50;159;"CAMPO ALEGRE DE GOIAS";"Demais falhas mecânicas ou elétricas";"Saída de leito carroçável";"Sem Vítimas";"Plena Noite";"Decrescente";"Céu Claro";"Dupla";"Reta";"Não";2;0;0;0;1;1;0;2;-17,2456;-47,7647;"SPRF-GO";"DEL06-GO";"UOP01-DEL06-GO"
337856;2021-02-01;"segunda-feira";"01:40:00";"MG";381;634,6;"OLIVEIRA";"Condutor Dormindo";"Saída de leito carroçável";"Com Vítimas Fatais";"Plena Noite";"Decrescente";"Nublado";"Dupla";"Curva";"Não";2;1;0;0;0;1;0;2;-20,87602422;-44,84695195;"SPRF-MG";"DEL04-MG";"UOP01-DEL04-MG"
337859;2021-02-01;"segunda-feira";"00:10:00";"BA";242;730;"CRISTOPOLIS";"Acumulo de água sobre o pavimento";"Capotamento";"Sem Vítimas";"Plena Noite";"Crescente";"Chuva";"Simples";"Reta";"Não";2;0;0;0;2;0;0;1;-12,1997501;-44,48247313;"SPRF-BA";"DEL10-BA";"UOP01-DEL10-BA"
337867;2021-02-01;"segunda-feira";"00:20:00";"SC";101;264;"GAROPABA";"Animais na Pista";"Atropelamento de Animal";"Com Vítimas Feridas";"Plena Noite";"Crescente";"Garoa/Chuvisco";"Dupla";"Curva";"Não";6;0;1;0;4;1;1;3;-28,05555697;-48,71771428;"SPRF-SC";"DEL02-SC";"UOP03-DEL02-SC"
337880;2021-02-01;"segunda-feira";"06:50:00";"RJ";116;168;"SAO JOAO DE MERITI";"Reação tardia ou ineficiente do condutor";"Colisão lateral";"Sem Vítimas";"Pleno dia";"Crescente";"Céu Claro";"Múltipla";"Reta";"Sim";4;0;0;0;3;1;0;4;-22,79796033;-43,35872546;"SPRF-RJ";"DEL01-RJ";"UOP01-DEL01-RJ"
337881;2021-02-01;"segunda-feira";"06:15:00";"CE";116;63,6;"CHOROZINHO";"Ingestão de álcool pelo condutor";"Colisão lateral mesmo sentido";"Sem Vítimas";"Pleno dia";"Crescente";"Céu Claro";"Simples";"Reta;Declive";"Não";3;0;0;0;2;2;0;4;-4,27263318;-38,49159144;"SPRF-CE";"DEL03-CE";"UOP02-DEL03-CE"