"id";"data_inversa";"dia_semana";"horario";"uf";"br";"km";"municipio";"causa_acidente";"tipo_acidente";"classificacao_acidente";"fase_dia";"sentido_via";"condicao_metereologica";"tipo_pista";"tracado_via";"uso_solo";"pessoas";"mortos";"feridos_leves";"feridos_graves";"ilesos";"ignorados";"feridos";"veiculos";"latitude";"longitude";"regional";"delegacia";"uop"
337897;2021-02-01;"segunda-feira";"08:30:00";"GO";364;258;"JATAI";"Ultrapassagem Indevida";"Tombamento";"Com Vítimas Feridas";"Pleno dia";"Decrescente";"Céu Claro";"Simples";"Reta";"Não";2;0;1;0;0;1;1;2;-17,679964;-52,210014;"SPRF-GO";"DEL05-GO";"UOP01-DEL05-GO"
337899;2021-02-01;"segunda-feira";"08:40:00";"RJ";116;95;"GUAPIMIRIM";"Reação tardia ou ineficiente do condutor";"Colisão traseira";"Com Vítimas Feridas";"Pleno dia";"Decrescente";"Sol";"Simples";"Reta";"Não";2;0;0;1;1;0;1;2;-22,47374702;-43,00117923;"SPRF-RJ";"DEL04-RJ";"UOP02-DEL04-RJ"
337904;2021-02-01;"segunda-feira";"05:20:00";"PI";222;2;"SAO JOAO DA FRONTEIRA";"Manobra de mudança de faixa";"Colisão frontal";"Com Vítimas Feridas";"Amanhecer";"Crescente";"Céu Claro";"Simples";"Reta";"Não";4;0;2;0;1;1;2;3;-3,92222284;-41,2487882;"SPRF-PI";"DEL02-PI";"UOP01-DEL02-PI"
337905;2021-02-01;"segunda-feira";"07:45:00";"RO";364;238,1;"CACOAL";"Acessar a via sem observar a presença dos outros veículos";"Colisão transversal";"Com Vítimas Feridas";"Pleno dia";"Decrescente";"Céu Claro";"Simples";"Reta";"Sim";2;0;1;0;1;0;1;2;-11,43802783;-61,45611405;"SPRF-RO";"DEL02-RO";"UOP02-DEL02-RO"
337907;2021-02-01;"segunda-feira";"03:30:00";"MG";381;384;"SAO GONCALO DO RIO ABAIXO";"Velocidade Incompatível";"Tombamento";"Com Vítimas Feridas";"Plena Noite";"Decrescente";"Nublado";"Simples";"Declive;Curva";"Não";2;0;1;0;0;2;1;3;-19,8350761;-43,3636912;"SPRF-MG";"DEL01-MG";"UOP01-DEL01-MG"
337934;2021-02-01;"segunda-feira";"11:30:00";"RS";386;130;"SARANDI";"Demais falhas mecânicas ou elétricas";"Incêndio";"Sem Vítimas";"Pleno dia";"Crescente";"Céu Claro";"Simples";"Reta";"Sim";1;0;0;0;1;0;0;1;-27,937862;-52,948528;"SPRF-RS";"DEL08-RS";"UOP01-DEL08-RS"
337935;2021-02-01;"segunda-feira";"12:10:00";"CE";222;217;"SOBRAL";"Conversão proibida";"Colisão transversal";"Com Vítimas Fatais";"Pleno dia";"Decrescente";"Céu Claro";"Simples";"Reta";"Não";3;1;0;1;1;0;1;2;-3,75648758;-40,30235011;"SPRF-CE";"DEL04-CE";"UOP01-DEL04-CE"
337936;2021-02-01;"segunda-feira";"10:00:00";"MG";116;113,4;"ITAOBIM";"Demais falhas mecânicas ou elétricas";"Saída de leito carroçável";"Com Vítimas Fatais";"Pleno dia";"Decrescente";"Céu Claro";"Simples";"Reta";"Não";4;1;1;2;0;0;3;1;-16,53940705;-41,50576515;"SPRF-MG";"DEL11-MG";"UOP02-DEL11-MG"
337940;2021-02-01;"segunda-feira";"12:40:00";"AL";423;100;"DELMIRO GOUVEIA";"Acessar a via sem observar a presença dos outros veículos";"Colisão transversal";"Sem Vítimas";"Pleno dia";"Decrescente";"Céu Claro";"Simples";"Interseção de Vias";"Não";3;0;0;0;2;1;0;3;-9,3903726;-38,1574192;"SPRF-BA";"DEL07-BA";"UOP01-DEL07-BA"
337951;2021-02-01;"segunda-feira";"13:20:00";"GO";364;268;"MINEIROS";"Velocidade Incompatível";"Saída de leito carroçável";"Com Vítimas Feridas";"Pleno dia";"Decrescente";"Sol";"Simples";"Reta";"Não";3;0;1;0;1;2;1;3;-17,67066;-52,293964;"SPRF-GO";"DEL05-GO";"UOP01-DEL05-GO"
337957;2021-02-01;"segunda-feira";"14:40:00";"RN";304;44;"MOSSORO";"Acessar a via sem observar a presença dos outros veículos";"Colisão lateral sentido oposto";"Sem Vítimas";"Pleno dia";"Crescente";"Céu Claro";"Dupla";"Interseção de Vias";"Sim";2;0;0;0;1;1;0;2;-5,22351428;-37,35781214;"SPRF-RN";"DEL04-RN";"UOP01-DEL04-RN"
337958;2021-02-01;"segunda-feira";"14:30:00";"SP";381;41;"ATIBAIA";"Demais falhas mecânicas ou elétricas";"Incêndio";"Sem Vítimas";"Pleno dia";"Decrescente";"Nublado";"Múltipla";"Reta";"Sim";2;0;0;0;1;1;0;2;-23,13863999;-46,57584088;"SPRF-SP";"DEL03-SP";"UOP01-DEL03-SP"
337959;2021-02-01;"segunda-feira";"06:45:00";"RO";435;92;"COLORADO DO OESTE";"Transitar na contramão";"Colisão frontal";"Com Vítimas Feridas";"Pleno dia";"Decrescente";"Nublado";"Simples";"Curva";"Não";3;0;1;0;1;3;1;5;-13,188104;-60,544846;"SPRF-RO";"DEL04-RO";"UOP02-DEL04-RO"
337960;2021-02-01;"segunda-feira";"12:10:00";"SP";116;412;"JUQUIA";"Ausência de reação do condutor";"Colisão traseira";"Com Vítimas Feridas";"Pleno dia";"Decrescente";"Céu Claro";"Dupla";"Reta";"Não";3;0;1;0;1;2;1;4;-24,33094086;-47,61325097;"SPRF-SP";"DEL05-SP";"UOP01-DEL05-SP"
337971;2021-02-01;"segunda-feira";"17:50:00";"RS";158;194,8;"CRUZ ALTA";"Reação tardia ou ineficiente do condutor";"Colisão traseira";"Sem Vítimas";"Pleno dia";"Crescente";"Céu Claro";"Simples";"Interseção de Vias";"Não";2;0;0;0;2;0;0;2;-28,63883986;-53,57203169;"SPRF-RS";"DEL10-RS";"UOP02-DEL10-RS"
337972;2021-02-01;"segunda-feira";"16:40:00";"RS";472;156,5;"SANTA ROSA";"Acessar a via sem observar a presença dos outros veículos";"Colisão transversal";"Com Vítimas Feridas";"Pleno dia";"Decrescente";"Nublado";"Simples";"Interseção de Vias";"Não";4;0;0;2;1;1;2;3;-27,83631124;-54,43075203;"SPRF-RS";"DEL10-RS";"UOP01-DEL10-RS"
337975;2021-02-01;"segunda-feira";"17:45:00";"SP";153;109;"JOSE BONIFACIO";"Acessar a via sem observar a presença dos outros veículos";"Colisão transversal";"Com Vítimas Feridas";"Pleno dia";"Crescente";"Céu Claro";"Simples";"Reta";"Não";2;0;1;0;1;0;1;2;-21,0881994;-49,67457717;"SPRF-SP";"DEL09-SP";"UOP01-DEL09-SP"
337978;2021-02-01;"segunda-feira";"17:50:00";"BA";242;736;"CATOLANDIA";"Chuva";"Saída de leito carroçável";"Com Vítimas Feridas";"Anoitecer";"Decrescente";"Chuva";"Simples";"Reta";"Não";1;0;1;0;0;0;1;1;-12,179934;-44,526716;"SPRF-BA";"DEL10-BA";"UOP01-DEL10-BA"
337982;2021-02-01;"segunda-feira";"17:25:00";"MG";251;518,6;"MONTES CLAROS";"Condutor Dormindo";"Colisão transversal";"Sem Vítimas";"Pleno dia";"Decrescente";"Céu Claro";"Simples";"Reta";"Não";3;0;0;0;2;1;0;3;-16,66257909;-43,76892799;"SPRF-MG";"DEL12-MG";"UOP01-DEL12-MG"
337984;2021-02-01;"segunda-feira";"17:30:00";"RO";364;230,6;"CACOAL";"Velocidade Incompatível";"Colisão frontal";"Com Vítimas Fatais";"Pleno dia";"Crescente";"Nublado";"Simples";"Reta";"Não";3;1;0;0;1;2;0;4;-11,47694099;-61,39322799;"SPRF-RO";"DEL02-RO";"UOP02-DEL02-RO"
337988;2021-02-01;"segunda-feira";"18:00:00";"PR";116;28;"CAMPINA GRANDE DO SUL";"Velocidade Incompatível";"Tombamento";"Com Vítimas Feridas";"Pleno dia";"Decrescente";"Céu Claro";"Dupla";"Curva";"Não";2;0;1;0;0;1;1;2;-25,10670298;-48,80405799;"SPRF-PR";"DEL01-PR";"UOP02-DEL01-PR"
337990;2021-02-01;"segunda-feira";"18:20:00";"RS";392;690,6;"ROQUE GONZALES";"Acessar a via sem observar a presença dos outros veículos";"Colisão transversal";"Com Vítimas Feridas";"Pleno dia";"Crescente";"Nublado";"Simples";"Reta;Interseção de Vias";"Não";4;0;3;0;1;0;3;2;-28,10686447;-55,02242267;"SPRF-RS";"DEL10-RS";"UOP01-DEL10-RS"
337991;2021-02-01;"segunda-feira";"17:50:00";"RN";304;48;"MOSSORO";"Velocidade Incompatível";"Colisão traseira";"Com Vítimas Feridas";"Plena Noite";"Crescente";"Céu Claro";"Dupla";"Retorno Regulamentado";"Sim";2;0;0;1;1;0;1;2;-5,22868577;-37,32203081;"SPRF-RN";"DEL04-RN";"UOP01-DEL04-RN"
338000;2021-02-01;"segunda-feira";"20:00:00";"GO";20;55;"FORMOSA";"Reação tardia ou ineficiente do condutor";"Tombamento";"Com Vítimas Feridas";"Plena Noite";"Crescente";"Céu Claro";"Simples";"Reta;Aclive";"Não";2;0;1;0;0;1;1;2;-15,289079;-47,151413;"SPRF-DF";"DEL02-DF";"UOP01-DEL02-DF"
338003;2021-02-01;"segunda-feira";"20:00:00";"BA";324;521;"FEIRA DE SANTANA";"Reação tardia ou ineficiente do condutor";"Colisão lateral";"Sem Vítimas";"Plena Noite";"Decrescente";"Céu Claro";"Dupla";"Reta";"Sim";3;0;0;0;2;1;0;3;-12,27918591;-38,92645693;"SPRF-BA";"DEL01-BA";"UOP03-DEL01-BA"
338008;2021-02-01;"segunda-feira";"19:20:00";"SC";101;316,9;"LAGUNA";"Manobra de mudança de faixa";"Colisão lateral";"Com Vítimas Feridas";"Plena Noite";"Crescente";"Nublado";"Múltipla";"Reta";"Sim";3;0;2;0;1;0;2;2;-28,4280767;-48,86721432;"SPRF-SC";"DEL02-SC";"UOP01-DEL02-SC"
338010;2021-01-30;"sábado";"19:30:00";"RJ";101;64;"CAMPOS DOS GOYTACAZES";"Acessar a via sem observar a presença dos outros veículos";"Colisão lateral mesmo sentido";"Com Vítimas Feridas";"Plena Noite";"Decrescente";"Céu Claro";"Simples";"Ponte";"Sim";4;0;1;0;3;0;1;3;-21,742022;-41,33021;"SPRF-RJ";"DEL08-RJ";"UOP02-DEL08-RJ"
338016;2021-02-01;"segunda-feira";"19:45:00";"GO";153;581;"PROFESSOR JAMIL";"Ausência de sinalização";"Colisão traseira";"Sem Vítimas";"Plena Noite";"Decrescente";"Chuva";"Dupla";"Reta";"Não";2;0;0;0;2;0;0;2;-17,3907;-49,2271;"SPRF-GO";"DEL03-GO";"UOP01-DEL03-GO"
338017;2021-02-01;"segunda-feira";"16:30:00";"MG";116;553,4;"SANTA BARBARA DO LESTE";"Reação tardia ou ineficiente do condutor";"Colisão lateral";"Com Vítimas Fatais";"Pleno dia";"Decrescente";"Céu Claro";"Simples";"Reta";"Não";4;1;0;0;1;2;0;3;-19,99361802;-42,14392077;"SPRF-MG";"DEL06-MG";"UOP02-DEL06-MG"
338021;2021-02-01;"segunda-feira";"22:30:00";"BA";116;28,1;"VITORIA DA CONQUISTA";"Pedestre andava na pista";"Atropelamento de Pedestre";"Com Vítimas Fatais";"Plena Noite";"Decrescente";"Céu Claro";"Simples";"Reta";"Sim";2;1;0;0;0;1;0;2;-14,84057908;-40,8181572;"SPRF-BA";"DEL08-BA";"UOP01-DEL08-BA"
338023;2021-02-01;"segunda-feira";"23:00:00";"PR";116;50;"CAMPINA GRANDE DO SUL";"Velocidade Incompatível";"Tombamento";"Com Vítimas Feridas";"Anoitecer";"Decrescente";"Nublado";"Dupla";"Reta";"Não";2;0;1;0;0;1;1;2;-25,23481696;-48,90807771;"SPRF-PR";"DEL01-PR";"UOP02-DEL01-PR"
338025;2021-02-01;"segunda-feira";"20:20:00";"MG";267;254,5;"SERITINGA";"Chuva";"Colisão frontal";"Com Vítimas Feridas";"Plena Noite";"Crescente";"Chuva";"Simples";"Curva";"Não";2;0;1;0;1;0;1;2;-21,933821;-44,519087;"SPRF-MG";"DEL17-MG";"UOP01-DEL17-MG"
338028;2021-02-01;"segunda-feira";"23:45:00";"BA";101;499;"ITABUNA";"Entrada inopinada do pedestre";"Atropelamento de Pedestre";"Com Vítimas Fatais";"Plena Noite";"Crescente";"Céu Claro";"Simples";"Reta";"Não";2;1;0;0;1;0;0;2;-14,898916;-39,28881392;"SPRF-BA";"DEL05-BA";"UOP01-DEL05-BA"
338076;2021-02-02;"terça-feira";"00:20:00";"ES";101;207,3;"IBIRACU";"Ultrapassagem Indevida";"Colisão lateral";"Sem Vítimas";"Plena Noite";"Decrescente";"Nublado";"Dupla";"Reta";"Não";3;0;0;0;2;1;0;3;-19,77204724;-40,37105854;"SPRF-ES";"DEL02-ES";"UOP01-DEL02-ES"
338077;2021-02-01;"segunda-feira";"20:20:00";"PI";343;467,4;"ANGICAL DO PIAUI";"Ausência de reação do condutor";"Tombamento";"Com Vítimas Fatais";"Plena Noite";"Decrescente";"Céu Claro";"Simples";"Reta";"Não";2;1;0;0;0;1;0;2;-6,054723;-42,735241;"SPRF-PI";"DEL01-PI";"UOP02-DEL01-PI"
338083;2021-02-02;"terça-feira";"03:50:00";"MG";40;445,5;"PARAOPEBA";"Velocidade Incompatível";"Colisão traseira";"Com Vítimas Feridas";"Plena Noite";"Crescente";"Céu Claro";"Dupla";"Reta";"Não";2;0;2;0;0;0;2;2;-19,28815;-44,392;"SPRF-MG";"DEL02-MG";"UOP01-DEL02-MG"
338084;2021-02-02;"terça-feira";"04:40:00";"SP";381;22;"BRAGANCA PAULISTA";"Reação tardia ou ineficiente do condutor";"Colisão traseira";"Com Vítimas Feridas";"Amanhecer";"Decrescente";"Nublado";"Dupla";"Reta";"Não";5;0;0;3;1;1;3;3;-22,99697186;-46,5163051;"SPRF-SP";"DEL03-SP";"UOP01-DEL03-SP"
338088;2021-02-02;"terça-feira";"06:40:00";"PE";101;54;"PAULISTA";"Reação tardia ou ineficiente do condutor";"Colisão lateral";"Com Vítimas Feridas";"Pleno dia";"Crescente";"Céu Claro";"Dupla";"Reta";"Sim";3;0;1;0;1;1;1;3;-7,93961103;-34,90356584;"SPRF-PE";"DEL01-PE";"UOP02-DEL01-PE"
338093;2021-02-02;"terça-feira";"06:50:00";"SC";101;404,5;"ARARANGUA";"Condutor deixou de manter distância do veículo da frente";"Colisão traseira";"Com Vítimas Feridas";"Pleno dia";"Crescente";"Céu Claro";"Dupla";"Em Obras";"Não";5;0;2;1;1;1;3;3;-28,87801417;-49,45745479;"SPRF-SC";"DEL02-SC";"UOP02-DEL02-SC"
338094;2021-02-02;"terça-feira";"07:40:00";"BA";101;125;"TEODORO SAMPAIO";"Velocidade Incompatível";"Tombamento";"Com Vítimas Feridas";"Amanhecer";"Crescente";"Céu Claro";"Simples";"Curva";"Não";1;0;0;1;0;0;1;1;-12,1952576;-38,59267504;"SPRF-BA";"DEL01-BA";"UOP04-DEL01-BA"
338106;2021-02-02;"terça-feira";"07:50:00";"SC";470;136,3;"RIO DO SUL";"Desrespeitar a preferência no cruzamento";"Colisão transversal";"Com Vítimas Feridas";"Pleno dia";"Decrescente";"Céu Claro";"Simples";"Interseção de Vias";"Sim";3;0;1;0;1;2;1;4;-27,194323;-49,624554;"SPRF-SC";"DEL04-SC";"UOP02-DEL04-SC"
338114;2021-02-02;"terça-feira";"09:40:00";"ES";101;291,6;"CARIACICA";"Condutor deixou de manter distância do veículo da frente";"Colisão traseira";"Sem Vítimas";"Pleno dia";"Decrescente";"Céu Claro";"Dupla";"Reta";"Sim";2;0;0;0;2;0;0;2;-20,29755744;-40,39445616;"SPRF-ES";"DEL01-ES";"UOP01-DEL01-ES"
338123;2021-02-02;"terça-feira";"12:15:00";"RS";285;418,8;"PANAMBI";"Ausência de reação do condutor";"Colisão traseira";"Com Vítimas Fatais";"Pleno dia";"Crescente";"Céu Claro";"Simples";"Reta";"Não";7;2;2;1;1;2;3;4;-28,350788;-53,49990847;"SPRF-RS";"DEL10-RS";"UOP01-DEL10-RS"
338127;2021-02-02;"terça-feira";"12:30:00";"BA";242;890;"LUIS EDUARDO MAGALHAES";"Acostamento em desnível";"Saída de leito carroçável";"Com Vítimas Fatais";"Pleno dia";"Crescente";"Sol";"Simples";"Reta";"Não";1;1;0;0;0;0;0;1;-12,07230549;-45,65158394;"SPRF-BA";"DEL10-BA";"UOP01-DEL10-BA"
338128;2021-02-02;"terça-feira";"12:30:00";"MG";40;777;"JUIZ DE FORA";"Velocidade Incompatível";"Tombamento";"Sem Vítimas";"Pleno dia";"Crescente";"Céu Claro";"Simples";"Curva";"Não";1;0;0;0;0;1;0;1;-21,65915396;-43,43351652;"SPRF-MG";"DEL05-MG";"UOP01-DEL05-MG"
338131;2021-02-01;"segunda-feira";"20:30:00";"MG";365;490;"PATROCINIO";"Demais falhas mecânicas ou elétricas";"Saída de leito carroçável";"Com Vítimas Feridas";"Plena Noite";"Decrescente";"Nublado";"Simples";"Curva";"Não";2;0;1;0;0;1;1;2;-18,90321656;-47,14132732;"SPRF-MG";"DEL10-MG";"UOP01-DEL10-MG"
338140;2021-02-02;"terça-feira";"12:02:00";"GO";50;279;"CATALAO";"Transitar no acostamento";"Colisão traseira";"Com Vítimas Feridas";"Pleno dia";"Decrescente";"Céu Claro";"Simples";"Reta";"Não";2;0;0;1;1;0;1;2;-18,1739;-47,9289;"SPRF-GO";"DEL06-GO";"UOP01-DEL06-GO"
338146;2021-02-02;"terça-feira";"13:59:00";"PR";277;0,5;"PARANAGUA";"Desrespeitar a preferência no cruzamento";"Colisão transversal";"Com Vítimas Feridas";"Pleno dia";"Crescente";"Céu Claro";"Simples";"Reta";"Sim";3;0;0;1;1;2;1;4;-25,568198;-48,615292;"SPRF-PR";"DEL01-PR";"UOP05-DEL01-PR"
338150;2021-02-02;"terça-feira";"14:25:00";"SE";101;152,4;"ESTANCIA";"Acessar a via sem observar a presença dos outros veículos";"Colisão transversal";"Com Vítimas Feridas";"Pleno dia";"Crescente";"Céu Claro";"Simples";"Reta";"Sim";4;0;1;0;2;1;1;3;-11,27406095;-37,44792938;"SPRF-SE";"DEL02-SE";"UOP01-DEL02-SE"
338151;2021-01-26;"terça-feira";"12:15:00";"GO";153;646,5;"MORRINHOS";"Ausência de reação do condutor";"Colisão lateral";"Com Vítimas Feridas";"Pleno dia";"Crescente";"Nublado";"Dupla";"Reta";"Não";3;0;0;1;1;2;1;4;-17,932;-49,2444;"SPRF-GO";"DEL03-GO";"UOP01-DEL03-GO"
338157;2021-02-02;"terça-feira";"15:00:00";"PE";101;80;"JABOATAO DOS GUARARAPES";"Área urbana sem a presença de local apropriado para a travessia de pedestres";"Atropelamento de Pedestre";"Com Vítimas Feridas";"Pleno dia";"Crescente";"Céu Claro";"Dupla";"Declive;Reta";"Sim";2;0;1;0;0;1;1;2;-8,15112589;-34,9428866;"SPRF-PE";"DEL01-PE";"UOP03-DEL01-PE"
338162;2021-02-02;"terça-feira";"11:20:00";"SC";101;18,4;"JOINVILLE";"Reação tardia ou ineficiente do condutor";"Colisão lateral mesmo sentido";"Com Vítimas Feridas";"Pleno dia";"Decrescente";"Céu Claro";"Dupla";"Reta";"Não";3;0;1;0;1;1;1;3;-26,128553;-48,888776;"SPRF-SC";"DEL03-SC";"UOP01-DEL03-SC"
338165;2021-02-02;"terça-feira";"15:00:00";"PB";230;204,4;"SOLEDADE";"Reação tardia ou ineficiente do condutor";"Colisão transversal";"Com Vítimas Feridas";"Pleno dia";"Crescente";"Céu Claro";"Simples";"Declive";"Não";2;0;1;0;1;0;1;2;-7,09405;-36,270814;"SPRF-PB";"DEL02-PB";"UOP02-DEL02-PB"
338172;2021-02-02;"terça-feira";"17:00:00";"PR";153;507;"GENERAL CARNEIRO";"Reação tardia ou ineficiente do condutor";"Saída de leito carroçável";"Com Vítimas Feridas";"Pleno dia";"Crescente";"Céu Claro";"Simples";"Reta";"Não";2;0;1;0;0;2;1;3;-26,538413;-51,419128;"SPRF-PR";"DEL02-PR";"UOP03-DEL02-PR"
338175;2021-02-02;"terça-feira";"06:40:00";"SC";153;25,5;"AGUA DOCE";"Pista esburacada";"Saída de leito carroçável";"Com Vítimas Feridas";"Pleno dia";"Crescente";"Céu Claro";"Simples";"Ponte;Reta";"Não";2;0;0;2;0;0;2;1;-26,750452;-51,662422;"SPRF-SC";"DEL07-SC";"UOP05-DEL07-SC"
338179;2021-02-02;"terça-feira";"11:00:00";"SC";101;1,9;"GARUVA";"Reação tardia ou ineficiente do condutor";"Colisão traseira";"Com Vítimas Feridas";"Pleno dia";"Crescente";"Sol";"Dupla";"Reta";"Não";2;0;0;1;1;0;1;2;-25,99715455;-48,87881756;"SPRF-SC";"DEL03-SC";"UOP01-DEL03-SC"
338180;2021-02-02;"terça-feira";"17:38:00";"PR";277;83;"CURITIBA";"Pedestre andava na pista";"Atropelamento de Pedestre";"Com Vítimas Feridas";"Pleno dia";"Crescente";"Sol";"Dupla";"Reta";"Sim";2;0;1;0;1;0;1;2;-25,568939;-49,181978;"SPRF-PR";"DEL01-PR";"UOP01-DEL01-PR"
338190;2021-02-02;"terça-feira";"16:10:00";"SP";116;541;"BARRA DO TURVO";"Velocidade Incompatível";"Colisão com objeto";"Com Vítimas Feridas";"Pleno dia";"Crescente";"Chuva";"Dupla";"Reta";"Não";4;0;2;0;2;0;2;3;-24,97245688;-48,39976606;"SPRF-SP";"DEL05-SP";"UOP02-DEL05-SP"
338193;2021-02-02;"terça-feira";"17:45:00";"GO";251;38;"CRISTALINA";"Velocidade Incompatível";"Colisão traseira";"Com Vítimas Feridas";"Anoitecer";"Decrescente";"Céu Claro";"Simples";"Reta";"Não";4;0;0;3;1;0;3;2;-16,05818539;-47,53431704;"SPRF-DF";"DEL03-DF";"UOP02-DEL03-DF"
338196;2021-02-02;"terça-feira";"16:45:00";"PR";116;38;"CAMPINA GRANDE DO SUL";"Chuva";"Colisão lateral mesmo sentido";"Com Vítimas Feridas";"Pleno dia";"Decrescente";"Chuva";"Dupla";"Curva";"Não";3;0;1;0;1;2;1;4;-25,14802509;-48,85922071;"SPRF-PR";"DEL01-PR";"UOP02-DEL01-PR"
338198;2021-02-02;"terça-feira";"18:15:00";"PR";277;125;"BALSA NOVA";"Pedestre andava na pista";"Atropelamento de Pedestre";"Com Vítimas Feridas";"Pleno dia";"Crescente";"Céu Claro";"Simples";"Reta";"Não";3;0;2;0;0;1;2;2;-25,45026;-49,594335;"SPRF-PR";"DEL01-PR";"UOP03-DEL03-PR"
338207;2021-02-02;"terça-feira";"16:40:00";"MG";262;748;"PERDIZES";"Demais falhas mecânicas ou elétricas";"Colisão lateral";"Com Vítimas Feridas";"Pleno dia";"Decrescente";"Garoa/Chuvisco";"Simples";"Reta;Aclive";"Não";4;0;1;0;2;2;1;4;-19,61251372;-47,44754791;"SPRF-MG";"DEL13-MG";"UOP01-DEL13-MG"
338218;2021-02-02;"terça-feira";"18:30:00";"PR";369;415,1;"JURANDA";"Desrespeitar a preferência no cruzamento";"Colisão transversal";"Com Vítimas Feridas";"Anoitecer";"Crescente";"Nublado";"Simples";"Reta";"Não";3;0;0;1;1;1;1;3;-24,3645595;-52,75612235;"SPRF-PR";"DEL09-PR";"UOP03-DEL09-PR"
338220;2021-02-02;"terça-feira";"20:10:00";"RS";158;141,9;"PANAMBI";"Entrada inopinada do pedestre";"Colisão frontal";"Com Vítimas Feridas";"Plena Noite";"Crescente";"Céu Claro";"Simples";"Curva";"Não";3;0;1;0;1;2;1;4;-28,209461;-53,47060389;"SPRF-RS";"DEL10-RS";"UOP02-DEL10-RS"
338221;2021-02-02;"terça-feira";"20:50:00";"MG";267;171;"LIMA DUARTE";"Chuva";"Saída de leito carroçável";"Com Vítimas Fatais";"Plena Noite";"Decrescente";"Chuva";"Simples";"Reta";"Não";3;1;0;1;0;1;1;2;-21,86295111;-43,87591763;"SPRF-MG";"DEL05-MG";"UOP01-DEL05-MG"
338226;2021-02-02;"terça-feira";"18:00:00";"BA";242;737;"CRISTOPOLIS";"Chuva";"Colisão lateral sentido oposto";"Sem Vítimas";"Anoitecer";"Decrescente";"Garoa/Chuvisco";"Simples";"Reta";"Não";4;0;0;0;3;2;0;4;-12,22313286;-44,335884;"SPRF-BA";"DEL10-BA";"UOP01-DEL10-BA"
338227;2021-02-02;"terça-feira";"19:30:00";"RS";158;135,9;"CONDOR";"Velocidade Incompatível";"Colisão traseira";"Com Vítimas Fatais";"Anoitecer";"Decrescente";"Céu Claro";"Simples";"Reta";"Não";5;1;0;1;2;2;1;5;-28,15852593;-53,46802722;"SPRF-RS";"DEL08-RS";"UOP02-DEL08-RS"
338229;2021-02-02;"terça-feira";"19:50:00";"MG";459;105,9;"POUSO ALEGRE";"Ausência de reação do condutor";"Colisão frontal";"Com Vítimas Feridas";"Plena Noite";"Crescente";"Nublado";"Simples";"Curva";"Não";2;0;1;0;1;0;1;2;-22,24121747;-45,8809073;"SPRF-MG";"DEL16-MG";"UOP01-DEL16-MG"
338232;2021-02-02;"terça-feira";"20:30:00";"MG";40;36;"PARACATU";"Mal súbito do condutor";"Tombamento";"Com Vítimas Feridas";"Plena Noite";"Decrescente";"Céu Claro";"Dupla";"Curva";"Não";2;0;1;0;0;1;1;2;-17,196358;-46,909396;"SPRF-MG";"DEL14-MG";"UOP01-DEL14-MG"
338233;2021-02-02;"terça-feira";"21:00:00";"PE";101;119;"ESCADA";"Pedestre andava na pista";"Atropelamento de Pedestre";"Com Vítimas Feridas";"Plena Noite";"Decrescente";"Céu Claro";"Dupla";"Reta";"Não";3;0;0;1;1;1;1;3;-8,35291472;-35,16929901;"SPRF-PE";"DEL01-PE";"UOP03-DEL01-PE"
338239;2021-02-02;"terça-feira";"22:25:00";"MG";40;613,6;"CONGONHAS";"Ingestão de álcool ou de substâncias psicoativas pelo pedestre";"Atropelamento de Pedestre";"Com Vítimas Feridas";"Plena Noite";"Crescente";"Chuva";"Simples";"Reta";"Sim";3;0;0;1;1;1;1;3;-20,52319889;-43,8291359;"SPRF-MG";"DEL05-MG";"UOP02-DEL05-MG"
338240;2021-02-02;"terça-feira";"21:00:00";"BA";101;608;"MASCOTE";"Transitar na contramão";"Colisão lateral sentido oposto";"Com Vítimas Feridas";"Plena Noite";"Crescente";"Nublado";"Simples";"Reta";"Não";5;0;3;0;2;0;3;2;-15,71817664;-39,4534904;"SPRF-BA";"DEL05-BA";"UOP02-DEL05-BA"
338241;2021-02-02;"terça-feira";"18:45:00";"MT";70;537,5;"VARZEA GRANDE";"Ausência de reação do condutor";"Colisão lateral sentido oposto";"Com Vítimas Feridas";"Plena Noite";"Crescente";"Nublado";"Simples";"Reta";"Não";5;0;1;0;3;1;1;5;-15,679389;-56,276164;"SPRF-MT";"DEL01-MT";"UOP02-DEL01-MT"
338245;2021-02-02;"terça-feira";"23:10:00";"SC";101;34,1;"JOINVILLE";"Condutor deixou de manter distância do veículo da frente";"Colisão traseira";"Com Vítimas Feridas";"Plena Noite";"Decrescente";"Céu Claro";"Dupla";"Reta";"Sim";4;0;1;0;2;2;1;5;-26,23667403;-48,91486706;"SPRF-SC";"DEL03-SC";"UOP01-DEL03-SC"
338248;2021-02-02;"terça-feira";"20:00:00";"RS";470;155,4;"NOVA PRATA";"Transitar na contramão";"Colisão frontal";"Com Vítimas Feridas";"Plena Noite";"Decrescente";"Céu Claro";"Simples";"Curva";"Não";2;0;1;0;1;0;1;2;-28,78243906;-51,61511825;"SPRF-RS";"DEL06-RS";"UOP02-DEL06-RS"