"id";"data_inversa";"dia_semana";"horario";"uf";"br";"km";"municipio";"causa_acidente";"tipo_acidente";"classificacao_acidente";"fase_dia";"sentido_via";"condicao_metereologica";"tipo_pista";"tracado_via";"uso_solo";"pessoas";"mortos";"feridos_leves";"feridos_graves";"ilesos";"ignorados";"feridos";"veiculos";"latitude";"longitude";"regional";"delegacia";"uop"
338518;2021-02-04;"quinta-feira";"14:25:00";"MS";163;520,5;"JARAGUARI";"Reação tardia ou ineficiente do condutor";"Saída de leito carroçável";"Com Vítimas Feridas";"Pleno dia";"Crescente";"Céu Claro";"Dupla";"Reta";"Não";2;0;1;0;0;1;1;2;-20,16179487;-54,44469725;"SPRF-MS";"DEL01-MS";"UOP02-DEL01-MS"
338519;2021-02-04;"quinta-feira";"14:30:00";"RS";386;407;"TRIUNFO";"Chuva";"Saída de leito carroçável";"Sem Vítimas";"Pleno dia";"Crescente";"Chuva";"Simples";"Curva;Declive";"Não";2;0;0;0;1;1;0;2;-29,786842;-51,543865;"SPRF-RS";"DEL04-RS";"UOP02-DEL04-RS"
338520;2021-02-04;"quinta-feira";"15:00:00";"PB";230;22;"JOAO PESSOA";"Condutor deixou de manter distância do veículo da frente";"Engavetamento";"Com Vítimas Feridas";"Pleno dia";"Decrescente";"Sol";"Dupla";"Reta";"Sim";6;0;1;0;5;0;1;3;-7,1495;-34,8517;"SPRF-PB";"DEL01-PB";"UOP01-DEL01-PB"
338522;2021-02-04;"quinta-feira";"15:00:00";"PR";476;108;"COLOMBO";"Mal súbito do condutor";"Tombamento";"Com Vítimas Feridas";"Pleno dia";"Crescente";"Céu Claro";"Simples";"Reta";"Sim";2;0;0;1;0;1;1;2;-25,298958;-49,152153;"SPRF-PR";"DEL01-PR";"UOP02-DEL01-PR"
338524;2021-02-04;"quinta-feira";"12:30:00";"SC";282;445,5;"PONTE SERRADA";"Velocidade Incompatível";"Saída de leito carroçável";"Sem Vítimas";"Pleno dia";"Decrescente";"Garoa/Chuvisco";"Simples";"Reta";"Não";1;0;0;0;1;0;0;1;-26,908545;-51,905785;"SPRF-SC";"DEL07-SC";"UOP04-DEL07-SC"
338525;2021-02-04;"quinta-feira";"06:40:00";"PR";376;339;"ORTIGUEIRA";"Curva acentuada";"Tombamento";"Sem Vítimas";"Amanhecer";"Crescente";"Vento";"Simples";"Curva;Declive";"Não";2;0;0;0;1;1;0;2;-24,14008638;-51,005584;"SPRF-PR";"DEL07-PR";"UOP03-DEL07-PR"
338527;2021-02-04;"quinta-feira";"12:50:00";"MG";365;435,1;"PATOS DE MINAS";"Condutor Dormindo";"Colisão frontal";"Com Vítimas Feridas";"Pleno dia";"Crescente";"Nublado";"Simples";"Curva";"Não";3;0;1;1;0;2;2;4;-18,7790282;-46,70568801;"SPRF-MG";"DEL10-MG";"UOP01-DEL10-MG"
338530;2021-02-04;"quinta-feira";"15:25:00";"MG";365;3;"MONTES CLAROS";"Pista Escorregadia";"Tombamento";"Com Vítimas Feridas";"Pleno dia";"Crescente";"Garoa/Chuvisco";"Simples";"Reta";"Não";1;0;1;0;0;0;1;1;-16,74574399;-43,88392402;"SPRF-MG";"DEL12-MG";"UOP01-DEL12-MG"
338539;2021-02-04;"quinta-feira";"15:00:00";"MG";365;49;"CLARO DOS POCOES";"Chuva";"Saída de leito carroçável";"Com Vítimas Feridas";"Pleno dia";"Decrescente";"Chuva";"Simples";"Reta";"Não";1;0;0;1;0;0;1;1;-16,93286996;-44,23666404;"SPRF-MG";"DEL12-MG";"UOP01-DEL12-MG"
338542;2021-02-04;"quinta-feira";"16:20:00";"ES";101;203,7;"JOAO NEIVA";"Velocidade Incompatível";"Tombamento";"Com Vítimas Feridas";"Pleno dia";"Decrescente";"Sol";"Múltipla";"Rotatória";"Sim";3;0;1;0;1;1;1;2;-19,74448248;-40,37263506;"SPRF-ES";"DEL02-ES";"UOP01-DEL02-ES"
338544;2021-02-04;"quinta-feira";"17:27:00";"RS";386;376;"PAVERAMA";"Manobra de mudança de faixa";"Colisão lateral";"Com Vítimas Feridas";"Pleno dia";"Decrescente";"Nublado";"Simples";"Reta";"Não";3;0;1;0;2;0;1;2;-29,620808;-51,777538;"SPRF-RS";"DEL04-RS";"UOP02-DEL04-RS"
338545;2021-02-04;"quinta-feira";"16:57:00";"GO";20;2;"FORMOSA";"Acessar a via sem observar a presença dos outros veículos";"Colisão lateral";"Com Vítimas Feridas";"Pleno dia";"Crescente";"Chuva";"Simples";"Retorno Regulamentado";"Sim";3;0;1;2;0;0;3;2;-15,57387;-47,327488;"SPRF-DF";"DEL02-DF";"UOP01-DEL02-DF"
338546;2021-02-04;"quinta-feira";"16:16:00";"MG";381;387;"SAO GONCALO DO RIO ABAIXO";"Acostamento em desnível";"Tombamento";"Com Vítimas Feridas";"Pleno dia";"Decrescente";"Céu Claro";"Simples";"Curva";"Sim";2;0;1;0;0;1;1;2;-19,79575004;-43,42574708;"SPRF-MG";"DEL01-MG";"UOP01-DEL01-MG"
338553;2021-02-04;"quinta-feira";"17:30:00";"SC";470;45;"BLUMENAU";"Desrespeitar a preferência no cruzamento";"Colisão transversal";"Com Vítimas Feridas";"Pleno dia";"Crescente";"Nublado";"Simples";"Reta";"Não";2;0;1;0;1;0;1;2;-26,867064;-49,031109;"SPRF-SC";"DEL04-SC";"UOP01-DEL04-SC"
338558;2021-02-04;"quinta-feira";"18:00:00";"RS";116;222;"DOIS IRMAOS";"Problema com o freio";"Colisão traseira";"Com Vítimas Feridas";"Pleno dia";"Crescente";"Chuva";"Simples";"Declive";"Sim";7;0;1;0;5;1;1;7;-29,58096695;-51,09515511;"SPRF-RS";"DEL01-RS";"UOP02-DEL01-RS"
338567;2021-02-04;"quinta-feira";"18:30:00";"SC";470;145;"RIO DO SUL";"Condutor deixou de manter distância do veículo da frente";"Colisão traseira";"Com Vítimas Feridas";"Pleno dia";"Decrescente";"Céu Claro";"Simples";"Reta";"Não";3;0;0;1;2;0;1;3;-27,22888518;-49,6685065;"SPRF-SC";"DEL04-SC";"UOP02-DEL04-SC"
338577;2021-02-04;"quinta-feira";"17:55:00";"MG";381;324;"NOVA ERA";"Velocidade Incompatível";"Tombamento";"Com Vítimas Feridas";"Anoitecer";"Crescente";"Nublado";"Simples";"Curva;Aclive";"Não";2;0;1;0;0;1;1;2;-19,759028;-43,028651;"SPRF-MG";"DEL03-MG";"UOP02-DEL03-MG"
338585;2021-02-04;"quinta-feira";"19:00:00";"PR";376;315;"ORTIGUEIRA";"Ultrapassagem Indevida";"Colisão lateral mesmo sentido";"Com Vítimas Feridas";"Plena Noite";"Crescente";"Céu Claro";"Simples";"Em Obras";"Não";2;0;1;0;1;0;1;2;-24,02668686;-51,09740947;"SPRF-PR";"DEL07-PR";"UOP03-DEL07-PR"
338589;2021-02-04;"quinta-feira";"16:20:00";"MT";70;714;"CACERES";"Condutor deixou de manter distância do veículo da frente";"Colisão traseira";"Sem Vítimas";"Pleno dia";"Crescente";"Céu Claro";"Simples";"Curva";"Não";4;0;0;0;3;1;0;4;-16,2430093;-57,54684912;"SPRF-MT";"DEL03-MT";"UOP01-DEL03-MT"
338590;2021-02-04;"quinta-feira";"17:20:00";"PR";376;455,8;"TIBAGI";"Velocidade Incompatível";"Colisão frontal";"Sem Vítimas";"Pleno dia";"Decrescente";"Chuva";"Dupla";"Reta";"Não";3;0;0;0;2;2;0;4;-24,97197186;-50,3825899;"SPRF-PR";"DEL03-PR";"UOP02-DEL03-PR"
338596;2021-02-04;"quinta-feira";"20:50:00";"PR";376;170,8;"MARINGA";"Velocidade Incompatível";"Tombamento";"Com Vítimas Feridas";"Plena Noite";"Crescente";"Céu Claro";"Simples";"Rotatória";"Sim";3;0;0;1;1;1;1;2;-23,41595703;-51,97950402;"SPRF-PR";"DEL09-PR";"UOP01-DEL09-PR"
338597;2021-02-04;"quinta-feira";"20:50:00";"RJ";101;408;"ITAGUAI";"Ausência de reação do condutor";"Colisão traseira";"Com Vítimas Feridas";"Plena Noite";"Crescente";"Céu Claro";"Dupla";"Reta";"Sim";2;0;0;1;1;0;1;2;-22,88087914;-43,82441392;"SPRF-RJ";"DEL03-RJ";"UOP01-DEL03-RJ"
338603;2021-02-04;"quinta-feira";"20:00:00";"MT";163;736;"SORRISO";"Ingestão de álcool pelo condutor";"Tombamento";"Sem Vítimas";"Plena Noite";"Decrescente";"Céu Claro";"Simples";"Reta";"Não";2;0;0;0;1;1;0;2;-12,78531298;-55,83736483;"SPRF-MT";"DEL06-MT";"UOP01-DEL06-MT"
338605;2021-02-04;"quinta-feira";"13:20:00";"RJ";101;144;"MACAE";"Velocidade Incompatível";"Tombamento";"Com Vítimas Feridas";"Pleno dia";"Crescente";"Céu Claro";"Simples";"Rotatória";"Não";1;0;1;0;0;0;1;1;-22,21328005;-41,75426573;"SPRF-RJ";"DEL08-RJ";"UOP04-DEL08-RJ"
338606;2021-02-04;"quinta-feira";"15:40:00";"RO";435;62;"COLORADO DO OESTE";"Demais falhas mecânicas ou elétricas";"Colisão lateral";"Sem Vítimas";"Pleno dia";"Decrescente";"Garoa/Chuvisco";"Simples";"Reta";"Não";4;0;0;0;3;4;0;7;-13,0696202;-60,38731328;"SPRF-RO";"DEL04-RO";"UOP02-DEL04-RO"
338609;2021-02-04;"quinta-feira";"20:50:00";"GO";60;180,1;"ABADIA DE GOIAS";"Avarias e/ou desgaste excessivo no pneu";"Colisão lateral mesmo sentido";"Com Vítimas Feridas";"Plena Noite";"Decrescente";"Nublado";"Dupla";"Declive";"Não";3;0;0;2;0;1;2;3;-16,7666;-49,4751;"SPRF-GO";"DEL01-GO";"UOP02-DEL01-GO"
338611;2021-02-04;"quinta-feira";"12:00:00";"PA";155;271;"ELDORADO DO CARAJAS";"Condutor deixou de manter distância do veículo da frente";"Colisão traseira";"Sem Vítimas";"Pleno dia";"Decrescente";"Céu Claro";"Simples";"Reta";"Não";3;0;0;0;1;3;0;4;-5,97341309;-49,22814974;"SPRF-PA";"DEL03-PA";"UOP01-DEL03-PA"
338614;2021-02-04;"quinta-feira";"22:30:00";"BA";116;615;"JAGUAQUARA";"Iluminação deficiente";"Colisão traseira";"Com Vítimas Feridas";"Plena Noite";"Decrescente";"Céu Claro";"Simples";"Reta";"Não";2;0;1;1;0;0;2;2;-13,321861;-40,01699509;"SPRF-BA";"DEL03-BA";"UOP01-DEL03-BA"
338615;2021-02-04;"quinta-feira";"23:10:00";"MG";251;490,2;"FRANCISCO SA";"Ausência de reação do condutor";"Colisão traseira";"Com Vítimas Feridas";"Plena Noite";"Crescente";"Céu Claro";"Simples";"Reta";"Não";6;0;2;0;4;0;2;2;-16,53065068;-43,5834233;"SPRF-MG";"DEL12-MG";"UOP01-DEL12-MG"
338617;2021-02-04;"quinta-feira";"23:40:00";"RS";158;276;"JULIO DE CASTILHOS";"Condutor Dormindo";"Saída de leito carroçável";"Com Vítimas Feridas";"Plena Noite";"Crescente";"Céu Claro";"Simples";"Reta";"Não";1;0;1;0;0;0;1;1;-29,34313999;-53,67364987;"SPRF-RS";"DEL09-RS";"UOP01-DEL09-RS"
338620;2021-02-05;"sexta-feira";"00:00:00";"MG";262;359,5;"BETIM";"Condutor Dormindo";"Colisão traseira";"Com Vítimas Feridas";"Plena Noite";"Crescente";"Céu Claro";"Dupla";"Reta";"Não";2;0;1;0;0;1;1;2;-19,9798021;-44,25258636;"SPRF-MG";"DEL01-MG";"UOP03-DEL01-MG"
338624;2021-02-05;"sexta-feira";"01:23:00";"PA";316;74,8;"SAO FRANCISCO DO PARA";"Reação tardia ou ineficiente do condutor";"Saída de leito carroçável";"Com Vítimas Feridas";"Plena Noite";"Crescente";"Nevoeiro/Neblina";"Simples";"Reta";"Não";3;0;2;0;0;1;2;2;-1,29131621;-47,83082209;"SPRF-PA";"DEL01-PA";"UOP01-DEL01-PA"
338627;2021-02-05;"sexta-feira";"03:57:00";"PR";277;3,3;"PARANAGUA";"Conversão proibida";"Colisão traseira";"Com Vítimas Feridas";"Plena Noite";"Decrescente";"Nublado";"Simples";"Interseção de Vias";"Sim";4;0;1;0;1;2;1;4;-25,54739766;-48,5609436;"SPRF-PR";"DEL01-PR";"UOP05-DEL01-PR"
338628;2021-02-05;"sexta-feira";"04:25:00";"RS";386;297,2;"POUSO NOVO";"Ausência de reação do condutor";"Saída de leito carroçável";"Com Vítimas Feridas";"Plena Noite";"Crescente";"Céu Claro";"Simples";"Curva";"Não";1;0;1;0;0;0;1;1;-29,14061;-52,239182;"SPRF-RS";"DEL04-RS";"UOP01-DEL04-RS"
338631;2021-02-05;"sexta-feira";"03:03:00";"MG";365;558;"INDIANOPOLIS";"Condutor Dormindo";"Saída de leito carroçável";"Com Vítimas Feridas";"Plena Noite";"Crescente";"Céu Claro";"Simples";"Reta";"Não";1;0;1;0;0;0;1;1;-18,92628934;-47,76039001;"SPRF-MG";"DEL15-MG";"UOP02-DEL15-MG"
338634;2021-02-05;"sexta-feira";"04:50:00";"SC";101;123,2;"ITAJAI";"Velocidade Incompatível";"Colisão lateral";"Com Vítimas Feridas";"Amanhecer";"Decrescente";"Céu Claro";"Múltipla";"Reta";"Sim";3;0;0;1;2;0;1;2;-26,93668609;-48,69876905;"SPRF-SC";"DEL04-SC";"UOP04-DEL04-SC"
338638;2021-01-24;"domingo";"19:15:00";"PI";230;294;"FLORIANO";"Animais na Pista";"Atropelamento de Animal";"Com Vítimas Feridas";"Plena Noite";"Crescente";"Ignorado";"Simples";"Reta";"Não";4;0;3;0;0;1;3;2;-6,84506261;-42,89191872;"SPRF-PI";"DEL03-PI";"UOP01-DEL03-PI"
338652;2021-02-05;"sexta-feira";"07:50:00";"SP";381;71;"SAO PAULO";"Condutor Dormindo";"Colisão traseira";"Sem Vítimas";"Pleno dia";"Crescente";"Céu Claro";"Dupla";"Reta";"Não";3;0;0;0;2;1;0;3;-23,35962153;-46,55073524;"SPRF-SP";"DEL03-SP";"UOP01-DEL03-SP"
338654;2021-02-04;"quinta-feira";"18:50:00";"MT";163;635;"NOVA MUTUM";"Demais falhas mecânicas ou elétricas";"Colisão traseira";"Com Vítimas Feridas";"Plena Noite";"Decrescente";"Nublado";"Simples";"Reta";"Não";2;0;0;1;1;0;1;2;-13,602345;-56,03186002;"SPRF-MT";"DEL01-MT";"UOP01-DEL01-MT"
338656;2021-02-04;"quinta-feira";"21:10:00";"MA";135;370,8;"SAO DOMINGOS DO MARANHAO";"Iluminação deficiente";"Colisão traseira";"Com Vítimas Fatais";"Plena Noite";"Crescente";"Céu Claro";"Simples";"Reta";"Não";2;1;0;0;0;1;0;2;-5,53619988;-44,41253489;"SPRF-MA";"DEL03-MA";"UOP01-DEL03-MA"
338657;2021-02-05;"sexta-feira";"03:00:00";"MT";70;294;"POXOREO";"Condutor Dormindo";"Tombamento";"Com Vítimas Feridas";"Plena Noite";"Decrescente";"Céu Claro";"Simples";"Reta";"Não";2;0;1;0;0;1;1;2;-15,57987428;-54,42092098;"SPRF-MT";"DEL05-MT";"UOP01-DEL05-MT"
338668;2021-02-05;"sexta-feira";"09:20:00";"RS";386;424,6;"MONTENEGRO";"Demais falhas mecânicas ou elétricas";"Colisão com objeto";"Com Vítimas Feridas";"Pleno dia";"Crescente";"Nublado";"Dupla";"Reta";"Não";3;0;1;0;1;1;1;3;-29,818094;-51,382572;"SPRF-RS";"DEL04-RS";"UOP02-DEL04-RS"
338672;2021-02-05;"sexta-feira";"10:00:00";"PB";230;27;"JOAO PESSOA";"Velocidade Incompatível";"Engavetamento";"Com Vítimas Feridas";"Pleno dia";"Crescente";"Céu Claro";"Dupla";"Reta";"Sim";4;0;2;0;2;0;2;4;-7,1677;-34,8855;"SPRF-PB";"DEL01-PB";"UOP01-DEL01-PB"
338675;2021-02-05;"sexta-feira";"10:10:00";"MT";70;7;"BARRA DO GARCAS";"Desrespeitar a preferência no cruzamento";"Colisão transversal";"Com Vítimas Feridas";"Pleno dia";"Crescente";"Céu Claro";"Dupla";"Rotatória";"Sim";7;0;1;0;5;2;1;4;-15,878143;-52,316788;"SPRF-MT";"DEL07-MT";"UOP01-DEL07-MT"
338678;2021-02-05;"sexta-feira";"10:47:00";"GO";50;96,1;"CRISTALINA";"Acessar a via sem observar a presença dos outros veículos";"Colisão transversal";"Com Vítimas Feridas";"Pleno dia";"Crescente";"Céu Claro";"Simples";"Reta";"Sim";3;0;1;0;1;1;1;3;-16,9309;-47,7117;"SPRF-DF";"DEL01-DF";"UOP02-DEL01-DF"
338679;2021-02-05;"sexta-feira";"10:50:00";"PR";277;175;"PALMEIRA";"Condutor deixou de manter distância do veículo da frente";"Colisão traseira";"Com Vítimas Feridas";"Pleno dia";"Crescente";"Céu Claro";"Simples";"Reta";"Não";2;0;1;0;1;0;1;2;-25,43987872;-49,97389289;"SPRF-PR";"DEL03-PR";"UOP03-DEL03-PR"
338683;2021-02-05;"sexta-feira";"12:00:00";"AL";101;171;"TEOTONIO VILELA";"Condutor deixou de manter distância do veículo da frente";"Colisão traseira";"Com Vítimas Feridas";"Pleno dia";"Crescente";"Céu Claro";"Dupla";"Declive;Reta";"Não";2;0;1;0;1;0;1;2;-9,90913698;-36,33473799;"SPRF-AL";"DEL02-AL";"UOP02-DEL02-AL"
338688;2021-02-05;"sexta-feira";"10:58:00";"PE";232;9,4;"RECIFE";"Condutor deixou de manter distância do veículo da frente";"Colisão traseira";"Com Vítimas Feridas";"Pleno dia";"Decrescente";"Sol";"Dupla";"Reta";"Sim";3;0;1;0;1;3;1;5;-8,07764447;-34,97863609;"SPRF-PE";"DEL01-PE";"UOP01-DEL01-PE"
338689;2021-02-05;"sexta-feira";"12:35:00";"MG";50;45;"ARAGUARI";"Demais falhas mecânicas ou elétricas";"Saída de leito carroçável";"Com Vítimas Feridas";"Pleno dia";"Crescente";"Céu Claro";"Dupla";"Reta";"Não";2;0;1;0;1;0;1;1;-18,71289097;-48,19662304;"SPRF-MG";"DEL15-MG";"UOP02-DEL15-MG"
338705;2021-02-05;"sexta-feira";"09:20:00";"MT";174;170;"PORTO ESPERIDIAO";"Condutor usando celular";"Saída de leito carroçável";"Com Vítimas Feridas";"Pleno dia";"Decrescente";"Céu Claro";"Simples";"Ponte";"Não";2;0;1;0;0;1;1;2;-15,85172;-58,472008;"SPRF-MT";"DEL03-MT";"UOP01-DEL03-MT"
338708;2021-02-05;"sexta-feira";"14:00:00";"MG";267;259;"SERITINGA";"Velocidade Incompatível";"Colisão frontal";"Com Vítimas Fatais";"Pleno dia";"Crescente";"Chuva";"Simples";"Curva";"Não";2;1;0;0;1;0;0;2;-21,93092585;-44,55308994;"SPRF-MG";"DEL17-MG";"UOP01-DEL17-MG"
338713;2021-02-05;"sexta-feira";"13:45:00";"SC";101;265,5;"GAROPABA";"Reação tardia ou ineficiente do condutor";"Tombamento";"Com Vítimas Fatais";"Pleno dia";"Decrescente";"Céu Claro";"Múltipla";"Declive;Reta;Interseção de Vias";"Sim";5;1;1;0;1;2;1;4;-28,067934;-48,714452;"SPRF-SC";"DEL02-SC";"UOP03-DEL02-SC"
338715;2021-02-05;"sexta-feira";"13:30:00";"MG";251;492,2;"FRANCISCO SA";"Pista Escorregadia";"Colisão com objeto";"Com Vítimas Feridas";"Pleno dia";"Crescente";"Chuva";"Simples";"Declive;Reta";"Não";1;0;1;0;0;0;1;1;-16,54433804;-43,59543496;"SPRF-MG";"DEL12-MG";"UOP01-DEL12-MG"
338716;2021-02-05;"sexta-feira";"15:00:00";"MG";40;462;"SETE LAGOAS";"Velocidade Incompatível";"Colisão traseira";"Com Vítimas Feridas";"Pleno dia";"Crescente";"Chuva";"Dupla";"Declive";"Não";4;0;1;0;2;1;1;4;-19,4136917;-44,33879427;"SPRF-MG";"DEL02-MG";"UOP01-DEL02-MG"
338720;2021-02-05;"sexta-feira";"15:50:00";"MG";365;393,4;"PATOS DE MINAS";"Velocidade Incompatível";"Tombamento";"Com Vítimas Fatais";"Pleno dia";"Crescente";"Sol";"Simples";"Curva";"Não";2;1;0;0;0;1;0;2;-18,635;-46,363;"SPRF-MG";"DEL10-MG";"UOP01-DEL10-MG"
338725;2021-02-05;"sexta-feira";"14:20:00";"AL";101;11,5;"NOVO LINO";"Demais falhas mecânicas ou elétricas";"Tombamento";"Sem Vítimas";"Pleno dia";"Crescente";"Sol";"Dupla";"Declive";"Não";2;0;0;0;1;2;0;3;-8,956187;-35,66989;"SPRF-AL";"DEL01-AL";"UOP02-DEL01-AL"
338727;2021-02-05;"sexta-feira";"15:35:00";"RJ";40;124;"RIO DE JANEIRO";"Manobra de mudança de faixa";"Colisão lateral";"Sem Vítimas";"Pleno dia";"Crescente";"Chuva";"Múltipla";"Reta";"Sim";2;0;0;0;2;0;0;2;-22,807953;-43,289124;"SPRF-RJ";"DEL01-RJ";"UOP01-DEL01-RJ"
338728;2021-02-05;"sexta-feira";"13:50:00";"RJ";101;205;"CASIMIRO DE ABREU";"Acessar a via sem observar a presença dos outros veículos";"Colisão transversal";"Com Vítimas Feridas";"Pleno dia";"Crescente";"Céu Claro";"Simples";"Reta";"Sim";5;0;2;0;2;2;2;4;-22,475714;-42,19184;"SPRF-RJ";"DEL08-RJ";"UOP04-DEL08-RJ"
338731;2021-02-05;"sexta-feira";"15:35:00";"CE";20;429;"FORTALEZA";"Entrada inopinada do pedestre";"Atropelamento de Pedestre";"Com Vítimas Fatais";"Pleno dia";"Crescente";"Céu Claro";"Dupla";"Reta";"Sim";3;1;0;0;1;1;0;3;-3,87000874;-38,50391692;"SPRF-CE";"DEL01-CE";"UOP02-DEL01-CE"
338735;2021-02-05;"sexta-feira";"08:00:00";"RO";364;282;"PRESIDENTE MEDICI";"Pista esburacada";"Colisão frontal";"Sem Vítimas";"Pleno dia";"Crescente";"Céu Claro";"Simples";"Reta;Declive";"Não";3;0;0;0;2;3;0;5;-11,37476688;-61,82168795;"SPRF-RO";"DEL02-RO";"UOP01-DEL02-RO"
338738;2021-02-05;"sexta-feira";"14:55:00";"MG";381;643;"SANTO ANTONIO DO AMPARO";"Condutor Dormindo";"Saída de leito carroçável";"Com Vítimas Feridas";"Pleno dia";"Decrescente";"Ignorado";"Dupla";"Curva";"Não";1;0;1;0;0;0;1;1;-20,944136;-44,880592;"SPRF-MG";"DEL04-MG";"UOP01-DEL04-MG"
338741;2021-02-05;"sexta-feira";"16:30:00";"SP";116;217;"GUARULHOS";"Reação tardia ou ineficiente do condutor";"Colisão traseira";"Com Vítimas Feridas";"Pleno dia";"Decrescente";"Nublado";"Múltipla";"Reta";"Sim";2;0;1;0;1;0;1;2;-23,45423824;-46,47119028;"SPRF-SP";"DEL01-SP";"UOP01-DEL01-SP"
338744;2021-02-05;"sexta-feira";"17:10:00";"RN";101;103;"PARNAMIRIM";"Velocidade Incompatível";"Tombamento";"Com Vítimas Feridas";"Pleno dia";"Decrescente";"Céu Claro";"Simples";"Curva";"Sim";2;0;1;0;0;1;1;2;-5,89151823;-35,25698489;"SPRF-RN";"DEL01-RN";"UOP01-DEL01-RN"
338748;2021-01-13;"quarta-feira";"16:40:00";"SP";381;50;"ATIBAIA";"Reação tardia ou ineficiente do condutor";"Colisão traseira";"Com Vítimas Feridas";"Pleno dia";"Decrescente";"Chuva";"Dupla";"Reta";"Sim";5;0;2;0;2;1;2;3;-23,21359807;-46,59367981;"SPRF-SP";"DEL03-SP";"UOP01-DEL03-SP"
338751;2021-02-05;"sexta-feira";"17:10:00";"MG";354;754,2;"ITAMONTE";"Conversão proibida";"Colisão transversal";"Com Vítimas Feridas";"Pleno dia";"Crescente";"Nublado";"Simples";"Reta";"Não";2;0;1;0;1;0;1;2;-22,30480233;-44,85575196;"SPRF-MG";"DEL17-MG";"UOP01-DEL17-MG"
338753;2021-02-05;"sexta-feira";"12:50:00";"MT";163;116,6;"RONDONOPOLIS";"Chuva";"Colisão lateral mesmo sentido";"Com Vítimas Fatais";"Pleno dia";"Crescente";"Chuva";"Dupla";"Reta";"Sim";4;1;0;1;0;2;1;3;-16,53003388;-54,66247426;"SPRF-MT";"DEL02-MT";"UOP01-DEL02-MT"
338763;2021-02-05;"sexta-feira";"10:00:00";"MA";226;136;"GOVERNADOR EUGENIO BARROS";"Condutor Dormindo";"Colisão frontal";"Com Vítimas Feridas";"Pleno dia";"Decrescente";"Sol";"Simples";"Reta";"Não";4;0;0;1;1;3;1;5;-5,329306;-43,937428;"SPRF-MA";"DEL03-MA";"UOP02-DEL03-MA"
338766;2021-02-05;"sexta-feira";"15:20:00";"PE";116;83;"BELEM DE SAO FRANCISCO";"Curva acentuada";"Tombamento";"Com Vítimas Feridas";"Pleno dia";"Decrescente";"Céu Claro";"Simples";"Rotatória";"Não";2;0;1;0;0;1;1;2;-8,550911;-39,226807;"SPRF-PE";"DEL05-PE";"UOP03-DEL05-PE"
338767;2021-02-05;"sexta-feira";"17:55:00";"PR";277;37;"MORRETES";"Manobra de mudança de faixa";"Colisão traseira";"Sem Vítimas";"Anoitecer";"Decrescente";"Céu Claro";"Dupla";"Curva";"Não";4;0;0;0;3;1;0;4;-25,57183104;-48,842747;"SPRF-PR";"DEL01-PR";"UOP05-DEL01-PR"
338773;2021-02-05;"sexta-feira";"12:55:00";"SC";153;27,4;"AGUA DOCE";"Condutor Dormindo";"Saída de leito carroçável";"Com Vítimas Feridas";"Pleno dia";"Crescente";"Céu Claro";"Simples";"Reta;Declive";"Não";2;0;1;0;0;2;1;3;-26,77385688;-51,6786701;"SPRF-SC";"DEL07-SC";"UOP05-DEL07-SC"
338777;2021-02-05;"sexta-feira";"17:25:00";"RN";226;133;"CAMPO REDONDO";"Demais falhas mecânicas ou elétricas";"Incêndio";"Com Vítimas Feridas";"Pleno dia";"Decrescente";"Céu Claro";"Simples";"Declive";"Não";1;0;1;0;0;0;1;1;-6,21549246;-36,17700756;"SPRF-RN";"DEL03-RN";"UOP02-DEL03-RN"
338778;2021-02-05;"sexta-feira";"16:30:00";"MT";163;696;"LUCAS DO RIO VERDE";"Velocidade Incompatível";"Colisão traseira";"Com Vítimas Feridas";"Pleno dia";"Crescente";"Nublado";"Simples";"Reta;Em Obras";"Não";3;0;1;0;1;1;1;3;-13,1098361;-55,95285679;"SPRF-MT";"DEL06-MT";"UOP01-DEL06-MT"
338779;2021-02-05;"sexta-feira";"19:30:00";"SC";280;41;"ARAQUARI";"Ultrapassagem Indevida";"Colisão lateral";"Sem Vítimas";"Plena Noite";"Decrescente";"Céu Claro";"Simples";"Reta";"Não";2;0;0;0;2;0;0;2;-26,45000366;-48,85790902;"SPRF-SC";"DEL03-SC";"UOP03-DEL03-SC"
338787;2021-02-05;"sexta-feira";"16:10:00";"RS";116;92,8;"CAMPESTRE DA SERRA";"Curva acentuada";"Tombamento";"Com Vítimas Feridas";"Pleno dia";"Crescente";"Nublado";"Simples";"Declive;Curva";"Não";2;0;0;1;0;1;1;2;-28,87036611;-51,1251221;"SPRF-RS";"DEL05-RS";"UOP03-DEL05-RS"
338789;2021-02-05;"sexta-feira";"19:30:00";"MG";381;490,5;"BETIM";"Reação tardia ou ineficiente do condutor";"Tombamento";"Com Vítimas Feridas";"Plena Noite";"Decrescente";"Chuva";"Múltipla";"Declive;Curva";"Sim";1;0;1;0;0;0;1;1;-19,95665969;-44,14844155;"SPRF-MG";"DEL01-MG";"UOP03-DEL01-MG"
338800;2021-02-05;"sexta-feira";"18:30:00";"PR";153;82,1;"CONSELHEIRO MAIRINCK";"Ingestão de álcool pelo condutor";"Colisão frontal";"Com Vítimas Feridas";"Anoitecer";"Crescente";"Céu Claro";"Simples";"Reta";"Não";3;0;1;0;1;1;1;3;-23,61291309;-50,14409768;"SPRF-PR";"DEL07-PR";"UOP04-DEL07-PR"
338801;2021-02-05;"sexta-feira";"20:35:00";"SC";282;486,6;"FAXINAL DOS GUEDES";"Afundamento ou ondulação no pavimento";"Saída de leito carroçável";"Com Vítimas Feridas";"Plena Noite";"Crescente";"Céu Claro";"Simples";"Reta";"Sim";2;0;1;0;1;0;1;1;-26,855415;-52,25423;"SPRF-SC";"DEL07-SC";"UOP01-DEL07-SC"