"id";"data_inversa";"dia_semana";"horario";"uf";"br";"km";"municipio";"causa_acidente";"tipo_acidente";"classificacao_acidente";"fase_dia";"sentido_via";"condicao_metereologica";"tipo_pista";"tracado_via";"uso_solo";"pessoas";"mortos";"feridos_leves";"feridos_graves";"ilesos";"ignorados";"feridos";"veiculos";"latitude";"longitude";"regional";"delegacia";"uop"
339185;2021-02-07;"domingo";"11:40:00";"PR";376;436,9;"TIBAGI";"Velocidade Incompatível";"Tombamento";"Com Vítimas Feridas";"Pleno dia";"Decrescente";"Céu Claro";"Dupla";"Curva";"Não";2;0;1;0;0;2;1;3;-24,78938391;-50,5050087;"SPRF-PR";"DEL03-PR";"UOP02-DEL03-PR"
339190;2021-02-07;"domingo";"08:30:00";"GO";20;60;"FORMOSA";"Chuva";"Saída de leito carroçável";"Sem Vítimas";"Pleno dia";"Crescente";"Chuva";"Dupla";"Aclive";"Não";2;0;0;0;1;1;0;2;-15,24751;-47,168667;"SPRF-DF";"DEL02-DF";"UOP01-DEL02-DF"
339193;2021-02-07;"domingo";"11:40:00";"ES";259;14,5;"JOAO NEIVA";"Chuva";"Saída de leito carroçável";"Com Vítimas Feridas";"Pleno dia";"Crescente";"Céu Claro";"Simples";"Curva";"Não";3;0;3;0;0;0;3;1;-19,65129881;-40,41619515;"SPRF-ES";"DEL02-ES";"UOP01-DEL02-ES"
339200;2021-02-07;"domingo";"03:00:00";"MG";40;278;"TRES MARIAS";"Carga excessiva e/ou mal acondicionada";"Tombamento";"Sem Vítimas";"Plena Noite";"Crescente";"Chuva";"Simples";"Curva";"Não";1;0;0;0;1;0;0;1;-18,220313;-45,220762;"SPRF-MG";"DEL14-MG";"UOP02-DEL14-MG"
339211;2021-02-07;"domingo";"10:20:00";"RO";364;400;"OURO PRETO DO OESTE";"Ausência de reação do condutor";"Colisão lateral";"Com Vítimas Feridas";"Pleno dia";"Crescente";"Céu Claro";"Simples";"Reta";"Não";3;0;0;1;1;2;1;4;-10,6037419025;-62,3429918851;"SPRF-RO";"DEL03-RO";"UOP02-DEL03-RO"
339215;2021-02-07;"domingo";"14:50:00";"PR";163;195,5;"SANTA TEREZA DO OESTE";"Avarias e/ou desgaste excessivo no pneu";"Incêndio";"Sem Vítimas";"Pleno dia";"Decrescente";"Céu Claro";"Dupla";"Reta";"Não";1;0;0;0;1;0;0;1;-25,047568;-53,55674;"SPRF-PR";"DEL05-PR";"UOP05-DEL05-PR"
339216;2021-02-07;"domingo";"15:25:00";"MG";262;141,7;"RIO CASCA";"Ausência de reação do condutor";"Saída de leito carroçável";"Com Vítimas Feridas";"Pleno dia";"Crescente";"Chuva";"Simples";"Declive";"Não";3;0;1;1;0;1;2;2;-20,06617491;-42,71832256;"SPRF-MG";"DEL03-MG";"UOP03-DEL03-MG"
339220;2021-02-07;"domingo";"15:00:00";"MG";40;563;"NOVA LIMA";"Acumulo de água sobre o pavimento";"Colisão traseira";"Com Vítimas Feridas";"Pleno dia";"Decrescente";"Chuva";"Dupla";"Reta";"Não";3;0;1;0;1;1;1;3;-20,08195;-43,9793481;"SPRF-MG";"DEL01-MG";"UOP02-DEL01-MG"
339223;2021-02-07;"domingo";"13:30:00";"SP";116;543;"BARRA DO TURVO";"Ingestão de álcool pelo condutor";"Saída de leito carroçável";"Sem Vítimas";"Pleno dia";"Crescente";"Céu Claro";"Dupla";"Retorno Regulamentado";"Não";2;0;0;0;1;1;0;2;-24,96228975;-48,41383577;"SPRF-SP";"DEL05-SP";"UOP02-DEL05-SP"
339224;2021-02-07;"domingo";"16:15:00";"MG";381;327;"NOVA ERA";"Ausência de reação do condutor";"Tombamento";"Com Vítimas Feridas";"Pleno dia";"Crescente";"Chuva";"Simples";"Curva";"Não";2;0;1;0;0;1;1;2;-19,76723696;-43,04699067;"SPRF-MG";"DEL03-MG";"UOP02-DEL03-MG"
339238;2021-02-07;"domingo";"17:18:00";"MG";381;859,4;"POUSO ALEGRE";"Ausência de reação do condutor";"Capotamento";"Com Vítimas Feridas";"Pleno dia";"Crescente";"Sol";"Dupla";"Reta";"Não";2;0;1;0;0;1;1;2;-22,3268255;-45,9119301;"SPRF-MG";"DEL16-MG";"UOP01-DEL16-MG"
339246;2021-02-07;"domingo";"17:30:00";"PR";116;70,7;"CAMPINA GRANDE DO SUL";"Reação tardia ou ineficiente do condutor";"Colisão com objeto";"Sem Vítimas";"Anoitecer";"Decrescente";"Céu Claro";"Múltipla";"Curva";"Não";2;0;0;0;1;1;0;2;-25,33849717;-49,03792883;"SPRF-PR";"DEL01-PR";"UOP02-DEL01-PR"
339249;2021-02-07;"domingo";"17:15:00";"PR";277;100;"CURITIBA";"Velocidade Incompatível";"Tombamento";"Com Vítimas Feridas";"Pleno dia";"Crescente";"Sol";"Simples";"Curva";"Não";2;0;1;0;0;1;1;2;-25,52924091;-49,32682192;"SPRF-PR";"DEL01-PR";"UOP01-DEL01-PR"
339262;2021-02-07;"domingo";"18:45:00";"MG";381;484,8;"BETIM";"Velocidade Incompatível";"Colisão com objeto";"Com Vítimas Feridas";"Plena Noite";"Decrescente";"Chuva";"Dupla";"Curva;Declive";"Sim";5;0;2;0;2;2;2;5;-19,95531717;-44,11722196;"SPRF-MG";"DEL01-MG";"UOP03-DEL01-MG"
339264;2021-02-07;"domingo";"18:20:00";"MG";50;183,6;"UBERABA";"Ingestão de álcool pelo condutor";"Colisão transversal";"Sem Vítimas";"Anoitecer";"Crescente";"Céu Claro";"Dupla";"Reta";"Sim";3;0;0;0;2;1;0;3;-19,80163169;-47,90598553;"SPRF-MG";"DEL13-MG";"UOP01-DEL13-MG"
339279;2021-02-07;"domingo";"15:10:00";"MT";70;690;"CACERES";"Avarias e/ou desgaste excessivo no pneu";"Incêndio";"Sem Vítimas";"Pleno dia";"Crescente";"Sol";"Simples";"Reta";"Não";1;0;0;0;1;0;0;1;-16,1845441;-57,36780792;"SPRF-MT";"DEL03-MT";"UOP01-DEL03-MT"
339294;2021-02-07;"domingo";"21:00:00";"PE";232;99,8;"BEZERROS";"Ingestão de álcool pelo condutor";"Colisão frontal";"Com Vítimas Feridas";"Plena Noite";"Crescente";"Céu Claro";"Simples";"Reta";"Sim";5;0;0;2;2;1;2;3;-8,2367277;-35,73401605;"SPRF-PE";"DEL02-PE";"UOP02-DEL02PE"
339312;2021-02-07;"domingo";"20:15:00";"PR";373;453,9;"CHOPINZINHO";"Acessar a via sem observar a presença dos outros veículos";"Colisão transversal";"Com Vítimas Feridas";"Plena Noite";"Decrescente";"Céu Claro";"Simples";"Interseção de Vias;Reta";"Não";4;0;0;1;2;2;1;4;-25,89937962;-52,37457275;"SPRF-PR";"DEL02-PR";"UOP01-DEL02-PR"
339314;2021-02-07;"domingo";"21:45:00";"GO";414;427,5;"ABADIANIA";"Ingestão de álcool pelo condutor";"Colisão traseira";"Sem Vítimas";"Plena Noite";"Decrescente";"Nublado";"Simples";"Reta";"Não";2;0;0;0;2;0;0;2;-16,18147601;-48,90219095;"SPRF-GO";"DEL02-GO";"UOP01-DEL02-GO"
339315;2021-02-07;"domingo";"22:20:00";"GO";414;385,6;"CORUMBA DE GOIAS";"Transitar na contramão";"Colisão lateral sentido oposto";"Com Vítimas Fatais";"Plena Noite";"Decrescente";"Chuva";"Simples";"Curva;Aclive";"Não";6;1;0;2;2;2;2;4;-15,87059766;-48,78036917;"SPRF-GO";"DEL02-GO";"UOP01-DEL02-GO"
339317;2021-02-07;"domingo";"21:00:00";"MT";70;516,1;"VARZEA GRANDE";"Acessar a via sem observar a presença dos outros veículos";"Colisão frontal";"Sem Vítimas";"Plena Noite";"Crescente";"Nublado";"Simples";"Reta";"Sim";4;0;0;0;3;2;0;4;-15,70293435;-56,15185998;"SPRF-MT";"DEL01-MT";"UOP02-DEL01-MT"
339318;2021-02-07;"domingo";"22:00:00";"MS";163;485;"CAMPO GRANDE";"Manobra de mudança de faixa";"Colisão lateral mesmo sentido";"Com Vítimas Feridas";"Plena Noite";"Crescente";"Céu Claro";"Simples";"Reta";"Sim";4;0;2;0;1;1;2;3;-20,44233707;-54,54201834;"SPRF-MS";"DEL01-MS";"UOP02-DEL01-MS"
339324;2021-02-07;"domingo";"23:10:00";"PR";369;44,9;"BANDEIRANTES";"Ingestão de álcool e/ou substâncias psicoativas pelo pedestre";"Tombamento";"Com Vítimas Feridas";"Plena Noite";"Crescente";"Céu Claro";"Simples";"Curva;Aclive";"Não";2;0;0;1;0;1;1;2;-23,089488;-50,288327;"SPRF-PR";"DEL07-PR";"UOP01-DEL07-PR"
339325;2021-02-07;"domingo";"20:20:00";"PR";476;336;"PAULA FREITAS";"Ultrapassagem Indevida";"Colisão frontal";"Com Vítimas Fatais";"Plena Noite";"Crescente";"Nublado";"Simples";"Reta";"Não";4;1;0;0;1;2;0;4;-26,1369;-50,863815;"SPRF-PR";"DEL02-PR";"UOP03-DEL02-PR"
339328;2021-02-07;"domingo";"21:55:00";"MG";262;446,4;"NOVA SERRANA";"Acessar a via sem observar a presença dos outros veículos";"Colisão transversal";"Com Vítimas Feridas";"Plena Noite";"Decrescente";"Chuva";"Dupla";"Reta";"Sim";5;0;2;0;2;1;2;4;-19,87514825;-44,95031205;"SPRF-MG";"DEL08-MG";"UOP03-DEL08-MG"
339334;2021-02-08;"segunda-feira";"00:50:00";"PR";476;277;"SAO MATEUS DO SUL";"Ingestão de álcool pelo condutor";"Colisão frontal";"Com Vítimas Feridas";"Plena Noite";"Decrescente";"Céu Claro";"Simples";"Curva";"Não";3;0;1;0;1;1;1;3;-25,875048;-50,390919;"SPRF-PR";"DEL02-PR";"UOP04-DEL02-PR"
339341;2021-02-07;"domingo";"23:30:00";"TO";230;56;"LUZINOPOLIS";"Reação tardia ou ineficiente do condutor";"Tombamento";"Com Vítimas Feridas";"Plena Noite";"Crescente";"Nublado";"Simples";"Reta";"Não";2;0;0;1;0;1;1;2;-6,27053175;-47,77182771;"SPRF-TO";"DEL02-TO";"UOP03-DEL02-TO"
339351;2021-02-08;"segunda-feira";"04:50:00";"SE";101;19;"MALHADA DOS BOIS";"Sinalização mal posicionada";"Colisão frontal";"Com Vítimas Feridas";"Amanhecer";"Crescente";"Céu Claro";"Simples";"Desvio Temporário";"Não";5;0;1;0;3;1;1;2;-10,35365721;-36,90338472;"SPRF-SE";"DEL02-SE";"UOP02-DEL02-SE"
339353;2021-02-08;"segunda-feira";"04:30:00";"AL";101;181,8;"TEOTONIO VILELA";"Velocidade Incompatível";"Tombamento";"Com Vítimas Fatais";"Plena Noite";"Crescente";"Céu Claro";"Dupla";"Curva;Declive";"Não";2;1;0;0;0;1;0;2;-9,89535548;-36,41225988;"SPRF-AL";"DEL02-AL";"UOP02-DEL02-AL"
339363;2021-02-08;"segunda-feira";"03:20:00";"RS";285;156,3;"MUITOS CAPOES";"Reação tardia ou ineficiente do condutor";"Saída de leito carroçável";"Com Vítimas Feridas";"Amanhecer";"Decrescente";"Céu Claro";"Simples";"Curva";"Sim";3;0;1;0;0;2;1;2;-28,32374344;-51,19236231;"SPRF-RS";"DEL05-RS";"UOP03-DEL05-RS"
339364;2021-02-08;"segunda-feira";"05:40:00";"SP";116;130;"CACAPAVA";"Demais falhas mecânicas ou elétricas";"Colisão com objeto";"Com Vítimas Feridas";"Pleno dia";"Crescente";"Céu Claro";"Dupla";"Reta";"Não";4;0;1;0;3;0;1;3;-23,12313858;-45,72792271;"SPRF-SP";"DEL02-SP";"UOP02-DEL02-SP"
339368;2021-02-07;"domingo";"12:50:00";"GO";452;78,3;"MAURILANDIA";"Reação tardia ou ineficiente do condutor";"Saída de leito carroçável";"Sem Vítimas";"Pleno dia";"Crescente";"Nublado";"Simples";"Curva";"Não";2;0;0;0;1;2;0;3;-18,0532807;-50,23024694;"SPRF-GO";"DEL04-GO";"UOP01-DEL04-GO"
339369;2021-02-08;"segunda-feira";"05:00:00";"BA";242;732;"CRISTOPOLIS";"Reação tardia ou ineficiente do condutor";"Saída de leito carroçável";"Com Vítimas Feridas";"Amanhecer";"Crescente";"Nublado";"Simples";"Declive";"Não";1;0;1;0;0;0;1;1;-12,22286756;-44,289934;"SPRF-BA";"DEL10-BA";"UOP01-DEL10-BA"
339371;2021-02-08;"segunda-feira";"06:15:00";"BA";324;539;"CONCEICAO DO JACUIPE";"Demais falhas mecânicas ou elétricas";"Tombamento";"Sem Vítimas";"Pleno dia";"Crescente";"Céu Claro";"Dupla";"Reta";"Sim";2;0;0;0;1;1;0;2;-12,37995647;-38,79955259;"SPRF-BA";"DEL01-BA";"UOP03-DEL01-BA"
339372;2021-02-08;"segunda-feira";"05:00:00";"RR";174;453;"BOA VISTA";"Demais falhas na via";"Colisão lateral mesmo sentido";"Com Vítimas Feridas";"Amanhecer";"Crescente";"Céu Claro";"Simples";"Ponte";"Não";4;0;1;0;1;3;1;5;2,477977;-60,907593;"SPRF-RR";"DEL01-RR";"UOP01-DEL01-RR"
339384;2021-02-08;"segunda-feira";"08:00:00";"PR";376;615,3;"SAO JOSE DOS PINHAIS";"Ingestão de álcool pelo condutor";"Colisão lateral mesmo sentido";"Sem Vítimas";"Pleno dia";"Crescente";"Nublado";"Dupla";"Reta";"Sim";2;0;0;0;2;0;0;2;-25,569237;-49,183735;"SPRF-PR";"DEL01-PR";"UOP04-DEL01-PR"
339392;2021-02-08;"segunda-feira";"04:20:00";"RO";364;496;"ARIQUEMES";"Reação tardia ou ineficiente do condutor";"Colisão lateral mesmo sentido";"Com Vítimas Feridas";"Amanhecer";"Decrescente";"Garoa/Chuvisco";"Simples";"Reta";"Não";4;0;1;0;1;5;1;7;-10,06422899;-62,97402181;"SPRF-RO";"DEL03-RO";"UOP01-DEL03-RO"
339398;2021-02-08;"segunda-feira";"08:45:00";"PR";277;74;"SAO JOSE DOS PINHAIS";"Reação tardia ou ineficiente do condutor";"Colisão lateral";"Com Vítimas Feridas";"Pleno dia";"Decrescente";"Nublado";"Dupla";"Reta";"Sim";4;0;0;1;2;1;1;4;-25,51726115;-49,11540707;"SPRF-PR";"DEL01-PR";"UOP01-DEL01-PR"
339407;2021-02-08;"segunda-feira";"08:05:00";"MS";163;484,4;"CAMPO GRANDE";"Acessar a via sem observar a presença dos outros veículos";"Colisão transversal";"Sem Vítimas";"Pleno dia";"Decrescente";"Céu Claro";"Simples";"Reta";"Sim";4;0;0;0;3;2;0;4;-20,45104898;-54,5403266;"SPRF-MS";"DEL01-MS";"UOP02-DEL01-MS"
339410;2021-02-08;"segunda-feira";"10:00:00";"PE";101;83,7;"JABOATAO DOS GUARARAPES";"Acessar a via sem observar a presença dos outros veículos";"Colisão traseira";"Com Vítimas Feridas";"Pleno dia";"Decrescente";"Céu Claro";"Dupla";"Reta";"Sim";4;0;1;0;3;0;1;3;-8,175172;-34,942642;"SPRF-PE";"DEL01-PE";"UOP03-DEL01-PE"
339411;2021-02-08;"segunda-feira";"07:50:00";"RS";116;118,8;"SAO MARCOS";"Velocidade Incompatível";"Tombamento";"Sem Vítimas";"Pleno dia";"Crescente";"Céu Claro";"Simples";"Curva";"Não";3;0;0;0;2;1;0;3;-28,99135902;-51,06761399;"SPRF-RS";"DEL05-RS";"UOP01-DEL05-RS"
339418;2021-02-08;"segunda-feira";"10:30:00";"DF";20;14;"BRASILIA";"Transitar no acostamento";"Colisão traseira";"Com Vítimas Fatais";"Pleno dia";"Crescente";"Nublado";"Dupla";"Reta";"Não";3;1;0;1;1;0;1;2;-15,634938;-47,741241;"SPRF-DF";"DEL02-DF";"UOP01-DEL02-DF"
339420;2021-02-08;"segunda-feira";"11:36:00";"ES";101;270,5;"SERRA";"Chuva";"Colisão frontal";"Com Vítimas Feridas";"Pleno dia";"Decrescente";"Chuva";"Múltipla";"Reta";"Sim";3;0;1;0;1;1;1;3;-20,22662056;-40,27075088;"SPRF-ES";"DEL02-ES";"UOP01-DEL02-ES"
339422;2021-02-08;"segunda-feira";"10:10:00";"RJ";101;329;"NITEROI";"Reação tardia ou ineficiente do condutor";"Colisão traseira";"Com Vítimas Feridas";"Pleno dia";"Crescente";"Chuva";"Múltipla";"Reta";"Não";3;0;1;0;2;0;1;2;-22,86939305;-43,175642;"SPRF-RJ";"DEL02-RJ";"UOP02-DEL02-RJ"
339423;2021-02-08;"segunda-feira";"11:45:00";"MG";50;192,1;"UBERABA";"Reação tardia ou ineficiente do condutor";"Engavetamento";"Com Vítimas Feridas";"Pleno dia";"Crescente";"Céu Claro";"Dupla";"Em Obras";"Não";6;0;1;0;3;2;1;6;-19,87187797;-47,85892196;"SPRF-MG";"DEL13-MG";"UOP01-DEL13-MG"
339425;2021-02-08;"segunda-feira";"13:00:00";"PB";101;99;"CONDE";"Condutor Dormindo";"Colisão traseira";"Com Vítimas Feridas";"Pleno dia";"Decrescente";"Céu Claro";"Dupla";"Reta";"Não";2;0;1;0;1;0;1;2;-7,25996693;-34,93570805;"SPRF-PB";"DEL01-PB";"UOP02-DEL01-PB"
339427;2021-02-08;"segunda-feira";"01:00:00";"GO";20;201,2;"POSSE";"Ultrapassagem Indevida";"Tombamento";"Com Vítimas Feridas";"Plena Noite";"Crescente";"Chuva";"Simples";"Aclive";"Não";1;0;1;0;0;0;1;1;-14,306107;-46,449326;"SPRF-DF";"DEL02-DF";"UOP03-DEL02-DF"
339428;2021-02-08;"segunda-feira";"11:40:00";"MT";364;202,6;"RONDONOPOLIS";"Demais falhas mecânicas ou elétricas";"Colisão traseira";"Com Vítimas Feridas";"Pleno dia";"Decrescente";"Céu Claro";"Dupla";"Reta";"Sim";10;0;1;0;8;7;1;10;-16,48347324;-54,64970354;"SPRF-MT";"DEL02-MT";"UOP01-DEL02-MT"
339429;2021-02-08;"segunda-feira";"13:35:00";"BA";116;870,9;"VITORIA DA CONQUISTA";"Acessar a via sem observar a presença dos outros veículos";"Colisão transversal";"Com Vítimas Fatais";"Pleno dia";"Decrescente";"Garoa/Chuvisco";"Simples";"Reta";"Sim";3;1;0;0;1;1;0;3;-15,212662;-41,088809;"SPRF-BA";"DEL08-BA";"UOP01-DEL08-BA"
339430;2021-02-08;"segunda-feira";"13:30:00";"GO";20;150,2;"ALVORADA DO NORTE";"Chuva";"Colisão traseira";"Com Vítimas Feridas";"Pleno dia";"Crescente";"Garoa/Chuvisco";"Simples";"Reta";"Não";4;0;1;1;2;0;2;2;-14,697994;-46,648884;"SPRF-DF";"DEL02-DF";"UOP03-DEL02-DF"
339435;2021-01-29;"sexta-feira";"22:00:00";"PR";376;647;"TIJUCAS DO SUL";"Velocidade Incompatível";"Colisão traseira";"Sem Vítimas";"Plena Noite";"Decrescente";"Chuva";"Dupla";"Reta";"Não";4;0;0;0;3;2;0;5;-25,83292397;-49,11120797;"SPRF-PR";"DEL01-PR";"UOP04-DEL01-PR"
339446;2021-02-08;"segunda-feira";"15:30:00";"MG";381;481,8;"BETIM";"Trafegar com motocicleta (ou similar) entre as faixas";"Tombamento";"Com Vítimas Fatais";"Pleno dia";"Decrescente";"Céu Claro";"Dupla";"Reta";"Sim";3;1;1;0;0;1;1;2;-19,95931561;-44,08825597;"SPRF-MG";"DEL01-MG";"UOP03-DEL01-MG"
339449;2021-02-08;"segunda-feira";"12:00:00";"SC";282;488,1;"FAXINAL DOS GUEDES";"Velocidade Incompatível";"Tombamento";"Com Vítimas Feridas";"Pleno dia";"Decrescente";"Céu Claro";"Simples";"Rotatória";"Sim";2;0;1;0;0;1;1;2;-26,863047;-52,270107;"SPRF-SC";"DEL07-SC";"UOP01-DEL07-SC"
339452;2021-01-11;"segunda-feira";"17:40:00";"PA";230;590;"VITORIA DO XINGU";"Reação tardia ou ineficiente do condutor";"Saída de leito carroçável";"Com Vítimas Feridas";"Pleno dia";"Crescente";"Nublado";"Simples";"Curva";"Não";2;0;1;1;0;0;2;1;-3,094082;-51,852565;"SPRF-PA";"DEL04-PA";"UOP01-DEL04-PA"
339454;2021-02-08;"segunda-feira";"16:00:00";"SP";116;227,1;"GUARULHOS";"Problema com o freio";"Colisão traseira";"Com Vítimas Feridas";"Pleno dia";"Crescente";"Nublado";"Múltipla";"Reta";"Não";3;0;0;1;1;1;1;3;-23,49659264;-46,55648754;"SPRF-SP";"DEL01-SP";"UOP01-DEL01-SP"
339461;2021-01-30;"sábado";"00:35:00";"BA";324;478;"TANQUINHO";"Velocidade Incompatível";"Colisão com objeto";"Com Vítimas Feridas";"Plena Noite";"Crescente";"Céu Claro";"Simples";"Curva";"Não";1;0;1;0;0;0;1;1;-11,99056519;-39,07896022;"SPRF-BA";"DEL02-BA";"UOP01-DEL02-BA"
339466;2021-02-08;"segunda-feira";"16:40:00";"CE";222;6;"CAUCAIA";"Manobra de mudança de faixa";"Tombamento";"Com Vítimas Feridas";"Pleno dia";"Crescente";"Céu Claro";"Dupla";"Reta";"Sim";2;0;1;0;1;0;1;2;-3,74539216;-38,62188041;"SPRF-CE";"DEL01-CE";"UOP01-DEL01-CE"
339467;2021-02-08;"segunda-feira";"16:45:00";"MG";50;175;"UBERABA";"Ausência de reação do condutor";"Colisão com objeto";"Com Vítimas Feridas";"Pleno dia";"Crescente";"Chuva";"Dupla";"Reta";"Sim";2;0;1;0;1;0;1;1;-19,77880359;-47,9695118;"SPRF-MG";"DEL13-MG";"UOP01-DEL13-MG"
339474;2021-02-08;"segunda-feira";"17:10:00";"SC";470;60;"BLUMENAU";"Retorno proibido";"Colisão transversal";"Com Vítimas Feridas";"Pleno dia";"Crescente";"Céu Claro";"Simples";"Em Obras;Reta";"Sim";5;0;1;0;3;1;1;4;-26,88013;-49,169151;"SPRF-SC";"DEL04-SC";"UOP01-DEL04-SC"
339476;2021-02-08;"segunda-feira";"17:40:00";"CE";20;419;"MARACANAU";"Ausência de reação do condutor";"Colisão lateral";"Com Vítimas Feridas";"Anoitecer";"Crescente";"Céu Claro";"Dupla";"Em Obras";"Sim";2;0;1;0;0;1;1;2;-3,76999035;-38,67006282;"SPRF-CE";"DEL01-CE";"UOP02-DEL01-CE"
339478;2021-02-08;"segunda-feira";"17:15:00";"RJ";116;238;"PIRAI";"Velocidade Incompatível";"Saída de leito carroçável";"Com Vítimas Feridas";"Pleno dia";"Decrescente";"Nublado";"Dupla";"Curva";"Não";2;0;1;0;0;1;1;2;-22,624528;-43,918089;"SPRF-RJ";"DEL07-RJ";"UOP01-DEL07-RJ"
339497;2021-02-08;"segunda-feira";"14:50:00";"SC";153;86;"CONCORDIA";"Condutor deixou de manter distância do veículo da frente";"Colisão lateral";"Sem Vítimas";"Pleno dia";"Decrescente";"Céu Claro";"Simples";"Curva";"Não";3;0;0;0;2;1;0;3;-27,14958;-51,911221;"SPRF-SC";"DEL07-SC";"UOP04-DEL07-SC"
339500;2021-02-08;"segunda-feira";"20:30:00";"PR";376;473,3;"PONTA GROSSA";"Demais falhas mecânicas ou elétricas";"Colisão com objeto";"Com Vítimas Feridas";"Plena Noite";"Decrescente";"Céu Claro";"Dupla";"Reta";"Não";5;0;0;1;4;0;1;5;-25,12489639;-50,2618495;"SPRF-PR";"DEL03-PR";"UOP04-DEL03-PR"
339502;2021-02-08;"segunda-feira";"16:20:00";"GO";153;30;"PORANGATU";"Demais falhas na via";"Tombamento";"Sem Vítimas";"Pleno dia";"Decrescente";"Nublado";"Dupla";"Declive";"Não";1;0;0;0;1;0;0;1;-13,086911;-49,192348;"SPRF-GO";"DEL07-GO";"UOP01-DEL07-GO"
339503;2021-02-08;"segunda-feira";"18:40:00";"CE";222;303;"TIANGUA";"Velocidade Incompatível";"Saída de leito carroçável";"Sem Vítimas";"Plena Noite";"Decrescente";"Chuva";"Simples";"Curva";"Não";2;0;0;0;1;1;0;2;-3,66341744;-40,95009697;"SPRF-CE";"DEL04-CE";"UOP02-DEL04-CE"
339522;2021-02-08;"segunda-feira";"23:15:00";"PR";153;45,5;"SANTO ANTONIO DA PLATINA";"Acostamento em desnível";"Colisão frontal";"Com Vítimas Fatais";"Plena Noite";"Crescente";"Céu Claro";"Simples";"Reta";"Não";6;1;0;0;4;1;0;4;-23,31948992;-50,06836564;"SPRF-PR";"DEL07-PR";"UOP04-DEL07-PR"
339526;2021-02-09;"terça-feira";"01:45:00";"PR";376;660;"GUARATUBA";"Velocidade Incompatível";"Tombamento";"Com Vítimas Feridas";"Plena Noite";"Decrescente";"Céu Claro";"Dupla";"Curva";"Não";2;0;1;0;0;2;1;3;-25,8516758;-49,00332398;"SPRF-PR";"DEL01-PR";"UOP04-DEL01-PR"
339527;2021-02-08;"segunda-feira";"23:40:00";"MG";381;723;"CARMO DA CACHOEIRA";"Condutor Dormindo";"Colisão traseira";"Com Vítimas Feridas";"Plena Noite";"Crescente";"Nublado";"Dupla";"Reta";"Não";3;0;0;1;1;2;1;4;-21,47729514;-45,20207819;"SPRF-MG";"DEL04-MG";"UOP02-DEL04-MG"
339532;2021-02-09;"terça-feira";"03:30:00";"RS";285;390;"SANTA BARBARA DO SUL";"Condutor Dormindo";"Colisão frontal";"Com Vítimas Feridas";"Plena Noite";"Crescente";"Céu Claro";"Simples";"Declive";"Não";3;0;1;0;1;1;1;3;-28,38207839;-53,31031367;"SPRF-RS";"DEL10-RS";"UOP02-DEL10-RS"
339535;2021-02-09;"terça-feira";"04:30:00";"MS";376;130,2;"IVINHEMA";"Condutor Dormindo";"Saída de leito carroçável";"Com Vítimas Fatais";"Amanhecer";"Decrescente";"Céu Claro";"Simples";"Reta";"Não";3;2;0;1;0;0;1;1;-22,3464942;-53,7333601;"SPRF-MS";"DEL04-MS";"UOP04-DEL04-MS"
339537;2021-02-08;"segunda-feira";"21:50:00";"SC";470;178;"POUSO REDONDO";"Velocidade Incompatível";"Colisão lateral";"Com Vítimas Feridas";"Plena Noite";"Crescente";"Céu Claro";"Simples";"Reta";"Sim";2;0;1;0;0;1;1;2;-27,248392;-49,967083;"SPRF-SC";"DEL04-SC";"UOP02-DEL04-SC"
339539;2021-02-08;"segunda-feira";"20:30:00";"MG";116;215,2;"CATUJI";"Condutor Dormindo";"Saída de leito carroçável";"Com Vítimas Feridas";"Plena Noite";"Decrescente";"Chuva";"Dupla";"Reta";"Não";2;0;1;0;0;1;1;2;-17,36742595;-41,53218172;"SPRF-MG";"DEL11-MG";"UOP01-DEL11-MG"
339545;2021-02-09;"terça-feira";"06:50:00";"RS";116;390,1;"CAMAQUA";"Acesso irregular";"Colisão frontal";"Sem Vítimas";"Pleno dia";"Crescente";"Céu Claro";"Dupla";"Reta";"Sim";3;0;0;0;2;2;0;4;-30,82529619;-51,71781998;"SPRF-RS";"DEL02-RS";"UOP02-DEL02-RS"
339552;2021-02-09;"terça-feira";"06:00:00";"RS";153;20;"SEVERIANO DE ALMEIDA";"Condutor Dormindo";"Saída de leito carroçável";"Com Vítimas Feridas";"Amanhecer";"Decrescente";"Céu Claro";"Simples";"Curva";"Não";1;0;1;0;0;0;1;1;-27,46701184;-52,10387543;"SPRF-RS";"DEL08-RS";"UOP04-DEL08-RS"
339554;2021-02-09;"terça-feira";"07:10:00";"MT";70;514;"VARZEA GRANDE";"Semáforo com defeito";"Colisão transversal";"Com Vítimas Feridas";"Pleno dia";"Decrescente";"Céu Claro";"Simples";"Interseção de Vias";"Sim";3;0;1;0;1;1;1;3;-15,70618302;-56,13254168;"SPRF-MT";"DEL01-MT";"UOP02-DEL01-MT"
339557;2021-02-09;"terça-feira";"07:30:00";"SC";101;113,3;"ITAJAI";"Reação tardia ou ineficiente do condutor";"Colisão traseira";"Com Vítimas Feridas";"Pleno dia";"Decrescente";"Nublado";"Múltipla";"Reta";"Sim";2;0;1;0;1;0;1;2;-26,85311393;-48,72689927;"SPRF-SC";"DEL04-SC";"UOP04-DEL04-SC"
339558;2021-02-08;"segunda-feira";"17:00:00";"AM";174;1077;"PRESIDENTE FIGUEIREDO";"Ausência de reação do condutor";"Tombamento";"Com Vítimas Feridas";"Plena Noite";"Crescente";"Chuva";"Simples";"Curva";"Não";2;0;0;1;0;1;1;2;-1,37781965;-60,34483278;"SPRF-AM";"DEL01-AM";"UOP02-DEL01-AM"