"id";"data_inversa";"dia_semana";"horario";"uf";"br";"km";"municipio";"causa_acidente";"tipo_acidente";"classificacao_acidente";"fase_dia";"sentido_via";"condicao_metereologica";"tipo_pista";"tracado_via";"uso_solo";"pessoas";"mortos";"feridos_leves";"feridos_graves";"ilesos";"ignorados";"feridos";"veiculos";"latitude";"longitude";"regional";"delegacia";"uop"
339559;2021-02-08;"segunda-feira";"12:15:00";"AM";174;1001;"PRESIDENTE FIGUEIREDO";"Reação tardia ou ineficiente do condutor";"Tombamento";"Com Vítimas Feridas";"Pleno dia";"Crescente";"Céu Claro";"Simples";"Reta";"Não";2;0;1;0;0;1;1;2;-1,9599452663;-60,0360645386;"SPRF-AM";"DEL01-AM";"UOP02-DEL01-AM"
339562;2021-02-09;"terça-feira";"07:46:00";"MG";40;521,9;"CONTAGEM";"Condutor deixou de manter distância do veículo da frente";"Colisão traseira";"Com Vítimas Feridas";"Pleno dia";"Crescente";"Nublado";"Dupla";"Reta";"Sim";2;0;1;0;1;0;1;2;-19,85651501;-44,07213222;"SPRF-MG";"DEL01-MG";"UOP02-DEL01-MG"
339567;2021-02-09;"terça-feira";"09:10:00";"SC";470;129,9;"LONTRAS";"Condutor deixou de manter distância do veículo da frente";"Colisão traseira";"Com Vítimas Feridas";"Pleno dia";"Crescente";"Céu Claro";"Simples";"Reta";"Não";2;0;1;0;1;0;1;2;-27,148499;-49,556137;"SPRF-SC";"DEL04-SC";"UOP02-DEL04-SC"
339568;2021-02-09;"terça-feira";"09:58:00";"BA";324;612;"SIMOES FILHO";"Reação tardia ou ineficiente do condutor";"Engavetamento";"Com Vítimas Feridas";"Pleno dia";"Crescente";"Céu Claro";"Dupla";"Reta";"Não";4;0;2;0;2;0;2;3;-12,84664721;-38,41741648;"SPRF-BA";"DEL01-BA";"UOP01-DEL01-BA"
339569;2021-02-09;"terça-feira";"07:35:00";"SC";470;134,8;"RIO DO SUL";"Condutor deixou de manter distância do veículo da frente";"Engavetamento";"Com Vítimas Feridas";"Pleno dia";"Crescente";"Sol";"Simples";"Reta";"Sim";3;0;1;0;2;0;1;3;-27,17856888;-49,59533215;"SPRF-SC";"DEL04-SC";"UOP02-DEL04-SC"
339570;2021-02-09;"terça-feira";"09:10:00";"SP";116;112,8;"TAUBATE";"Obstrução na via";"Colisão traseira";"Sem Vítimas";"Pleno dia";"Crescente";"Céu Claro";"Dupla";"Reta";"Não";3;0;0;0;2;1;0;3;-23,04159343;-45,57065616;"SPRF-SP";"DEL02-SP";"UOP02-DEL02-SP"
339574;2021-01-18;"segunda-feira";"05:50:00";"GO";60;98;"ANAPOLIS";"Manobra de mudança de faixa";"Saída de leito carroçável";"Com Vítimas Feridas";"Amanhecer";"Crescente";"Céu Claro";"Dupla";"Reta";"Sim";4;0;0;1;2;1;1;4;-16,3846;-48,9541;"SPRF-GO";"DEL02-GO";"UOP01-DEL02-GO"
339578;2021-02-09;"terça-feira";"10:45:00";"SP";116;287;"ITAPECERICA DA SERRA";"Acessar a via sem observar a presença dos outros veículos";"Colisão traseira";"Com Vítimas Feridas";"Pleno dia";"Decrescente";"Céu Claro";"Dupla";"Curva";"Não";5;0;1;0;3;3;1;5;-23,71441779;-46,87929634;"SPRF-SP";"DEL04-SP";"UOP01-DEL04-SP"
339579;2021-02-09;"terça-feira";"10:25:00";"ES";262;125,4;"CONCEICAO DO CASTELO";"Transitar no acostamento";"Colisão lateral";"Com Vítimas Feridas";"Pleno dia";"Crescente";"Chuva";"Simples";"Reta;Declive";"Não";4;0;2;0;1;2;2;4;-20,27994144;-41,26114078;"SPRF-ES";"DEL01-ES";"UOP02-DEL01-ES"
339581;2021-02-09;"terça-feira";"08:10:00";"RJ";40;123;"DUQUE DE CAXIAS";"Carga excessiva e/ou mal acondicionada";"Tombamento";"Sem Vítimas";"Pleno dia";"Decrescente";"Céu Claro";"Simples";"Retorno Regulamentado";"Sim";1;0;0;0;1;0;0;1;-22,79965379;-43,28942657;"SPRF-RJ";"DEL01-RJ";"UOP01-DEL01-RJ"
339593;2021-02-09;"terça-feira";"09:10:00";"RS";386;296;"POUSO NOVO";"Velocidade Incompatível";"Saída de leito carroçável";"Com Vítimas Feridas";"Pleno dia";"Crescente";"Céu Claro";"Simples";"Curva";"Não";2;0;0;1;0;2;1;3;-29,136362;-52,24575;"SPRF-RS";"DEL04-RS";"UOP01-DEL04-RS"
339594;2021-02-09;"terça-feira";"11:30:00";"MG";381;518,2;"IGARAPE";"Manobra de mudança de faixa";"Colisão lateral mesmo sentido";"Sem Vítimas";"Pleno dia";"Decrescente";"Céu Claro";"Dupla";"Declive";"Não";3;0;0;0;2;2;0;4;-20,12065395;-44,30242562;"SPRF-MG";"DEL04-MG";"UOP03-DEL04-MG"
339602;2021-02-09;"terça-feira";"12:10:00";"MG";116;755,2;"LEOPOLDINA";"Curva acentuada";"Tombamento";"Sem Vítimas";"Pleno dia";"Decrescente";"Chuva";"Simples";"Curva";"Não";2;0;0;0;1;2;0;3;-21,48725603;-42,57777783;"SPRF-MG";"DEL07-MG";"UOP01-DEL07-MG"
339609;2021-02-09;"terça-feira";"00:30:00";"BA";101;60;"ENTRE RIOS";"Declive acentuado";"Capotamento";"Sem Vítimas";"Plena Noite";"Crescente";"Céu Claro";"Dupla";"Aclive";"Não";1;0;0;0;1;0;0;1;-11,9387068;-38,05647969;"SPRF-BA";"DEL01-BA";"UOP04-DEL01-BA"
339613;2021-02-09;"terça-feira";"13:30:00";"MG";146;471,5;"CABO VERDE";"Manobra de mudança de faixa";"Colisão traseira";"Com Vítimas Feridas";"Pleno dia";"Crescente";"Nublado";"Simples";"Reta";"Sim";3;0;1;0;1;1;1;3;-21,474006;-46,401181;"SPRF-MG";"DEL09-MG";"UOP01-DEL09-MG"
339620;2021-02-09;"terça-feira";"14:25:00";"PE";232;73,8;"GRAVATA";"Condutor deixou de manter distância do veículo da frente";"Colisão traseira";"Com Vítimas Feridas";"Pleno dia";"Decrescente";"Céu Claro";"Dupla";"Reta";"Não";5;0;0;2;2;3;2;6;-8,19060018;-35,50931093;"SPRF-PE";"DEL02-PE";"UOP02-DEL02PE"
339640;2021-02-09;"terça-feira";"14:20:00";"SC";101;104,4;"PENHA";"Acessar a via sem observar a presença dos outros veículos";"Colisão lateral mesmo sentido";"Com Vítimas Feridas";"Pleno dia";"Crescente";"Céu Claro";"Dupla";"Reta";"Não";3;0;1;0;1;1;1;3;-26,79281742;-48,68080819;"SPRF-SC";"DEL03-SC";"UOP02-DEL03-SC"
339641;2021-02-09;"terça-feira";"13:45:00";"RS";293;101,1;"PINHEIRO MACHADO";"Afundamento ou ondulação no pavimento";"Tombamento";"Com Vítimas Feridas";"Pleno dia";"Decrescente";"Céu Claro";"Simples";"Reta";"Não";2;0;1;0;0;2;1;3;-31,60340019;-53,32116311;"SPRF-RS";"DEL11-RS";"UOP03-DEL11-RS"
339642;2021-02-09;"terça-feira";"14:45:00";"RS";290;144,3;"ELDORADO DO SUL";"Reação tardia ou ineficiente do condutor";"Colisão traseira";"Com Vítimas Feridas";"Pleno dia";"Decrescente";"Céu Claro";"Simples";"Reta;Aclive";"Sim";4;0;1;1;1;4;2;7;-30,096939;-51,647282;"SPRF-RS";"DEL02-RS";"UOP01-DEL02-RS"
339648;2021-01-21;"quinta-feira";"06:00:00";"SC";101;186,1;"BIGUACU";"Velocidade Incompatível";"Colisão com objeto";"Sem Vítimas";"Pleno dia";"Crescente";"Chuva";"Múltipla";"Curva";"Sim";3;0;0;0;2;3;0;5;-27,4341098;-48,62567129;"SPRF-SC";"DEL01-SC";"UOP01-DEL01-SC"
339658;2021-02-09;"terça-feira";"16:30:00";"AL";101;151,2;"JEQUIA DA PRAIA";"Mal súbito do condutor";"Saída de leito carroçável";"Com Vítimas Fatais";"Pleno dia";"Decrescente";"Céu Claro";"Dupla";"Reta";"Não";2;1;0;0;0;1;0;2;-9,8900974;-36,15847202;"SPRF-AL";"DEL02-AL";"UOP02-DEL02-AL"
339661;2021-02-09;"terça-feira";"16:45:00";"BA";110;340;"ALAGOINHAS";"Desrespeitar a preferência no cruzamento";"Queda de ocupante de veículo";"Com Vítimas Feridas";"Pleno dia";"Crescente";"Sol";"Simples";"Interseção de Vias";"Sim";2;0;1;0;1;0;1;2;-12,16311332;-38,41514653;"SPRF-BA";"DEL01-BA";"UOP04-DEL01-BA"
339663;2021-02-09;"terça-feira";"16:30:00";"SP";116;518;"CAJATI";"Demais falhas mecânicas ou elétricas";"Incêndio";"Sem Vítimas";"Pleno dia";"Crescente";"Céu Claro";"Dupla";"Reta";"Não";1;0;0;0;1;0;0;1;-24,88391594;-48,22626356;"SPRF-SP";"DEL05-SP";"UOP02-DEL05-SP"
339668;2021-02-09;"terça-feira";"17:40:00";"PR";277;592,3;"CASCAVEL";"Ingestão de álcool pelo condutor";"Colisão lateral mesmo sentido";"Com Vítimas Feridas";"Pleno dia";"Crescente";"Céu Claro";"Simples";"Interseção de Vias";"Sim";3;0;1;1;1;0;2;2;-24,98285697;-53,47319399;"SPRF-PR";"DEL04-PR";"UOP01-DEL04-PR"
339672;2021-02-09;"terça-feira";"15:55:00";"RO";364;546,1;"ALTO PARAISO";"Ultrapassagem Indevida";"Colisão lateral mesmo sentido";"Com Vítimas Feridas";"Pleno dia";"Decrescente";"Nublado";"Simples";"Reta";"Não";7;0;4;0;3;0;4;3;-9,67581015;-63,1014417;"SPRF-RO";"DEL03-RO";"UOP01-DEL03-RO"
339681;2021-02-09;"terça-feira";"06:55:00";"MG";381;520;"IGARAPE";"Velocidade Incompatível";"Capotamento";"Com Vítimas Feridas";"Amanhecer";"Decrescente";"Nevoeiro/Neblina";"Dupla";"Reta";"Não";1;0;1;0;0;0;1;1;-20,13363702;-44,309515;"SPRF-MG";"DEL04-MG";"UOP03-DEL04-MG"
339682;2021-02-09;"terça-feira";"18:50:00";"PR";116;97;"SAO JOSE DOS PINHAIS";"Reação tardia ou ineficiente do condutor";"Colisão traseira";"Com Vítimas Feridas";"Anoitecer";"Crescente";"Nublado";"Múltipla";"Reta";"Não";3;0;1;0;1;1;1;3;-25,54316426;-49,14987945;"SPRF-PR";"DEL01-PR";"UOP01-DEL01-PR"
339693;2021-01-20;"quarta-feira";"09:00:00";"PA";10;261;"AURORA DO PARA";"Condutor deixou de manter distância do veículo da frente";"Colisão traseira";"Com Vítimas Feridas";"Plena Noite";"Crescente";"Céu Claro";"Simples";"Reta";"Sim";4;0;2;0;1;1;2;3;-2,15034601;-47,56089659;"SPRF-PA";"DEL02-PA";"UOP01-DEL02-PA"
339698;2021-02-09;"terça-feira";"19:40:00";"ES";101;183;"ARACRUZ";"Curva acentuada";"Derramamento de carga";"Sem Vítimas";"Plena Noite";"Crescente";"Garoa/Chuvisco";"Simples";"Curva";"Não";2;0;0;0;1;2;0;3;-19,64708421;-40,23286555;"SPRF-ES";"DEL04-ES";"UOP01-DEL04-ES"
339706;2021-02-09;"terça-feira";"21:15:00";"MG";116;303,6;"ITAMBACURI";"Condutor deixou de manter distância do veículo da frente";"Colisão traseira";"Com Vítimas Feridas";"Plena Noite";"Decrescente";"Nublado";"Simples";"Aclive";"Não";3;0;1;0;1;1;1;3;-18,01747727;-41,64325495;"SPRF-MG";"DEL11-MG";"UOP01-DEL11-MG"
339707;2021-02-09;"terça-feira";"20:20:00";"SC";116;221,1;"CORREIA PINTO";"Conversão proibida";"Colisão transversal";"Com Vítimas Feridas";"Plena Noite";"Crescente";"Céu Claro";"Simples";"Reta";"Sim";4;0;0;1;2;1;1;3;-27,58573399;-50,36555188;"SPRF-SC";"DEL05-SC";"UOP03-DEL05-SC"
339709;2021-02-09;"terça-feira";"13:36:00";"MG";50;54,4;"UBERLANDIA";"Velocidade Incompatível";"Colisão com objeto";"Com Vítimas Feridas";"Pleno dia";"Decrescente";"Céu Claro";"Dupla";"Curva";"Não";2;0;1;0;0;1;1;2;-18,78082601;-48,23813438;"SPRF-MG";"DEL15-MG";"UOP02-DEL15-MG"
339710;2021-02-09;"terça-feira";"21:49:00";"SC";280;124;"RIO NEGRINHO";"Deficiência do Sistema de Iluminação/Sinalização";"Colisão transversal";"Com Vítimas Feridas";"Plena Noite";"Decrescente";"Céu Claro";"Simples";"Interseção de Vias;Reta";"Não";3;0;0;1;1;2;1;4;-26,2394515;-49,47960019;"SPRF-SC";"DEL06-SC";"UOP03-DEL06-SC"
339712;2021-02-09;"terça-feira";"16:15:00";"MT";163;1028;"PEIXOTO DE AZEVEDO";"Demais falhas mecânicas ou elétricas";"Saída de leito carroçável";"Com Vítimas Feridas";"Anoitecer";"Crescente";"Nublado";"Simples";"Reta";"Não";2;0;1;0;0;2;1;3;-10,30343476;-55,03292084;"SPRF-MT";"DEL06-MT";"NPF/DEL06-MT"
339713;2021-02-09;"terça-feira";"23:30:00";"AL";101;9;"NOVO LINO";"Velocidade Incompatível";"Tombamento";"Sem Vítimas";"Plena Noite";"Crescente";"Céu Claro";"Dupla";"Reta";"Não";2;0;0;0;1;1;0;2;-8,94483876;-35,65853065;"SPRF-AL";"DEL01-AL";"UOP02-DEL01-AL"
339714;2021-02-09;"terça-feira";"20:00:00";"MT";163;672;"LUCAS DO RIO VERDE";"Ingestão de álcool pelo condutor";"Colisão lateral sentido oposto";"Com Vítimas Feridas";"Plena Noite";"Crescente";"Nublado";"Simples";"Reta";"Não";2;0;0;1;1;0;1;2;-13,30678648;-56,04069133;"SPRF-MT";"DEL06-MT";"UOP01-DEL06-MT"
339718;2021-02-09;"terça-feira";"19:20:00";"BA";116;748,8;"POCOES";"Ultrapassagem Indevida";"Colisão frontal";"Com Vítimas Feridas";"Plena Noite";"Decrescente";"Nublado";"Simples";"Curva";"Não";4;0;1;1;1;1;2;3;-14,46282;-40,34449;"SPRF-BA";"DEL08-BA";"UOP02-DEL08-BA"
339719;2021-02-09;"terça-feira";"21:40:00";"GO";153;605;"MORRINHOS";"Condutor Dormindo";"Colisão traseira";"Com Vítimas Feridas";"Plena Noite";"Decrescente";"Céu Claro";"Dupla";"Reta";"Não";3;0;0;1;1;3;1;5;-17,5952;-49,1912;"SPRF-GO";"DEL03-GO";"UOP01-DEL03-GO"
339723;2021-02-09;"terça-feira";"08:00:00";"MG";116;64,4;"MEDINA";"Demais falhas mecânicas ou elétricas";"Saída de leito carroçável";"Sem Vítimas";"Pleno dia";"Decrescente";"Chuva";"Simples";"Curva;Aclive";"Não";2;0;0;0;1;1;0;2;-16,16664062;-41,43600935;"SPRF-MG";"DEL11-MG";"UOP02-DEL11-MG"
339728;2021-02-10;"quarta-feira";"02:15:00";"TO";226;4;"AGUIARNOPOLIS";"Pista Escorregadia";"Saída de leito carroçável";"Sem Vítimas";"Plena Noite";"Crescente";"Chuva";"Simples";"Declive";"Não";2;0;0;0;1;1;0;2;-6,567883;-47,492516;"SPRF-TO";"DEL02-TO";"UOP03-DEL02-TO"
339729;2021-02-10;"quarta-feira";"00:15:00";"BA";242;209;"ITABERABA";"Ingestão de álcool pelo condutor";"Tombamento";"Sem Vítimas";"Plena Noite";"Decrescente";"Céu Claro";"Simples";"Reta";"Não";3;0;0;0;2;2;0;4;-12,52075511;-40,13201;"SPRF-BA";"DEL06-BA";"UOP02-DEL06-BA"
339734;2021-02-10;"quarta-feira";"04:30:00";"PE";101;35;"IGARASSU";"Pista Escorregadia";"Saída de leito carroçável";"Com Vítimas Feridas";"Amanhecer";"Decrescente";"Nublado";"Múltipla";"Reta";"Não";1;0;1;0;0;0;1;1;-7,77952193;-34,93231384;"SPRF-PE";"DEL01-PE";"UOP02-DEL01-PE"
339738;2021-02-10;"quarta-feira";"06:00:00";"RJ";101;268;"RIO BONITO";"Reação tardia ou ineficiente do condutor";"Colisão lateral mesmo sentido";"Com Vítimas Feridas";"Amanhecer";"Crescente";"Nevoeiro/Neblina";"Dupla";"Reta";"Sim";3;0;2;0;1;0;2;2;-22,7112997;-42,66922613;"SPRF-RJ";"DEL02-RJ";"UOP03-DEL02-RJ"
339743;2021-02-10;"quarta-feira";"07:20:00";"SE";101;32,6;"CAPELA";"Ultrapassagem Indevida";"Colisão lateral sentido oposto";"Com Vítimas Feridas";"Pleno dia";"Decrescente";"Sol";"Simples";"Aclive;Curva";"Não";4;0;1;0;1;2;1;4;-10,46268099;-36,9411742;"SPRF-SE";"DEL02-SE";"UOP02-DEL02-SE"
339745;2021-02-10;"quarta-feira";"06:30:00";"MT";163;952;"NOVA SANTA HELENA";"Avarias e/ou desgaste excessivo no pneu";"Incêndio";"Sem Vítimas";"Pleno dia";"Crescente";"Céu Claro";"Simples";"Reta";"Não";2;0;0;0;1;3;0;4;-10,874;-55,197;"SPRF-MT";"DEL06-MT";"NPF/DEL06-MT"
339748;2021-02-10;"quarta-feira";"02:30:00";"RJ";40;101;"DUQUE DE CAXIAS";"Pedestre andava na pista";"Atropelamento de Pedestre";"Com Vítimas Feridas";"Plena Noite";"Crescente";"Nublado";"Dupla";"Reta";"Não";3;0;0;1;2;0;1;2;-22,60246485;-43,28380739;"SPRF-RJ";"DEL01-RJ";"UOP01-DEL01-RJ"
339750;2021-02-10;"quarta-feira";"06:10:00";"ES";262;4,4;"CARIACICA";"Ausência de reação do condutor";"Colisão traseira";"Com Vítimas Feridas";"Pleno dia";"Decrescente";"Céu Claro";"Múltipla";"Curva;Em Obras";"Sim";4;0;2;0;2;0;2;2;-20,33609327;-40,37812784;"SPRF-ES";"DEL01-ES";"UOP01-DEL01-ES"
339760;2021-02-10;"quarta-feira";"08:00:00";"ES";101;288,3;"CARIACICA";"Velocidade Incompatível";"Colisão traseira";"Com Vítimas Feridas";"Pleno dia";"Decrescente";"Céu Claro";"Dupla";"Reta";"Sim";3;0;0;1;1;1;1;3;-20,27160351;-40,39091743;"SPRF-ES";"DEL01-ES";"UOP01-DEL01-ES"
339767;2021-02-10;"quarta-feira";"07:00:00";"SE";101;76;"MARUIM";"Velocidade Incompatível";"Colisão com objeto";"Sem Vítimas";"Pleno dia";"Crescente";"Garoa/Chuvisco";"Dupla";"Curva";"Não";2;0;0;0;1;1;0;2;-10,77357687;-37,12583705;"SPRF-SE";"DEL01-SE";"UOP01-DEL01-SE"
339768;2021-02-10;"quarta-feira";"09:00:00";"PR";277;0,5;"PARANAGUA";"Ingestão de substâncias psicoativas pelo condutor";"Colisão transversal";"Com Vítimas Feridas";"Pleno dia";"Decrescente";"Céu Claro";"Simples";"Reta";"Não";4;0;1;0;1;2;1;4;-25,5205;-48,5095;"SPRF-PR";"DEL01-PR";"UOP05-DEL01-PR"
339770;2021-02-10;"quarta-feira";"08:05:00";"MS";163;479;"CAMPO GRANDE";"Conversão proibida";"Colisão transversal";"Com Vítimas Feridas";"Pleno dia";"Crescente";"Céu Claro";"Simples";"Reta";"Sim";2;0;0;1;1;0;1;2;-20,487322;-54,55929095;"SPRF-MS";"DEL01-MS";"UOP01-DEL01-MS"
339774;2021-02-10;"quarta-feira";"08:16:00";"ES";262;150,8;"IBATIBA";"Frear bruscamente";"Colisão lateral sentido oposto";"Sem Vítimas";"Pleno dia";"Crescente";"Céu Claro";"Simples";"Curva";"Não";2;0;0;0;1;1;0;2;-20,21581109;-41,44729614;"SPRF-ES";"DEL01-ES";"UOP02-DEL01-ES"
339775;2021-02-10;"quarta-feira";"08:30:00";"MT";163;757;"SORRISO";"Manobra de mudança de faixa";"Colisão lateral mesmo sentido";"Sem Vítimas";"Pleno dia";"Crescente";"Céu Claro";"Dupla";"Aclive";"Não";4;0;0;0;2;4;0;6;-12,61812484;-55,7639162;"SPRF-MT";"DEL06-MT";"UOP01-DEL06-MT"
339779;2021-02-10;"quarta-feira";"09:30:00";"RS";158;317,2;"SANTA MARIA";"Reação tardia ou ineficiente do condutor";"Colisão lateral";"Sem Vítimas";"Pleno dia";"Decrescente";"Céu Claro";"Múltipla";"Reta";"Não";2;0;0;0;1;1;0;2;-29,65588903;-53,77374238;"SPRF-RS";"DEL09-RS";"UOP01-DEL09-RS"
339780;2021-02-10;"quarta-feira";"09:00:00";"SC";470;143,3;"RIO DO SUL";"Ultrapassagem Indevida";"Tombamento";"Com Vítimas Feridas";"Pleno dia";"Crescente";"Céu Claro";"Simples";"Rotatória";"Sim";2;0;1;0;1;0;1;2;-27,233143;-49,672886;"SPRF-SC";"DEL04-SC";"UOP02-DEL04-SC"
339783;2021-02-10;"quarta-feira";"08:30:00";"MT";70;518;"VARZEA GRANDE";"Condutor deixou de manter distância do veículo da frente";"Colisão traseira";"Sem Vítimas";"Pleno dia";"Crescente";"Céu Claro";"Simples";"Reta";"Sim";2;0;0;0;0;2;0;2;-15,68626942;-56,17140859;"SPRF-MT";"DEL01-MT";"UOP02-DEL01-MT"
339785;2021-02-10;"quarta-feira";"09:15:00";"PR";277;103;"CAMPO LARGO";"Velocidade Incompatível";"Colisão traseira";"Sem Vítimas";"Pleno dia";"Crescente";"Céu Claro";"Dupla";"Reta";"Sim";4;0;0;0;3;1;0;4;-25,43004423;-49,39653136;"SPRF-PR";"DEL01-PR";"UOP01-DEL01-PR"
339793;2021-02-10;"quarta-feira";"09:55:00";"MG";40;589;"ITABIRITO";"Demais falhas mecânicas ou elétricas";"Eventos atípicos";"Com Vítimas Feridas";"Pleno dia";"Decrescente";"Céu Claro";"Simples";"Reta;Declive";"Não";2;0;0;1;0;1;1;2;-20,36303483;-43,90995026;"SPRF-MG";"DEL01-MG";"UOP02-DEL01-MG"
339799;2021-02-10;"quarta-feira";"11:50:00";"PR";116;87,2;"PIRAQUARA";"Ausência de reação do condutor";"Colisão traseira";"Com Vítimas Feridas";"Pleno dia";"Decrescente";"Céu Claro";"Dupla";"Reta";"Não";3;0;1;0;1;2;1;4;-25,47580868;-49,09580144;"SPRF-PR";"DEL01-PR";"UOP01-DEL01-PR"
339803;2021-02-10;"quarta-feira";"12:30:00";"SP";488;3,6;"APARECIDA";"Manobra de mudança de faixa";"Colisão lateral";"Com Vítimas Feridas";"Pleno dia";"Crescente";"Sol";"Dupla";"Reta";"Não";2;0;0;1;1;0;1;2;-22,855059;-45,243423;"SPRF-SP";"DEL08-SP";"UOP01-DEL08-SP"
339805;2021-02-10;"quarta-feira";"11:10:00";"RS";392;66;"PELOTAS";"Problema com o freio";"Colisão transversal";"Com Vítimas Feridas";"Pleno dia";"Crescente";"Nublado";"Dupla";"Interseção de Vias";"Sim";4;0;1;0;2;2;1;4;-31,7627503;-52,39165019;"SPRF-RS";"DEL07-RS";"UOP01-DEL07-RS"
339806;2021-02-10;"quarta-feira";"12:58:00";"AL";101;139;"SAO MIGUEL DOS CAMPOS";"Ausência de reação do condutor";"Saída de leito carroçável";"Com Vítimas Feridas";"Pleno dia";"Decrescente";"Garoa/Chuvisco";"Simples";"Reta";"Não";3;0;1;0;1;1;1;3;-9,81757382;-36,1216713;"SPRF-AL";"DEL02-AL";"UOP01-DEL02-AL"
339811;2021-02-10;"quarta-feira";"11:30:00";"SC";116;180;"SAO CRISTOVAO DO SUL";"Acessar a via sem observar a presença dos outros veículos";"Colisão transversal";"Com Vítimas Fatais";"Pleno dia";"Decrescente";"Céu Claro";"Simples";"Interseção de Vias;Reta";"Sim";3;1;0;0;1;1;0;3;-27,2676;-50,44154;"SPRF-SC";"DEL05-SC";"UOP03-DEL05-SC"
339812;2021-02-10;"quarta-feira";"10:50:00";"MS";163;20;"MUNDO NOVO";"Ingestão de álcool pelo condutor";"Tombamento";"Sem Vítimas";"Pleno dia";"Decrescente";"Sol";"Simples";"Curva";"Sim";3;0;0;0;2;2;0;3;-23,92529776;-54,2835309;"SPRF-MS";"DEL09-MS";"UOP02-DEL09-MS"
339813;2021-02-10;"quarta-feira";"11:40:00";"RJ";101;248;"RIO BONITO";"Curva acentuada";"Colisão lateral";"Sem Vítimas";"Pleno dia";"Crescente";"Chuva";"Dupla";"Curva";"Não";2;0;0;0;2;0;0;2;-22,66192431;-42,50261769;"SPRF-RJ";"DEL02-RJ";"UOP03-DEL02-RJ"
339815;2021-02-10;"quarta-feira";"13:00:00";"SP";381;37;"ATIBAIA";"Reação tardia ou ineficiente do condutor";"Derramamento de carga";"Com Vítimas Feridas";"Pleno dia";"Decrescente";"Céu Claro";"Dupla";"Reta";"Não";2;0;1;0;0;1;1;2;-23,10506237;-46,56881577;"SPRF-SP";"DEL03-SP";"UOP01-DEL03-SP"
339818;2021-02-10;"quarta-feira";"13:30:00";"MG";381;481;"CONTAGEM";"Reação tardia ou ineficiente do condutor";"Colisão lateral mesmo sentido";"Com Vítimas Feridas";"Pleno dia";"Decrescente";"Céu Claro";"Múltipla";"Reta";"Sim";3;0;1;0;1;1;1;3;-19,95931561;-44,08825597;"SPRF-MG";"DEL01-MG";"UOP03-DEL01-MG"
339820;2021-02-10;"quarta-feira";"11:30:00";"BA";242;266;"BOA VISTA DO TUPIM";"Velocidade Incompatível";"Saída de leito carroçável";"Sem Vítimas";"Pleno dia";"Decrescente";"Sol";"Simples";"Curva;Declive";"Não";2;0;0;0;1;2;0;3;-12,4525739;-40,59396496;"SPRF-BA";"DEL06-BA";"UOP02-DEL06-BA"
339821;2021-02-10;"quarta-feira";"12:15:00";"MS";262;326;"CAMPO GRANDE";"Acessar a via sem observar a presença dos outros veículos";"Colisão transversal";"Com Vítimas Feridas";"Pleno dia";"Decrescente";"Céu Claro";"Dupla";"Aclive";"Sim";3;0;0;1;2;0;1;3;-20,4686740908;-54,5345590192;"SPRF-MS";"DEL01-MS";"UOP01-DEL01-MS"
339825;2021-02-10;"quarta-feira";"13:45:00";"CE";222;130;"ITAPAJE";"Chuva";"Colisão transversal";"Com Vítimas Feridas";"Pleno dia";"Decrescente";"Chuva";"Simples";"Curva";"Não";2;0;1;0;1;0;1;2;-3,71250095;-39,63073803;"SPRF-CE";"DEL04-CE";"UOP03-DEL04-CE"
339828;2021-02-10;"quarta-feira";"09:45:00";"PR";376;182,4;"SARANDI";"Condutor deixou de manter distância do veículo da frente";"Colisão traseira";"Com Vítimas Feridas";"Pleno dia";"Decrescente";"Sol";"Dupla";"Reta";"Sim";3;0;1;0;2;0;1;2;-23,43684112;-51,87880764;"SPRF-PR";"DEL09-PR";"UOP01-DEL09-PR"
339836;2021-02-10;"quarta-feira";"15:08:00";"RS";285;292,6;"PASSO FUNDO";"Velocidade Incompatível";"Tombamento";"Sem Vítimas";"Pleno dia";"Decrescente";"Céu Claro";"Dupla";"Rotatória";"Sim";4;0;0;0;2;2;0;4;-28,239017;-52,365276;"SPRF-RS";"DEL08-RS";"UOP03-DEL08-RS"
339839;2021-02-10;"quarta-feira";"15:10:00";"PR";373;180;"PONTA GROSSA";"Acessar a via sem observar a presença dos outros veículos";"Colisão transversal";"Com Vítimas Feridas";"Pleno dia";"Crescente";"Céu Claro";"Dupla";"Reta";"Sim";3;0;1;0;1;2;1;4;-25,03983629;-50,24852895;"SPRF-PR";"DEL03-PR";"UOP04-DEL03-PR"
339841;2021-02-10;"quarta-feira";"10:00:00";"MA";230;42;"BARAO DE GRAJAU";"Avarias e/ou desgaste excessivo no pneu";"Saída de leito carroçável";"Com Vítimas Feridas";"Pleno dia";"Decrescente";"Sol";"Simples";"Declive";"Não";3;0;1;0;1;2;1;3;-6,6432679;-43,34556985;"SPRF-PI";"DEL03-PI";"UOP01-DEL03-PI"
339847;2021-02-10;"quarta-feira";"15:30:00";"RS";386;352,7;"ESTRELA";"Acesso irregular";"Colisão traseira";"Com Vítimas Feridas";"Pleno dia";"Crescente";"Chuva";"Dupla";"Curva";"Não";5;0;5;0;0;0;5;3;-29,49889257;-51,95050478;"SPRF-RS";"DEL04-RS";"UOP02-DEL04-RS"