"id";"data_inversa";"dia_semana";"horario";"uf";"br";"km";"municipio";"causa_acidente";"tipo_acidente";"classificacao_acidente";"fase_dia";"sentido_via";"condicao_metereologica";"tipo_pista";"tracado_via";"uso_solo";"pessoas";"mortos";"feridos_leves";"feridos_graves";"ilesos";"ignorados";"feridos";"veiculos";"latitude";"longitude";"regional";"delegacia";"uop"
339852;2021-02-10;"quarta-feira";"15:20:00";"RO";364;236,7;"CACOAL";"Acessar a via sem observar a presença dos outros veículos";"Colisão transversal";"Com Vítimas Feridas";"Pleno dia";"Decrescente";"Nublado";"Simples";"Retorno Regulamentado";"Sim";3;0;1;0;2;0;1;3;-11,444129;-61,444226;"SPRF-RO";"DEL02-RO";"UOP02-DEL02-RO"
339857;2021-02-10;"quarta-feira";"16:30:00";"MG";251;465,5;"GRAO MOGOL";"Velocidade Incompatível";"Colisão frontal";"Com Vítimas Feridas";"Pleno dia";"Crescente";"Chuva";"Simples";"Curva";"Não";3;0;1;0;1;2;1;4;-16,45710399;-43,40386502;"SPRF-MG";"DEL12-MG";"UOP01-DEL12-MG"
339864;2021-02-10;"quarta-feira";"17:30:00";"PE";428;20,2;"CABROBO";"Ingestão de álcool pelo condutor";"Colisão transversal";"Com Vítimas Fatais";"Anoitecer";"Decrescente";"Céu Claro";"Simples";"Reta";"Não";5;1;3;0;0;1;3;4;-8,49337421;-39,39765603;"SPRF-PE";"DEL05-PE";"UOP03-DEL05-PE"
339877;2021-02-10;"quarta-feira";"18:30:00";"PB";405;37,1;"SAO JOAO DO RIO DO PEIXE";"Ausência de reação do condutor";"Colisão traseira";"Com Vítimas Fatais";"Plena Noite";"Decrescente";"Nublado";"Simples";"Reta";"Não";2;1;0;0;0;1;0;2;-6,760087;-38,434673;"SPRF-PB";"DEL03-PB";"UOP03-DEL03-PB"
339879;2021-02-10;"quarta-feira";"18:40:00";"RS";116;247;"SAO LEOPOLDO";"Manobra de mudança de faixa";"Colisão lateral";"Com Vítimas Feridas";"Anoitecer";"Decrescente";"Céu Claro";"Dupla";"Reta";"Sim";2;0;1;0;1;0;1;2;-29,76733091;-51,1535296;"SPRF-RS";"DEL01-RS";"UOP02-DEL01-RS"
339880;2021-02-10;"quarta-feira";"17:40:00";"SC";470;193,9;"POUSO REDONDO";"Transitar na contramão";"Colisão lateral";"Com Vítimas Feridas";"Pleno dia";"Crescente";"Céu Claro";"Simples";"Aclive;Curva";"Não";4;0;0;2;2;0;2;3;-27,300575;-50,075451;"SPRF-SC";"DEL04-SC";"UOP02-DEL04-SC"
339888;2021-02-10;"quarta-feira";"19:45:00";"MG";354;732,3;"POUSO ALTO";"Velocidade Incompatível";"Saída de leito carroçável";"Com Vítimas Feridas";"Plena Noite";"Decrescente";"Nublado";"Simples";"Curva";"Não";1;0;0;1;0;0;1;1;-22,17502858;-44,97005105;"SPRF-MG";"DEL17-MG";"UOP01-DEL17-MG"
339889;2021-02-10;"quarta-feira";"18:30:00";"PR";277;122,6;"CAMPO LARGO";"Manobra de mudança de faixa";"Capotamento";"Com Vítimas Feridas";"Pleno dia";"Crescente";"Céu Claro";"Dupla";"Curva";"Não";2;0;0;1;1;0;1;2;-25,4472505;-49,47885404;"SPRF-PR";"DEL01-PR";"UOP03-DEL03-PR"
339891;2021-02-10;"quarta-feira";"20:00:00";"SP";116;296;"ITAPECERICA DA SERRA";"Frear bruscamente";"Colisão traseira";"Com Vítimas Feridas";"Plena Noite";"Crescente";"Nublado";"Dupla";"Reta";"Sim";3;0;2;0;1;0;2;2;-23,775485;-46,914416;"SPRF-SP";"DEL04-SP";"UOP01-DEL04-SP"
339896;2021-02-10;"quarta-feira";"13:00:00";"MG";381;709,7;"NEPOMUCENO";"Demais falhas mecânicas ou elétricas";"Colisão com objeto";"Sem Vítimas";"Pleno dia";"Crescente";"Ignorado";"Dupla";"Curva";"Não";2;0;0;0;1;1;0;2;-21,37772086;-45,19419525;"SPRF-MG";"DEL04-MG";"UOP02-DEL04-MG"
339915;2021-02-10;"quarta-feira";"21:50:00";"PI";316;17,5;"TERESINA";"Obras na pista";"Colisão com objeto";"Sem Vítimas";"Plena Noite";"Decrescente";"Céu Claro";"Simples";"Reta";"Não";2;0;0;0;1;1;0;2;-5,23885376;-42,74027875;"SPRF-PI";"DEL01-PI";"UOP02-DEL01-PI"
339927;2021-02-11;"quinta-feira";"05:40:00";"RS";290;180,9;"MINAS DO LEAO";"Manobra de mudança de faixa";"Colisão frontal";"Com Vítimas Feridas";"Amanhecer";"Decrescente";"Nublado";"Simples";"Aclive";"Não";3;0;0;1;1;1;1;3;-30,14195586;-52,0332744;"SPRF-RS";"DEL02-RS";"UOP03-DEL02-RS"
339928;2021-02-11;"quinta-feira";"05:20:00";"RJ";116;238;"PIRAI";"Reação tardia ou ineficiente do condutor";"Engavetamento";"Com Vítimas Feridas";"Amanhecer";"Decrescente";"Céu Claro";"Dupla";"Reta";"Não";5;0;0;1;3;2;1;6;-22,6668693;-43,8411799;"SPRF-RJ";"DEL07-RJ";"UOP01-DEL07-RJ"
339929;2021-02-11;"quinta-feira";"06:50:00";"MG";116;769,5;"LEOPOLDINA";"Transitar na contramão";"Colisão frontal";"Com Vítimas Feridas";"Pleno dia";"Crescente";"Nublado";"Simples";"Curva";"Sim";7;0;4;0;3;0;4;3;-21,55054675;-42,67361103;"SPRF-MG";"DEL07-MG";"UOP01-DEL07-MG"
339930;2021-02-11;"quinta-feira";"06:00:00";"PI";222;0,6;"SAO JOAO DA FRONTEIRA";"Problema com o freio";"Tombamento";"Com Vítimas Feridas";"Amanhecer";"Crescente";"Céu Claro";"Simples";"Curva";"Não";3;0;2;0;0;1;2;2;-3,918148;-41,23305;"SPRF-PI";"DEL02-PI";"UOP01-DEL02-PI"
339938;2021-02-11;"quinta-feira";"07:35:00";"MG";40;612;"CONGONHAS";"Condutor deixou de manter distância do veículo da frente";"Colisão traseira";"Com Vítimas Feridas";"Pleno dia";"Decrescente";"Céu Claro";"Simples";"Ponte";"Não";11;0;8;0;1;2;8;4;-20,51778098;-43,83603641;"SPRF-MG";"DEL05-MG";"UOP02-DEL05-MG"
339939;2021-02-11;"quinta-feira";"05:50:00";"GO";158;257;"JATAI";"Ultrapassagem Indevida";"Colisão lateral sentido oposto";"Com Vítimas Feridas";"Amanhecer";"Decrescente";"Céu Claro";"Simples";"Curva";"Não";3;0;1;0;1;1;1;3;-17,79674648;-51,79710388;"SPRF-GO";"DEL05-GO";"UOP01-DEL05-GO"
339945;2021-02-11;"quinta-feira";"07:30:00";"GO";60;73;"ANAPOLIS";"Condutor deixou de manter distância do veículo da frente";"Colisão traseira";"Com Vítimas Feridas";"Pleno dia";"Decrescente";"Céu Claro";"Dupla";"Reta;Aclive";"Não";2;0;1;0;1;0;1;2;-16,2706;-48,7699;"SPRF-GO";"DEL02-GO";"UOP01-DEL02-GO"
339946;2021-02-11;"quinta-feira";"06:45:00";"SC";116;305,3;"CAPAO ALTO";"Velocidade Incompatível";"Saída de leito carroçável";"Com Vítimas Feridas";"Pleno dia";"Crescente";"Nublado";"Simples";"Curva;Declive";"Não";2;0;0;1;0;2;1;3;-28,19959072;-50,72748184;"SPRF-SC";"DEL05-SC";"UOP02-DEL05-SC"
339949;2021-02-11;"quinta-feira";"08:00:00";"PR";376;241,1;"APUCARANA";"Velocidade Incompatível";"Colisão com objeto";"Com Vítimas Feridas";"Pleno dia";"Crescente";"Chuva";"Dupla";"Declive";"Não";3;0;1;0;1;1;1;3;-23,58168461;-51,42681594;"SPRF-PR";"DEL07-PR";"UOP03-DEL07-PR"
339955;2021-02-11;"quinta-feira";"08:58:00";"PR";376;189;"MARIALVA";"Ausência de reação do condutor";"Colisão transversal";"Com Vítimas Feridas";"Pleno dia";"Decrescente";"Nublado";"Dupla";"Reta";"Não";2;0;0;1;1;0;1;2;-23,471231;-51,819515;"SPRF-PR";"DEL09-PR";"UOP01-DEL09-PR"
339956;2021-02-11;"quinta-feira";"08:30:00";"SC";101;320;"PESCARIA BRAVA";"Obras na pista";"Engavetamento";"Sem Vítimas";"Pleno dia";"Crescente";"Céu Claro";"Dupla";"Reta;Em Obras";"Não";8;0;0;0;7;1;0;5;-28,42800492;-48,88171497;"SPRF-SC";"DEL02-SC";"UOP01-DEL02-SC"
339959;2021-02-02;"terça-feira";"12:00:00";"MT";364;346;"SANTO ANTONIO DO LEVERGER";"Demais falhas mecânicas ou elétricas";"Colisão traseira";"Sem Vítimas";"Pleno dia";"Crescente";"Céu Claro";"Dupla";"Reta";"Não";3;0;0;0;2;2;0;4;-15,81193889;-55,53981241;"SPRF-MT";"DEL05-MT";"UOP02-DEL05-MT"
339960;2021-02-11;"quinta-feira";"09:25:00";"GO";50;311,2;"CUMARI";"Condutor deixou de manter distância do veículo da frente";"Colisão traseira";"Com Vítimas Feridas";"Pleno dia";"Decrescente";"Nublado";"Dupla";"Reta";"Não";4;0;1;2;1;0;3;2;-18,4065;-48,08;"SPRF-GO";"DEL06-GO";"UOP01-DEL06-GO"
339961;2021-02-11;"quinta-feira";"09:10:00";"PR";116;47;"CAMPINA GRANDE DO SUL";"Carga excessiva e/ou mal acondicionada";"Tombamento";"Sem Vítimas";"Pleno dia";"Crescente";"Céu Claro";"Dupla";"Curva";"Não";1;0;0;0;1;0;0;1;-25,21058799;-48,89720903;"SPRF-PR";"DEL01-PR";"UOP02-DEL01-PR"
339963;2021-02-11;"quinta-feira";"06:33:00";"BA";410;4;"RIBEIRA DO POMBAL";"Demais falhas mecânicas ou elétricas";"Tombamento";"Com Vítimas Feridas";"Pleno dia";"Crescente";"Chuva";"Simples";"Declive";"Sim";2;0;1;0;0;1;1;2;-10,83422975;-38,5604295;"SPRF-BA";"DEL07-BA";"UOP02-DEL07-BA"
339964;2021-02-11;"quinta-feira";"08:00:00";"BA";410;4;"RIBEIRA DO POMBAL";"Velocidade Incompatível";"Saída de leito carroçável";"Com Vítimas Feridas";"Pleno dia";"Decrescente";"Nublado";"Simples";"Reta";"Não";1;0;1;0;0;0;1;1;-10,83422975;-38,5604295;"SPRF-BA";"DEL07-BA";"UOP02-DEL07-BA"
339965;2021-02-11;"quinta-feira";"09:55:00";"SE";101;196,3;"CRISTINAPOLIS";"Demais falhas mecânicas ou elétricas";"Tombamento";"Com Vítimas Feridas";"Pleno dia";"Decrescente";"Céu Claro";"Simples";"Reta";"Não";2;0;1;0;0;2;1;3;-11,46225469;-37,74281194;"SPRF-SE";"DEL02-SE";"UOP03-DEL02-SE"
339966;2021-02-07;"domingo";"17:30:00";"SP";116;514;"CAJATI";"Problema com o freio";"Saída de leito carroçável";"Sem Vítimas";"Pleno dia";"Decrescente";"Céu Claro";"Simples";"Reta";"Não";2;0;0;0;1;1;0;2;-24,86101234;-48,21302891;"SPRF-SP";"DEL05-SP";"UOP02-DEL05-SP"
339972;2021-02-11;"quinta-feira";"09:30:00";"AL";101;108,2;"PILAR";"Demais falhas mecânicas ou elétricas";"Saída de leito carroçável";"Com Vítimas Feridas";"Pleno dia";"Crescente";"Nublado";"Simples";"Curva";"Não";1;0;1;0;0;0;1;1;-9,59656948;-36,0091409;"SPRF-AL";"DEL02-AL";"UOP01-DEL02-AL"
339979;2021-02-11;"quinta-feira";"11:15:00";"GO";153;192;"URUACU";"Acessar a via sem observar a presença dos outros veículos";"Colisão transversal";"Com Vítimas Feridas";"Pleno dia";"Crescente";"Céu Claro";"Simples";"Reta";"Não";3;0;0;1;1;1;1;3;-14,446058;-49,156555;"SPRF-GO";"DEL07-GO";"UOP02-DEL07-GO"
339985;2021-02-11;"quinta-feira";"11:25:00";"RJ";116;167;"SAO JOAO DE MERITI";"Reação tardia ou ineficiente do condutor";"Colisão com objeto";"Com Vítimas Feridas";"Pleno dia";"Crescente";"Sol";"Múltipla";"Reta";"Sim";1;0;1;0;0;0;1;1;-22,79851;-43,3567;"SPRF-RJ";"DEL01-RJ";"UOP01-DEL01-RJ"
339986;2021-01-10;"domingo";"14:15:00";"RJ";393;274;"BARRA DO PIRAI";"Velocidade Incompatível";"Tombamento";"Sem Vítimas";"Pleno dia";"Crescente";"Nublado";"Simples";"Curva";"Não";2;0;0;0;1;1;0;2;-22,48328327;-43,96042792;"SPRF-RJ";"DEL05-RJ";"UOP04-DEL05-RJ"
339987;2021-02-11;"quinta-feira";"06:30:00";"PI";135;74,4;"CANAVIEIRA";"Demais falhas mecânicas ou elétricas";"Incêndio";"Sem Vítimas";"Pleno dia";"Crescente";"Céu Claro";"Simples";"Reta";"Não";2;0;0;0;1;2;0;3;-7,29881051;-43,70309959;"SPRF-PI";"DEL03-PI";"UOP01-DEL03-PI"
339997;2021-02-11;"quinta-feira";"11:10:00";"PI";230;309,1;"FLORIANO";"Obstrução na via";"Colisão com objeto";"Sem Vítimas";"Pleno dia";"Decrescente";"Céu Claro";"Simples";"Reta";"Sim";1;0;0;0;1;0;0;1;-6,77433132;-43,00632318;"SPRF-PI";"DEL03-PI";"UOP01-DEL03-PI"
339998;2021-02-11;"quinta-feira";"13:20:00";"SC";101;333,8;"TUBARAO";"Reação tardia ou ineficiente do condutor";"Colisão traseira";"Com Vítimas Feridas";"Pleno dia";"Crescente";"Sol";"Dupla";"Reta";"Sim";3;0;2;0;1;0;2;2;-28,46929491;-49,01618958;"SPRF-SC";"DEL02-SC";"UOP01-DEL02-SC"
340000;2021-02-11;"quinta-feira";"12:40:00";"SC";116;144,8;"SANTA CECILIA";"Velocidade Incompatível";"Derramamento de carga";"Sem Vítimas";"Pleno dia";"Crescente";"Chuva";"Simples";"Curva";"Não";2;0;0;0;1;1;0;2;-26,99398389;-50,39844506;"SPRF-SC";"DEL06-SC";"UOP02-DEL06-SC"
340005;2021-01-10;"domingo";"20:15:00";"PA";153;144,8;"SAO GERALDO DO ARAGUAIA";"Ausência de sinalização";"Colisão com objeto";"Com Vítimas Feridas";"Plena Noite";"Crescente";"Nublado";"Simples";"Reta";"Não";4;0;0;1;1;3;1;4;-6,348832;-48,592903;"SPRF-PA";"DEL03-PA";"UOP01-DEL03-PA"
340009;2021-02-11;"quinta-feira";"14:17:00";"RN";304;305;"PARNAMIRIM";"Ingestão de álcool pelo condutor";"Colisão lateral";"Sem Vítimas";"Pleno dia";"Decrescente";"Céu Claro";"Dupla";"Reta";"Não";3;0;0;0;2;1;0;3;-5,8876927;-35,2721949;"SPRF-RN";"DEL01-RN";"UOP02-DEL01-RN"
340010;2021-02-11;"quinta-feira";"13:25:00";"BA";242;850;"BARREIRAS";"Transitar na contramão";"Colisão frontal";"Com Vítimas Feridas";"Pleno dia";"Crescente";"Nublado";"Simples";"Reta";"Não";9;0;4;1;3;1;5;4;-12,10967583;-45,28842497;"SPRF-BA";"DEL10-BA";"UOP01-DEL10-BA"
340016;2021-02-11;"quinta-feira";"15:00:00";"SC";470;67,9;"INDAIAL";"Trafegar com motocicleta (ou similar) entre as faixas";"Colisão lateral";"Com Vítimas Feridas";"Pleno dia";"Decrescente";"Nublado";"Simples";"Reta";"Sim";2;0;1;0;1;0;1;2;-26,872158;-49,23127;"SPRF-SC";"DEL04-SC";"UOP01-DEL04-SC"
340019;2021-02-11;"quinta-feira";"14:56:00";"CE";222;14;"CAUCAIA";"Reação tardia ou ineficiente do condutor";"Colisão traseira";"Sem Vítimas";"Pleno dia";"Crescente";"Céu Claro";"Simples";"Reta";"Não";4;0;0;0;3;2;0;5;-3,76168497;-38,68641099;"SPRF-CE";"DEL01-CE";"UOP01-DEL01-CE"
340024;2021-01-27;"quarta-feira";"11:00:00";"PA";308;204;"BRAGANCA";"Reação tardia ou ineficiente do condutor";"Colisão frontal";"Com Vítimas Feridas";"Pleno dia";"Decrescente";"Céu Claro";"Simples";"Ponte";"Sim";2;0;1;0;1;0;1;2;-1,06498774;-46,7597;"SPRF-PA";"DEL01-PA";"UOP03-DEL01-PA"
340028;2021-02-11;"quinta-feira";"16:25:00";"PI";316;4;"TERESINA";"Objeto estático sobre o leito carroçável";"Colisão com objeto";"Com Vítimas Feridas";"Pleno dia";"Crescente";"Céu Claro";"Múltipla";"Reta";"Sim";5;0;1;0;3;2;1;4;-5,12826443;-42,79292384;"SPRF-PI";"DEL01-PI";"UOP02-DEL01-PI"
340030;2021-02-11;"quinta-feira";"16:15:00";"RS";470;158,5;"NOVA PRATA";"Reação tardia ou ineficiente do condutor";"Colisão lateral";"Com Vítimas Feridas";"Pleno dia";"Decrescente";"Chuva";"Simples";"Reta";"Não";3;0;1;0;1;1;1;3;-28,80000398;-51,61054097;"SPRF-RS";"DEL06-RS";"UOP02-DEL06-RS"
340031;2021-02-11;"quinta-feira";"11:30:00";"MA";316;400;"ALTO ALEGRE DO MARANHAO";"Condutor deixou de manter distância do veículo da frente";"Colisão traseira";"Com Vítimas Feridas";"Pleno dia";"Crescente";"Céu Claro";"Simples";"Reta";"Sim";4;0;1;0;3;0;1;3;-4,198092;-44,45652;"SPRF-MA";"DEL03-MA";"UOP01-DEL03-MA"
340037;2021-02-11;"quinta-feira";"10:30:00";"RO";364;491;"ARIQUEMES";"Ausência de reação do condutor";"Engavetamento";"Com Vítimas Fatais";"Pleno dia";"Crescente";"Céu Claro";"Simples";"Reta";"Não";6;1;0;2;2;4;2;7;-10,09972089;-62,95458394;"SPRF-RO";"DEL03-RO";"UOP01-DEL03-RO"
340045;2021-02-11;"quinta-feira";"13:00:00";"BA";242;351;"LENCOIS";"Velocidade Incompatível";"Colisão traseira";"Sem Vítimas";"Pleno dia";"Crescente";"Sol";"Simples";"Curva";"Não";3;0;0;0;2;4;0;6;-12,49243908;-41,3280788;"SPRF-BA";"DEL06-BA";"UOP01-DEL06-BA"
340046;2021-02-11;"quinta-feira";"18:00:00";"BA";324;616;"SALVADOR";"Pedestre andava na pista";"Atropelamento de Pedestre";"Com Vítimas Feridas";"Plena Noite";"Decrescente";"Céu Claro";"Dupla";"Reta";"Não";2;0;1;0;1;0;1;2;-12,87957905;-38,43213893;"SPRF-BA";"DEL01-BA";"UOP01-DEL01-BA"
340054;2021-01-31;"domingo";"02:30:00";"SP";116;229;"GUARULHOS";"Condutor Dormindo";"Colisão traseira";"Com Vítimas Feridas";"Plena Noite";"Crescente";"Nublado";"Múltipla";"Reta";"Sim";2;0;0;1;1;0;1;2;-23,50989246;-46,57364585;"SPRF-SP";"DEL01-SP";"UOP01-DEL01-SP"
340059;2021-02-11;"quinta-feira";"15:30:00";"MT";364;117,2;"ALTO GARCAS";"Demais falhas na via";"Saída de leito carroçável";"Sem Vítimas";"Pleno dia";"Decrescente";"Nublado";"Simples";"Reta";"Não";2;0;0;0;1;2;0;3;-16,86792697;-53,88105807;"SPRF-MT";"DEL02-MT";"UOP02-DEL02-MT"
340060;2021-02-11;"quinta-feira";"16:50:00";"RJ";101;290;"ITABORAI";"Ingestão de álcool pelo condutor";"Colisão lateral sentido oposto";"Com Vítimas Feridas";"Anoitecer";"Decrescente";"Chuva";"Dupla";"Curva";"Não";5;0;1;0;3;1;1;5;-22,76708384;-42,86081305;"SPRF-RJ";"DEL02-RJ";"UOP03-DEL02-RJ"
340061;2021-02-11;"quinta-feira";"19:00:00";"MG";40;437;"PARAOPEBA";"Velocidade Incompatível";"Tombamento";"Com Vítimas Feridas";"Plena Noite";"Crescente";"Chuva";"Dupla";"Reta";"Não";1;0;1;0;0;0;1;1;-19,23100428;-44,43562244;"SPRF-MG";"DEL02-MG";"UOP01-DEL02-MG"
340065;2021-02-11;"quinta-feira";"19:00:00";"BA";101;503;"ITABUNA";"Manobra de mudança de faixa";"Colisão transversal";"Com Vítimas Feridas";"Plena Noite";"Decrescente";"Céu Claro";"Simples";"Curva";"Não";3;0;1;0;1;1;1;2;-14,93204115;-39,30057969;"SPRF-BA";"DEL05-BA";"UOP01-DEL05-BA"
340067;2021-02-11;"quinta-feira";"16:40:00";"PE";101;197;"XEXEU";"Velocidade Incompatível";"Tombamento";"Com Vítimas Feridas";"Pleno dia";"Decrescente";"Céu Claro";"Múltipla";"Reta";"Não";1;0;0;1;0;0;1;1;-8,75523097;-35,60154384;"SPRF-PE";"DEL01-PE";"UOP03-DEL01-PE"
340068;2021-02-11;"quinta-feira";"19:25:00";"ES";262;156;"IBATIBA";"Mal súbito do condutor";"Colisão frontal";"Com Vítimas Feridas";"Plena Noite";"Decrescente";"Nublado";"Simples";"Reta";"Não";3;0;0;1;1;1;1;3;-20,22986514;-41,47989798;"SPRF-ES";"DEL01-ES";"UOP02-DEL01-ES"
340071;2021-02-11;"quinta-feira";"19:30:00";"SP";116;491;"CAJATI";"Afundamento ou ondulação no pavimento";"Colisão com objeto";"Com Vítimas Feridas";"Plena Noite";"Decrescente";"Garoa/Chuvisco";"Dupla";"Reta";"Não";2;0;1;0;0;1;1;2;-24,73981193;-48,12375607;"SPRF-SP";"DEL05-SP";"UOP01-DEL05-SP"
340072;2021-02-11;"quinta-feira";"20:00:00";"AL";101;44,1;"FLEXEIRAS";"Acostamento em desnível";"Tombamento";"Sem Vítimas";"Plena Noite";"Decrescente";"Chuva";"Dupla";"Curva";"Não";2;0;0;0;1;1;0;2;-9,19437805;-35,78723641;"SPRF-AL";"DEL01-AL";"UOP02-DEL01-AL"
340078;2021-02-11;"quinta-feira";"15:00:00";"PI";316;7;"TERESINA";"Reação tardia ou ineficiente do condutor";"Colisão traseira";"Com Vítimas Feridas";"Pleno dia";"Crescente";"Céu Claro";"Múltipla";"Declive";"Sim";2;0;1;0;0;1;1;2;-5,15584638;-42,77173332;"SPRF-PI";"DEL01-PI";"UOP02-DEL01-PI"
340082;2021-02-11;"quinta-feira";"17:45:00";"MG";365;532,3;"ROMARIA";"Demais falhas mecânicas ou elétricas";"Colisão lateral";"Com Vítimas Feridas";"Pleno dia";"Crescente";"Nublado";"Simples";"Reta";"Não";4;0;1;0;2;2;1;5;-18,92727654;-47,52554603;"SPRF-MG";"DEL10-MG";"UOP01-DEL10-MG"
340084;2021-02-11;"quinta-feira";"07:00:00";"MG";251;211;"AGUAS VERMELHAS";"Pista esburacada";"Colisão lateral mesmo sentido";"Sem Vítimas";"Pleno dia";"Decrescente";"Céu Claro";"Simples";"Reta";"Não";3;0;0;0;1;2;0;3;-15,90381582;-41,55602403;"SPRF-MG";"DEL11-MG";"UOP02-DEL11-MG"
340087;2021-02-11;"quinta-feira";"14:00:00";"MG";381;655,2;"SANTO ANTONIO DO AMPARO";"Afundamento ou ondulação no pavimento";"Saída de leito carroçável";"Com Vítimas Feridas";"Pleno dia";"Decrescente";"Nublado";"Dupla";"Curva";"Não";2;0;1;0;0;1;1;2;-21,00073835;-44,96765656;"SPRF-MG";"DEL04-MG";"UOP02-DEL04-MG"
340095;2021-02-11;"quinta-feira";"16:45:00";"SP";116;507;"CAJATI";"Obstrução na via";"Saída de leito carroçável";"Sem Vítimas";"Pleno dia";"Decrescente";"Chuva";"Simples";"Curva";"Não";2;0;0;0;1;1;0;2;-24,805288;-48,214966;"SPRF-SP";"DEL05-SP";"UOP02-DEL05-SP"
340096;2021-02-11;"quinta-feira";"18:10:00";"SC";116;107,8;"MONTE CASTELO";"Ultrapassagem Indevida";"Colisão frontal";"Com Vítimas Feridas";"Anoitecer";"Decrescente";"Garoa/Chuvisco";"Simples";"Declive;Curva";"Não";3;0;1;0;1;3;1;5;-26,75568818;-50,32812388;"SPRF-SC";"DEL06-SC";"UOP02-DEL06-SC"
340102;2021-02-11;"quinta-feira";"21:30:00";"RJ";116;249,3;"PIRAI";"Ausência de reação do condutor";"Colisão com objeto";"Sem Vítimas";"Plena Noite";"Crescente";"Nublado";"Dupla";"Reta";"Não";2;0;0;0;1;1;0;2;-22,59967462;-43,95005595;"SPRF-RJ";"DEL07-RJ";"UOP01-DEL07-RJ"
340106;2021-02-11;"quinta-feira";"22:40:00";"MT";364;512,2;"ROSARIO OESTE";"Pista em desnível";"Tombamento";"Com Vítimas Feridas";"Plena Noite";"Crescente";"Céu Claro";"Simples";"Reta";"Não";2;0;1;0;0;1;1;2;-15,16549203;-56,52422362;"SPRF-MT";"DEL01-MT";"UOP01-DEL01-MT"
340107;2021-02-11;"quinta-feira";"23:55:00";"MG";40;444,2;"PARAOPEBA";"Demais falhas na via";"Tombamento";"Sem Vítimas";"Plena Noite";"Crescente";"Garoa/Chuvisco";"Dupla";"Curva";"Não";1;0;0;0;1;0;0;1;-19,28815;-44,392;"SPRF-MG";"DEL02-MG";"UOP01-DEL02-MG"
340108;2021-02-12;"sexta-feira";"00:15:00";"MG";365;636;"UBERLANDIA";"Condutor deixou de manter distância do veículo da frente";"Colisão traseira";"Com Vítimas Feridas";"Plena Noite";"Decrescente";"Céu Claro";"Dupla";"Reta";"Não";4;0;1;0;2;2;1;4;-18,89121835;-48,42797405;"SPRF-MG";"DEL15-MG";"UOP01-DEL15-MG"
340112;2021-02-11;"quinta-feira";"20:15:00";"PR";163;151,2;"SANTA LUCIA";"Declive acentuado";"Tombamento";"Com Vítimas Feridas";"Plena Noite";"Decrescente";"Ignorado";"Dupla";"Curva";"Não";2;0;1;0;0;2;1;3;-25,37175054;-53,59380548;"SPRF-PR";"DEL05-PR";"UOP05-DEL05-PR"
340113;2021-02-12;"sexta-feira";"00:59:00";"MG";381;528;"BRUMADINHO";"Velocidade Incompatível";"Tombamento";"Com Vítimas Feridas";"Plena Noite";"Crescente";"Chuva";"Dupla";"Curva";"Não";2;0;1;0;0;12;1;13;-20,16368096;-44,36025002;"SPRF-MG";"DEL04-MG";"UOP03-DEL04-MG"
340115;2021-02-11;"quinta-feira";"19:35:00";"RS";285;569;"SAO LUIZ GONZAGA";"Acessar a via sem observar a presença dos outros veículos";"Colisão transversal";"Com Vítimas Feridas";"Plena Noite";"Crescente";"Céu Claro";"Simples";"Interseção de Vias";"Não";3;0;2;0;1;0;2;2;-28,413052;-54,985699;"SPRF-RS";"DEL12-RS";"UOP01-DEL12-RS"
340116;2021-02-11;"quinta-feira";"23:50:00";"SC";101;24;"JOINVILLE";"Ingestão de álcool pelo condutor";"Colisão lateral mesmo sentido";"Com Vítimas Feridas";"Plena Noite";"Decrescente";"Garoa/Chuvisco";"Dupla";"Reta";"Sim";3;0;0;1;1;1;1;3;-26,17483309;-48,90767978;"SPRF-SC";"DEL03-SC";"UOP01-DEL03-SC"
340119;2021-02-12;"sexta-feira";"02:20:00";"SP";116;183,5;"SANTA ISABEL";"Velocidade Incompatível";"Colisão traseira";"Sem Vítimas";"Plena Noite";"Crescente";"Garoa/Chuvisco";"Dupla";"Reta";"Não";3;0;0;0;2;1;0;3;-23,34505765;-46,16213519;"SPRF-SP";"DEL01-SP";"UOP01-DEL01-SP"
340121;2021-02-12;"sexta-feira";"02:15:00";"SP";116;117,1;"TAUBATE";"Manobra de mudança de faixa";"Colisão traseira";"Sem Vítimas";"Plena Noite";"Decrescente";"Nublado";"Dupla";"Reta";"Sim";2;0;0;0;2;0;0;2;-23,0582298;-45,6176951;"SPRF-SP";"DEL02-SP";"UOP02-DEL02-SP"
340126;2021-02-12;"sexta-feira";"04:19:00";"RN";226;175,2;"CURRAIS NOVOS";"Reação tardia ou ineficiente do condutor";"Colisão transversal";"Com Vítimas Fatais";"Plena Noite";"Crescente";"Céu Claro";"Simples";"Curva";"Sim";3;2;0;0;0;1;0;2;-6,257745;-36,510166;"SPRF-RN";"DEL03-RN";"UOP02-DEL03-RN"
340127;2021-02-12;"sexta-feira";"04:00:00";"ES";101;269;"SERRA";"Reação tardia ou ineficiente do condutor";"Colisão transversal";"Com Vítimas Fatais";"Amanhecer";"Crescente";"Nublado";"Múltipla";"Interseção de Vias";"Não";3;1;0;0;1;2;0;4;-20,21740496;-40,26990578;"SPRF-ES";"DEL02-ES";"UOP01-DEL02-ES"
340130;2021-02-12;"sexta-feira";"04:40:00";"GO";60;128;"GOIANAPOLIS";"Chuva";"Capotamento";"Sem Vítimas";"Plena Noite";"Crescente";"Chuva";"Dupla";"Reta";"Não";1;0;0;0;1;0;0;1;-16,5498;-49,1518;"SPRF-GO";"DEL01-GO";"UOP01-DEL01-GO"