"id";"data_inversa";"dia_semana";"horario";"uf";"br";"km";"municipio";"causa_acidente";"tipo_acidente";"classificacao_acidente";"fase_dia";"sentido_via";"condicao_metereologica";"tipo_pista";"tracado_via";"uso_solo";"pessoas";"mortos";"feridos_leves";"feridos_graves";"ilesos";"ignorados";"feridos";"veiculos";"latitude";"longitude";"regional";"delegacia";"uop"
340132;2021-02-12;"sexta-feira";"02:35:00";"ES";101;340,9;"GUARAPARI";"Ultrapassagem Indevida";"Colisão lateral";"Com Vítimas Feridas";"Plena Noite";"Decrescente";"Céu Claro";"Simples";"Aclive";"Não";5;0;1;0;2;3;1;6;-20,64704932;-40,56667574;"SPRF-ES";"DEL03-ES";"UOP01-DEL03-ES"
340133;2021-02-12;"sexta-feira";"05:45:00";"SC";101;209;"SAO JOSE";"Ingestão de álcool pelo condutor";"Colisão traseira";"Sem Vítimas";"Amanhecer";"Crescente";"Chuva";"Múltipla";"Reta";"Sim";4;0;0;0;4;0;0;4;-27,61000542;-48,63895057;"SPRF-SC";"DEL01-SC";"UOP01-DEL01-SC"
340142;2021-02-11;"quinta-feira";"17:20:00";"MG";267;77,1;"JUIZ DE FORA";"Velocidade Incompatível";"Saída de leito carroçável";"Com Vítimas Feridas";"Pleno dia";"Decrescente";"Chuva";"Simples";"Reta";"Não";2;0;1;0;0;1;1;2;-21,75169373;-43,19078013;"SPRF-MG";"DEL05-MG";"UOP01-DEL05-MG"
340144;2021-02-12;"sexta-feira";"07:30:00";"RJ";116;184,4;"NOVA IGUACU";"Manobra de mudança de faixa";"Tombamento";"Com Vítimas Fatais";"Pleno dia";"Decrescente";"Céu Claro";"Múltipla";"Reta";"Sim";3;1;0;1;1;0;1;2;-22,74647215;-43,44594311;"SPRF-RJ";"DEL01-RJ";"UOP02-DEL01-RJ"
340149;2021-02-12;"sexta-feira";"07:00:00";"MT";364;309,6;"JACIARA";"Ausência de reação do condutor";"Colisão com objeto";"Com Vítimas Feridas";"Pleno dia";"Crescente";"Chuva";"Dupla";"Reta";"Não";3;0;1;0;1;2;1;4;-15,81682288;-55,22982198;"SPRF-MT";"DEL05-MT";"UOP02-DEL05-MT"
340153;2021-02-12;"sexta-feira";"02:10:00";"GO";153;604,8;"MORRINHOS";"Chuva";"Saída de leito carroçável";"Com Vítimas Feridas";"Plena Noite";"Decrescente";"Chuva";"Dupla";"Reta";"Não";2;0;2;0;0;0;2;1;-17,5862;-49,1944;"SPRF-GO";"DEL03-GO";"UOP01-DEL03-GO"
340157;2021-01-19;"terça-feira";"12:20:00";"PR";369;94,5;"CORNELIO PROCOPIO";"Manobra de mudança de faixa";"Colisão lateral";"Com Vítimas Feridas";"Pleno dia";"Decrescente";"Nublado";"Dupla";"Reta";"Não";5;0;3;0;2;0;3;2;-23,2178395;-50,6691615;"SPRF-PR";"DEL07-PR";"UOP01-DEL07-PR"
340158;2021-02-12;"sexta-feira";"07:45:00";"SC";470;140,2;"RIO DO SUL";"Ultrapassagem Indevida";"Tombamento";"Com Vítimas Fatais";"Pleno dia";"Decrescente";"Nublado";"Simples";"Reta";"Sim";4;1;0;0;1;2;0;4;-27,20458344;-49,63787198;"SPRF-SC";"DEL04-SC";"UOP02-DEL04-SC"
340166;2021-02-12;"sexta-feira";"10:10:00";"SC";101;216,6;"PALHOCA";"Reação tardia ou ineficiente do condutor";"Colisão traseira";"Com Vítimas Feridas";"Pleno dia";"Decrescente";"Nublado";"Múltipla";"Reta";"Sim";3;0;2;0;1;0;2;2;-27,65981409;-48,67747798;"SPRF-SC";"DEL01-SC";"UOP02-DEL01-SC"
340169;2021-02-12;"sexta-feira";"09:50:00";"MG";50;198;"UBERABA";"Pedestre andava na pista";"Atropelamento de Pedestre";"Com Vítimas Feridas";"Pleno dia";"Decrescente";"Nublado";"Dupla";"Reta";"Não";2;0;1;0;0;1;1;2;-19,91852802;-47,82724402;"SPRF-MG";"DEL13-MG";"UOP01-DEL13-MG"
340173;2021-02-12;"sexta-feira";"08:50:00";"PR";369;158,6;"CAMBE";"Manobra de mudança de faixa";"Colisão lateral";"Com Vítimas Feridas";"Pleno dia";"Crescente";"Céu Claro";"Dupla";"Aclive";"Sim";2;0;1;0;1;0;1;2;-23,2849;-51,2402;"SPRF-PR";"DEL07-PR";"UOP01-DEL07-PR"
340183;2021-02-12;"sexta-feira";"10:30:00";"PR";116;102;"SAO JOSE DOS PINHAIS";"Condutor deixou de manter distância do veículo da frente";"Colisão com objeto";"Sem Vítimas";"Pleno dia";"Crescente";"Céu Claro";"Dupla";"Reta";"Não";1;0;0;0;1;0;0;1;-25,550639;-49,15025;"SPRF-PR";"DEL01-PR";"UOP01-DEL01-PR"
340184;2021-02-12;"sexta-feira";"03:30:00";"MG";251;405,7;"GRAO MOGOL";"Reação tardia ou ineficiente do condutor";"Colisão com objeto";"Sem Vítimas";"Plena Noite";"Crescente";"Nublado";"Simples";"Declive;Reta;Ponte";"Não";1;0;0;0;1;0;0;1;-16,26065115;-42,95698091;"SPRF-MG";"DEL12-MG";"UOP01-DEL12-MG"
340200;2021-02-12;"sexta-feira";"13:00:00";"SE";101;71,8;"MARUIM";"Reação tardia ou ineficiente do condutor";"Colisão traseira";"Com Vítimas Feridas";"Pleno dia";"Crescente";"Sol";"Dupla";"Reta";"Não";5;0;3;0;0;3;3;4;-10,74264798;-37,09334602;"SPRF-SE";"DEL01-SE";"UOP01-DEL01-SE"
340208;2021-02-12;"sexta-feira";"14:40:00";"GO";20;120;"FLORES DE GOIAS";"Demais falhas mecânicas ou elétricas";"Colisão lateral";"Sem Vítimas";"Pleno dia";"Decrescente";"Chuva";"Simples";"Reta";"Não";3;0;0;0;2;2;0;4;-14,870668;-46,827091;"SPRF-DF";"DEL02-DF";"UOP03-DEL02-DF"
340211;2021-01-30;"sábado";"11:10:00";"PA";10;142,6;"PARAGOMINAS";"Manobra de mudança de faixa";"Tombamento";"Com Vítimas Feridas";"Pleno dia";"Crescente";"Nublado";"Simples";"Reta";"Sim";2;0;1;0;0;1;1;2;-3,196254;-47,48449302;"SPRF-PA";"DEL02-PA";"UOP01-DEL02-PA"
340214;2021-02-12;"sexta-feira";"14:20:00";"PE";101;41,1;"IGARASSU";"Acostamento em desnível";"Tombamento";"Com Vítimas Feridas";"Pleno dia";"Crescente";"Nublado";"Dupla";"Reta";"Sim";1;0;1;0;0;0;1;1;-7,83038346;-34,91426785;"SPRF-PE";"DEL01-PE";"UOP02-DEL01-PE"
340217;2021-02-12;"sexta-feira";"14:35:00";"PB";230;70;"SOBRADO";"Condutor deixou de manter distância do veículo da frente";"Engavetamento";"Sem Vítimas";"Pleno dia";"Decrescente";"Céu Claro";"Dupla";"Reta";"Não";3;0;0;0;3;0;0;3;-7,1919;-35,2261;"SPRF-PB";"DEL01-PB";"UOP03-DEL01-PB"
340219;2021-02-12;"sexta-feira";"14:18:00";"SC";101;79,8;"ARAQUARI";"Acessar a via sem observar a presença dos outros veículos";"Colisão transversal";"Com Vítimas Feridas";"Pleno dia";"Decrescente";"Chuva";"Dupla";"Curva";"Não";5;0;3;0;1;1;3;3;-26,58559601;-48,72192112;"SPRF-SC";"DEL03-SC";"UOP02-DEL03-SC"
340220;2021-02-12;"sexta-feira";"07:15:00";"BA";116;595,8;"IRAJUBA";"Velocidade Incompatível";"Tombamento";"Com Vítimas Feridas";"Pleno dia";"Crescente";"Céu Claro";"Simples";"Curva";"Não";1;0;1;0;0;0;1;1;-13,17351892;-39,99933014;"SPRF-BA";"DEL03-BA";"UOP02-DEL03-BA"
340221;2021-02-12;"sexta-feira";"15:05:00";"PE";428;186;"PETROLINA";"Acessar a via sem observar a presença dos outros veículos";"Colisão transversal";"Sem Vítimas";"Pleno dia";"Decrescente";"Céu Claro";"Simples";"Rotatória";"Sim";3;0;0;0;2;1;0;3;-9,34807826;-40,47441248;"SPRF-PE";"DEL06-PE";"UOP01-DEL06-PE"
340226;2021-02-12;"sexta-feira";"15:50:00";"RJ";116;175;"NOVA IGUACU";"Reação tardia ou ineficiente do condutor";"Colisão lateral mesmo sentido";"Com Vítimas Feridas";"Pleno dia";"Crescente";"Nublado";"Múltipla";"Reta";"Sim";4;0;1;0;3;0;1;2;-22,76324554;-43,42090175;"SPRF-RJ";"DEL01-RJ";"UOP02-DEL01-RJ"
340234;2021-01-26;"terça-feira";"10:15:00";"RJ";116;163;"RIO DE JANEIRO";"Ausência de sinalização";"Colisão com objeto";"Sem Vítimas";"Pleno dia";"Decrescente";"Céu Claro";"Simples";"Reta";"Sim";1;0;0;0;1;0;0;1;-22,802729;-43,290424;"SPRF-RJ";"DEL01-RJ";"UOP01-DEL01-RJ"
340238;2021-02-12;"sexta-feira";"16:30:00";"PR";376;230;"APUCARANA";"Velocidade Incompatível";"Tombamento";"Com Vítimas Feridas";"Pleno dia";"Decrescente";"Céu Claro";"Dupla";"Curva";"Não";2;0;1;0;0;1;1;2;-23,566952;-51,520935;"SPRF-PR";"DEL07-PR";"UOP03-DEL07-PR"
340244;2021-02-12;"sexta-feira";"17:00:00";"MG";365;706;"MONTE ALEGRE DE MINAS";"Reação tardia ou ineficiente do condutor";"Colisão traseira";"Com Vítimas Feridas";"Pleno dia";"Crescente";"Garoa/Chuvisco";"Dupla";"Declive";"Não";4;0;2;0;1;1;2;3;-18,87801632;-49,05717373;"SPRF-MG";"DEL15-MG";"UOP03-DEL15-MG"
340245;2021-02-12;"sexta-feira";"15:30:00";"GO";60;95;"ANAPOLIS";"Reação tardia ou ineficiente do condutor";"Saída de leito carroçável";"Com Vítimas Feridas";"Pleno dia";"Decrescente";"Chuva";"Dupla";"Reta";"Sim";2;0;1;1;0;0;2;1;-16,3679;-48,939;"SPRF-GO";"DEL02-GO";"UOP01-DEL02-GO"
340251;2021-02-12;"sexta-feira";"17:30:00";"SC";101;406;"ARARANGUA";"Manobra de mudança de faixa";"Colisão transversal";"Com Vítimas Feridas";"Pleno dia";"Decrescente";"Nublado";"Dupla";"Reta";"Não";5;0;3;0;2;0;3;2;-28,89284011;-49,46880088;"SPRF-SC";"DEL02-SC";"UOP02-DEL02-SC"
340257;2021-02-12;"sexta-feira";"17:54:00";"SP";116;563;"BARRA DO TURVO";"Velocidade Incompatível";"Saída de leito carroçável";"Sem Vítimas";"Anoitecer";"Crescente";"Chuva";"Dupla";"Reta";"Não";2;0;0;0;1;1;0;2;-25,02939642;-48,5286439;"SPRF-SP";"DEL05-SP";"UOP02-DEL05-SP"
340263;2021-02-12;"sexta-feira";"16:20:00";"ES";101;355;"ANCHIETA";"Desrespeitar a preferência no cruzamento";"Colisão transversal";"Com Vítimas Feridas";"Pleno dia";"Crescente";"Nublado";"Simples";"Interseção de Vias";"Não";3;0;0;1;1;2;1;4;-20,68854312;-40,67978692;"SPRF-ES";"DEL03-ES";"UOP01-DEL03-ES"
340280;2021-01-13;"quarta-feira";"10:00:00";"MT";364;206,8;"RONDONOPOLIS";"Condutor deixou de manter distância do veículo da frente";"Colisão traseira";"Com Vítimas Feridas";"Pleno dia";"Crescente";"Céu Claro";"Dupla";"Reta";"Não";2;0;1;0;1;0;1;2;-16,45124779;-54,66469557;"SPRF-MT";"DEL02-MT";"UOP01-DEL02-MT"
340290;2021-02-12;"sexta-feira";"16:00:00";"GO";153;296,7;"RIALMA";"Reação tardia ou ineficiente do condutor";"Saída de leito carroçável";"Com Vítimas Feridas";"Pleno dia";"Crescente";"Chuva";"Simples";"Reta";"Não";2;0;1;0;0;1;1;2;-15,255246;-49,550171;"SPRF-GO";"DEL02-GO";"UOP02-DEL02-GO"
340294;2021-02-12;"sexta-feira";"20:00:00";"GO";158;103;"PIRANHAS";"Ausência de reação do condutor";"Colisão traseira";"Com Vítimas Feridas";"Plena Noite";"Crescente";"Chuva";"Simples";"Reta";"Não";3;0;1;0;1;1;1;3;-16,51986616;-51,77656037;"SPRF-GO";"DEL04-GO";"UOP01-DEL04-GO"
340311;2021-02-12;"sexta-feira";"20:05:00";"PR";476;338,7;"PAULA FREITAS";"Transitar na contramão";"Colisão frontal";"Com Vítimas Fatais";"Plena Noite";"Decrescente";"Céu Claro";"Simples";"Reta";"Não";3;1;0;0;1;1;0;3;-26,157049;-50,883564;"SPRF-PR";"DEL02-PR";"UOP03-DEL02-PR"
340317;2021-02-12;"sexta-feira";"21:25:00";"SP";116;285;"ITAPECERICA DA SERRA";"Acessar a via sem observar a presença dos outros veículos";"Colisão lateral mesmo sentido";"Com Vítimas Feridas";"Plena Noite";"Decrescente";"Chuva";"Dupla";"Reta";"Sim";3;0;1;0;1;1;1;3;-23,70407794;-46,87249709;"SPRF-SP";"DEL04-SP";"UOP01-DEL04-SP"
340320;2021-02-12;"sexta-feira";"16:10:00";"RS";470;156;"NOVA PRATA";"Velocidade Incompatível";"Saída de leito carroçável";"Com Vítimas Feridas";"Pleno dia";"Crescente";"Chuva";"Simples";"Curva";"Não";2;0;2;0;0;0;2;1;-28,78874508;-51,61532195;"SPRF-RS";"DEL06-RS";"UOP02-DEL06-RS"
340322;2021-02-12;"sexta-feira";"20:30:00";"RJ";40;38,3;"AREAL";"Condutor Dormindo";"Saída de leito carroçável";"Com Vítimas Feridas";"Plena Noite";"Decrescente";"Céu Claro";"Simples";"Curva";"Não";2;0;1;0;0;1;1;2;-22,22751025;-43,11963242;"SPRF-RJ";"DEL05-RJ";"UOP02-DEL05-RJ"
340324;2021-02-04;"quinta-feira";"16:25:00";"MG";365;17,9;"MONTES CLAROS";"Velocidade Incompatível";"Saída de leito carroçável";"Com Vítimas Feridas";"Pleno dia";"Crescente";"Chuva";"Simples";"Reta";"Não";2;0;2;0;0;0;2;1;-16,87724015;-43,993381;"SPRF-MG";"DEL12-MG";"UOP01-DEL12-MG"
340328;2021-02-12;"sexta-feira";"20:45:00";"MT";364;541;"ROSARIO OESTE";"Acessar a via sem observar a presença dos outros veículos";"Colisão transversal";"Com Vítimas Feridas";"Plena Noite";"Decrescente";"Céu Claro";"Simples";"Reta";"Sim";3;0;0;1;1;2;1;4;-14,92009078;-56,47771528;"SPRF-MT";"DEL01-MT";"UOP01-DEL01-MT"
340343;2021-02-12;"sexta-feira";"22:00:00";"SC";470;289,7;"BRUNOPOLIS";"Desrespeitar a preferência no cruzamento";"Colisão transversal";"Com Vítimas Feridas";"Plena Noite";"Decrescente";"Garoa/Chuvisco";"Simples";"Reta";"Não";2;0;1;0;1;0;1;2;-27,33517505;-50,95973969;"SPRF-SC";"DEL07-SC";"UOP06-DEL07-SC"
340347;2021-02-13;"sábado";"00:25:00";"RS";386;284,6;"SAO JOSE DO HERVAL";"Ingestão de álcool pelo condutor";"Colisão lateral";"Com Vítimas Feridas";"Plena Noite";"Crescente";"Nevoeiro/Neblina";"Simples";"Reta";"Não";5;0;2;1;2;0;3;3;-29,050613;-52,292583;"SPRF-RS";"DEL04-RS";"UOP03-DEL04-RS"
340351;2021-02-13;"sábado";"01:10:00";"MG";381;817,6;"CAREACU";"Ausência de reação do condutor";"Colisão traseira";"Com Vítimas Feridas";"Plena Noite";"Decrescente";"Ignorado";"Dupla";"Reta";"Não";2;0;1;0;1;0;1;2;-22,09779644;-45,71786074;"SPRF-MG";"DEL16-MG";"UOP02-DEL16-MG"
340370;2021-02-13;"sábado";"05:30:00";"MG";251;442,8;"GRAO MOGOL";"Condutor Dormindo";"Saída de leito carroçável";"Com Vítimas Feridas";"Amanhecer";"Decrescente";"Céu Claro";"Simples";"Curva";"Não";3;0;2;0;1;0;2;1;-16,41288188;-43,24348411;"SPRF-MG";"DEL12-MG";"UOP01-DEL12-MG"
340371;2021-02-12;"sexta-feira";"20:20:00";"RJ";101;429;"MANGARATIBA";"Velocidade Incompatível";"Saída de leito carroçável";"Com Vítimas Feridas";"Plena Noite";"Crescente";"Chuva";"Simples";"Reta";"Não";2;0;1;0;1;0;1;2;-22,935335;-44,0004;"SPRF-RJ";"DEL03-RJ";"UOP03-DEL03-RJ"
340373;2021-02-13;"sábado";"05:50:00";"MG";146;435,1;"GUAXUPE";"Velocidade Incompatível";"Colisão frontal";"Com Vítimas Feridas";"Amanhecer";"Decrescente";"Chuva";"Simples";"Reta;Declive";"Não";2;0;1;1;0;0;2;2;-21,306398;-46,6304998;"SPRF-MG";"DEL09-MG";"UOP01-DEL09-MG"
340375;2021-02-13;"sábado";"06:40:00";"PR";376;679;"GUARATUBA";"Manobra de mudança de faixa";"Colisão lateral";"Com Vítimas Feridas";"Pleno dia";"Crescente";"Céu Claro";"Dupla";"Curva";"Não";5;0;3;0;1;1;3;3;-25,95050276;-48,90514477;"SPRF-PR";"DEL01-PR";"UOP04-DEL01-PR"
340380;2021-02-13;"sábado";"05:40:00";"RO";364;253,7;"CACOAL";"Condutor Dormindo";"Colisão lateral sentido oposto";"Com Vítimas Feridas";"Amanhecer";"Crescente";"Nevoeiro/Neblina";"Simples";"Aclive";"Não";4;0;2;0;1;1;2;2;-11,43672682;-61,58825899;"SPRF-RO";"DEL02-RO";"UOP02-DEL02-RO"
340383;2021-02-12;"sexta-feira";"23:10:00";"PI";316;360;"CAMPO GRANDE DO PIAUI";"Ingestão de álcool pelo condutor";"Colisão lateral sentido oposto";"Sem Vítimas";"Plena Noite";"Decrescente";"Céu Claro";"Simples";"Reta";"Não";3;0;0;0;1;3;0;4;-7,13338504;-41,029018;"SPRF-PI";"DEL04-PI";"UOP03-DEL04-PI"
340384;2021-02-13;"sábado";"06:40:00";"RJ";465;9;"SEROPEDICA";"Transitar na contramão";"Colisão frontal";"Sem Vítimas";"Amanhecer";"Crescente";"Garoa/Chuvisco";"Simples";"Reta";"Sim";2;0;0;0;1;1;0;2;-22,771765;-43,670528;"SPRF-RJ";"DEL01-RJ";"UOP03-DEL01-RJ"
340398;2021-02-13;"sábado";"07:00:00";"MT";163;1102;"GUARANTA DO NORTE";"Curva acentuada";"Tombamento";"Com Vítimas Feridas";"Pleno dia";"Decrescente";"Céu Claro";"Simples";"Curva";"Não";1;0;1;0;0;0;1;1;-9,78200529;-54,90867173;"SPRF-MT";"DEL06-MT";"NPF/DEL06-MT"
340408;2021-02-13;"sábado";"07:30:00";"MT";70;514;"VARZEA GRANDE";"Acessar a via sem observar a presença dos outros veículos";"Colisão transversal";"Com Vítimas Feridas";"Pleno dia";"Crescente";"Céu Claro";"Simples";"Interseção de Vias";"Não";5;0;2;0;2;2;2;4;-15,70035029;-56,04263306;"SPRF-MT";"DEL01-MT";"UOP02-DEL01-MT"
340411;2021-02-13;"sábado";"03:30:00";"RO";364;282;"PRESIDENTE MEDICI";"Pista esburacada";"Tombamento";"Com Vítimas Feridas";"Plena Noite";"Crescente";"Nublado";"Simples";"Reta";"Não";3;0;1;0;1;2;1;4;-11,37476688;-61,82168795;"SPRF-RO";"DEL02-RO";"UOP01-DEL02-RO"
340412;2021-02-13;"sábado";"08:00:00";"SC";101;434,4;"SOMBRIO";"Condutor Dormindo";"Colisão transversal";"Com Vítimas Feridas";"Pleno dia";"Decrescente";"Céu Claro";"Simples";"Reta";"Sim";2;0;1;0;1;0;1;2;-29,10098941;-49,63496447;"SPRF-SC";"DEL02-SC";"UOP02-DEL02-SC"
340431;2021-02-13;"sábado";"10:00:00";"RJ";116;228;"PIRAI";"Reação tardia ou ineficiente do condutor";"Colisão lateral";"Sem Vítimas";"Pleno dia";"Decrescente";"Nublado";"Dupla";"Curva";"Não";2;0;0;0;2;0;0;2;-22,660623;-43,82667;"SPRF-RJ";"DEL07-RJ";"UOP01-DEL07-RJ"
340432;2021-02-13;"sábado";"11:00:00";"PR";116;152;"MANDIRITUBA";"Ultrapassagem Indevida";"Colisão frontal";"Com Vítimas Fatais";"Pleno dia";"Decrescente";"Sol";"Simples";"Reta";"Não";4;2;0;0;1;2;0;4;-25,83236296;-49,33609707;"SPRF-PR";"DEL01-PR";"UOP03-DEL01-PR"
340434;2021-02-13;"sábado";"10:50:00";"MG";40;495;"ESMERALDAS";"Manobra de mudança de faixa";"Colisão traseira";"Com Vítimas Feridas";"Pleno dia";"Crescente";"Nublado";"Dupla";"Reta";"Não";2;0;1;0;1;0;1;2;-19,66258914;-44,19686822;"SPRF-MG";"DEL02-MG";"UOP01-DEL02-MG"
340449;2021-02-13;"sábado";"06:20:00";"BA";101;54,6;"ENTRE RIOS";"Falta de elemento de contenção que evite a saída do leito carroçável";"Colisão frontal";"Com Vítimas Fatais";"Pleno dia";"Decrescente";"Céu Claro";"Dupla";"Reta";"Não";4;2;0;0;1;1;0;3;-11,94448831;-38,06286486;"SPRF-BA";"DEL01-BA";"UOP04-DEL01-BA"
340460;2021-02-13;"sábado";"13:00:00";"PE";116;29,5;"SALGUEIRO";"Ultrapassagem Indevida";"Colisão lateral mesmo sentido";"Com Vítimas Fatais";"Pleno dia";"Crescente";"Céu Claro";"Simples";"Reta";"Não";3;1;0;0;1;1;0;3;-8,09500588;-39,12480354;"SPRF-PE";"DEL05-PE";"UOP01-DEL05-PE"
340480;2021-02-13;"sábado";"14:30:00";"PI";343;213;"CAPITAO DE CAMPOS";"Conversão proibida";"Colisão lateral mesmo sentido";"Com Vítimas Feridas";"Pleno dia";"Crescente";"Céu Claro";"Dupla";"Reta";"Sim";2;0;1;0;1;0;1;2;-4,454889;-41,937153;"SPRF-PI";"DEL02-PI";"UOP01-DEL02-PI"
340487;2021-02-05;"sexta-feira";"17:55:00";"MT";70;521;"VARZEA GRANDE";"Acessar a via sem observar a presença dos outros veículos";"Colisão transversal";"Com Vítimas Feridas";"Anoitecer";"Crescente";"Céu Claro";"Simples";"Reta";"Sim";2;0;1;0;1;0;1;2;-15,66636425;-56,18225096;"SPRF-MT";"DEL01-MT";"UOP02-DEL01-MT"
340489;2021-02-13;"sábado";"15:40:00";"DF";20;24;"BRASILIA";"Chuva";"Saída de leito carroçável";"Com Vítimas Feridas";"Pleno dia";"Crescente";"Chuva";"Dupla";"Interseção de Vias;Declive;Reta;Viaduto";"Não";6;0;2;0;3;1;2;2;-15,594831;-47,658615;"SPRF-DF";"DEL02-DF";"UOP01-DEL02-DF"
340493;2021-02-13;"sábado";"15:30:00";"PR";376;654;"TIJUCAS DO SUL";"Ingestão de álcool pelo condutor";"Colisão traseira";"Sem Vítimas";"Pleno dia";"Crescente";"Céu Claro";"Dupla";"Reta";"Não";3;0;0;0;2;2;0;4;-25,84325961;-49,05169114;"SPRF-PR";"DEL01-PR";"UOP04-DEL01-PR"
340501;2021-02-13;"sábado";"17:05:00";"GO";153;604,9;"MORRINHOS";"Velocidade Incompatível";"Colisão traseira";"Com Vítimas Feridas";"Pleno dia";"Decrescente";"Nublado";"Dupla";"Declive";"Não";3;0;1;0;1;2;1;4;-17,5862;-49,1944;"SPRF-GO";"DEL03-GO";"UOP01-DEL03-GO"
340508;2021-02-13;"sábado";"16:28:00";"RO";364;515;"ARIQUEMES";"Pedestre cruzava a pista fora da faixa";"Atropelamento de Pedestre";"Com Vítimas Feridas";"Pleno dia";"Crescente";"Nublado";"Simples";"Rotatória";"Sim";3;0;1;0;1;1;1;2;-9,9089522;-63,05496097;"SPRF-RO";"DEL03-RO";"UOP01-DEL03-RO"
340512;2021-02-01;"segunda-feira";"19:05:00";"MT";364;435;"VARZEA GRANDE";"Pista Escorregadia";"Colisão lateral";"Com Vítimas Feridas";"Plena Noite";"Crescente";"Chuva";"Simples";"Reta";"Não";3;0;2;1;0;0;3;2;-15,64371619;-56,20062053;"SPRF-MT";"DEL01-MT";"UOP02-DEL01-MT"
340516;2021-02-13;"sábado";"17:00:00";"PR";376;308;"ORTIGUEIRA";"Ultrapassagem Indevida";"Colisão frontal";"Com Vítimas Feridas";"Pleno dia";"Crescente";"Céu Claro";"Simples";"Em Obras;Reta";"Não";16;0;1;1;14;0;2;3;-23,955516;-51,113894;"SPRF-PR";"DEL07-PR";"UOP03-DEL07-PR"
340517;2021-01-08;"sexta-feira";"16:00:00";"AP";210;2;"MACAPA";"Transitar na contramão";"Colisão frontal";"Com Vítimas Feridas";"Pleno dia";"Crescente";"Chuva";"Múltipla";"Reta";"Sim";5;0;1;0;4;0;1;4;0,0857175;-51,08280128;"SPRF-AP";"DEL01-AP";"UOP01-DEL01-AP"
340523;2021-02-13;"sábado";"16:30:00";"MG";40;661;"CARANDAI";"Transitar na contramão";"Colisão transversal";"Com Vítimas Fatais";"Pleno dia";"Decrescente";"Nublado";"Simples";"Curva;Declive";"Não";3;1;0;0;1;1;0;3;-20,910151;-43,828835;"SPRF-MG";"DEL05-MG";"UOP02-DEL05-MG"
340528;2021-02-13;"sábado";"18:30:00";"PR";277;565,1;"CASCAVEL";"Velocidade Incompatível";"Colisão frontal";"Com Vítimas Fatais";"Pleno dia";"Decrescente";"Nublado";"Simples";"Reta";"Não";6;2;0;1;1;2;1;4;-25,04269799;-53,257231;"SPRF-PR";"DEL04-PR";"UOP01-DEL04-PR"
340535;2021-02-13;"sábado";"19:21:00";"SC";280;28,8;"ARAQUARI";"Acessar a via sem observar a presença dos outros veículos";"Colisão transversal";"Com Vítimas Feridas";"Plena Noite";"Crescente";"Nublado";"Dupla";"Reta";"Sim";3;0;1;0;2;0;1;3;-26,40955186;-48,7515521;"SPRF-SC";"DEL03-SC";"UOP03-DEL03-SC"
340537;2021-01-13;"quarta-feira";"01:47:00";"MG";251;284;"SALINAS";"Demais falhas mecânicas ou elétricas";"Incêndio";"Sem Vítimas";"Plena Noite";"Decrescente";"Ignorado";"Simples";"Reta";"Não";2;0;0;0;1;1;0;2;-16,032123;-42,107918;"SPRF-MG";"DEL11-MG";"UOP02-DEL11-MG"
340538;2021-02-13;"sábado";"10:50:00";"MG";381;888,9;"CAMBUI";"Velocidade Incompatível";"Tombamento";"Com Vítimas Feridas";"Pleno dia";"Decrescente";"Nublado";"Dupla";"Curva";"Não";2;0;1;0;0;1;1;2;-22,53266184;-46,02843289;"SPRF-MG";"DEL16-MG";"UOP03-DEL16-MG"
340552;2021-02-13;"sábado";"20:30:00";"ES";101;417,8;"CACHOEIRO DE ITAPEMIRIM";"Acessar a via sem observar a presença dos outros veículos";"Colisão lateral";"Com Vítimas Feridas";"Plena Noite";"Decrescente";"Nublado";"Simples";"Reta";"Não";4;0;0;2;1;1;2;3;-20,94689796;-41,08919209;"SPRF-ES";"DEL03-ES";"UOP02-DEL03-ES"
340557;2021-02-13;"sábado";"16:20:00";"TO";153;514,5;"PUGMIL";"Pista Escorregadia";"Colisão lateral sentido oposto";"Sem Vítimas";"Pleno dia";"Decrescente";"Chuva";"Simples";"Reta";"Não";4;0;0;0;3;2;0;4;-10,32632095;-48,88709041;"SPRF-TO";"DEL01-TO";"UOP01-DEL01-TO"
340561;2021-02-13;"sábado";"14:00:00";"MG";262;626,3;"IBIA";"Condutor Dormindo";"Saída de leito carroçável";"Sem Vítimas";"Pleno dia";"Crescente";"Nublado";"Simples";"Reta";"Não";2;0;0;0;1;3;0;4;-19,58032618;-46,42244811;"SPRF-MG";"DEL08-MG";"UOP01-DEL08-MG"
340563;2021-02-13;"sábado";"20:38:00";"BA";324;548;"AMELIA RODRIGUES";"Condutor Dormindo";"Colisão traseira";"Com Vítimas Feridas";"Plena Noite";"Decrescente";"Céu Claro";"Dupla";"Reta";"Não";2;0;1;0;1;0;1;2;-12,42569708;-38,73745605;"SPRF-BA";"DEL01-BA";"UOP03-DEL01-BA"
340565;2021-02-13;"sábado";"21:00:00";"RJ";101;295;"ITABORAI";"Ultrapassagem Indevida";"Colisão com objeto";"Com Vítimas Feridas";"Plena Noite";"Decrescente";"Chuva";"Múltipla";"Reta";"Sim";3;0;1;1;0;1;2;3;-22,766996;-42,908453;"SPRF-RJ";"DEL02-RJ";"UOP02-DEL02-RJ"
340580;2021-02-13;"sábado";"23:40:00";"SP";116;444;"REGISTRO";"Ausência de reação do condutor";"Atropelamento de Pedestre";"Com Vítimas Feridas";"Plena Noite";"Decrescente";"Ignorado";"Dupla";"Reta";"Sim";3;0;2;0;0;1;2;3;-24,49129421;-47,83614553;"SPRF-SP";"DEL05-SP";"UOP01-DEL05-SP"