"id";"data_inversa";"dia_semana";"horario";"uf";"br";"km";"municipio";"causa_acidente";"tipo_acidente";"classificacao_acidente";"fase_dia";"sentido_via";"condicao_metereologica";"tipo_pista";"tracado_via";"uso_solo";"pessoas";"mortos";"feridos_leves";"feridos_graves";"ilesos";"ignorados";"feridos";"veiculos";"latitude";"longitude";"regional";"delegacia";"uop"
340590;2021-02-13;"sábado";"22:30:00";"SC";282;474,5;"VARGEAO";"Ingestão de álcool pelo condutor";"Colisão lateral";"Sem Vítimas";"Plena Noite";"Crescente";"Céu Claro";"Simples";"Reta";"Não";2;0;0;0;2;0;0;2;-26,874346;-52,155285;"SPRF-SC";"DEL07-SC";"UOP01-DEL07-SC"
340595;2021-02-13;"sábado";"22:35:00";"SC";282;474,5;"VARGEAO";"Ingestão de álcool pelo condutor";"Colisão frontal";"Com Vítimas Feridas";"Plena Noite";"Decrescente";"Céu Claro";"Simples";"Reta";"Não";3;0;1;0;1;1;1;3;-26,874346;-52,155285;"SPRF-SC";"DEL07-SC";"UOP01-DEL07-SC"
340598;2021-02-13;"sábado";"23:00:00";"RO";364;16;"VILHENA";"Velocidade Incompatível";"Colisão transversal";"Com Vítimas Feridas";"Plena Noite";"Decrescente";"Céu Claro";"Dupla";"Reta";"Sim";3;0;1;0;1;2;1;4;-12,73437947;-60,15696986;"SPRF-RO";"DEL04-RO";"UOP01-DEL04-RO"
340611;2021-02-13;"sábado";"22:20:00";"BA";242;661;"MUQUEM DE SAO FRANCISCO";"Condutor deixou de manter distância do veículo da frente";"Colisão traseira";"Com Vítimas Feridas";"Plena Noite";"Crescente";"Céu Claro";"Simples";"Reta";"Não";3;0;1;0;1;2;1;4;-12,21923339;-43,85604858;"SPRF-BA";"DEL06-BA";"UOP03-DEL06-BA"
340614;2021-02-14;"domingo";"00:05:00";"MG";116;222,1;"CATUJI";"Velocidade Incompatível";"Tombamento";"Com Vítimas Feridas";"Plena Noite";"Decrescente";"Céu Claro";"Simples";"Declive;Curva";"Não";2;0;1;0;0;1;1;2;-17,42343294;-41,51418802;"SPRF-MG";"DEL11-MG";"UOP01-DEL11-MG"
340615;2021-02-14;"domingo";"04:35:00";"GO";414;421,9;"ANAPOLIS";"Transitar na contramão";"Colisão frontal";"Com Vítimas Fatais";"Amanhecer";"Crescente";"Céu Claro";"Simples";"Declive;Reta";"Não";3;1;0;0;1;2;0;4;-16,13214805;-48,89319713;"SPRF-GO";"DEL02-GO";"UOP01-DEL02-GO"
340626;2021-02-14;"domingo";"06:15:00";"ES";262;134,9;"BREJETUBA";"Velocidade Incompatível";"Saída de leito carroçável";"Com Vítimas Fatais";"Amanhecer";"Decrescente";"Céu Claro";"Simples";"Curva";"Não";1;1;0;0;0;0;0;1;-20,24487994;-41,32934015;"SPRF-ES";"DEL01-ES";"UOP02-DEL01-ES"
340627;2021-02-14;"domingo";"06:30:00";"ES";101;235,5;"SERRA";"Velocidade Incompatível";"Tombamento";"Com Vítimas Feridas";"Pleno dia";"Decrescente";"Céu Claro";"Simples";"Curva";"Não";2;0;1;0;0;1;1;2;-19,97811606;-40,40780888;"SPRF-ES";"DEL02-ES";"UOP01-DEL02-ES"
340645;2021-02-14;"domingo";"09:30:00";"MG";381;263;"CORONEL FABRICIANO";"Ultrapassagem Indevida";"Colisão frontal";"Com Vítimas Feridas";"Pleno dia";"Decrescente";"Nublado";"Simples";"Reta;Declive";"Não";3;0;0;1;1;1;1;3;-19,52523097;-42,645528;"SPRF-MG";"DEL03-MG";"UOP02-DEL03-MG"
340651;2021-02-14;"domingo";"09:30:00";"MT";70;513,9;"VARZEA GRANDE";"Semáforo com defeito";"Colisão transversal";"Com Vítimas Feridas";"Pleno dia";"Decrescente";"Nublado";"Simples";"Interseção de Vias";"Sim";3;0;1;0;1;3;1;5;-15,70607222;-56,13236904;"SPRF-MT";"DEL01-MT";"UOP02-DEL01-MT"
340652;2021-02-14;"domingo";"11:10:00";"SP";381;68,1;"MAIRIPORA";"Ausência de reação do condutor";"Colisão lateral";"Com Vítimas Feridas";"Pleno dia";"Crescente";"Sol";"Dupla";"Curva";"Sim";2;0;1;0;1;0;1;2;-23,34043796;-46,57433588;"SPRF-SP";"DEL03-SP";"UOP01-DEL03-SP"
340668;2021-02-14;"domingo";"12:10:00";"MG";251;314;"SALINAS";"Ausência de reação do condutor";"Tombamento";"Com Vítimas Feridas";"Pleno dia";"Crescente";"Céu Claro";"Simples";"Rotatória";"Sim";2;0;1;0;0;1;1;2;-16,17461813;-42,33191425;"SPRF-MG";"DEL11-MG";"UOP02-DEL11-MG"
340676;2021-02-14;"domingo";"12:00:00";"MT";70;517;"VARZEA GRANDE";"Ultrapassagem Indevida";"Colisão frontal";"Com Vítimas Fatais";"Pleno dia";"Crescente";"Nublado";"Simples";"Curva";"Sim";3;1;0;0;1;3;0;5;-15,70030381;-56,16370046;"SPRF-MT";"DEL01-MT";"UOP02-DEL01-MT"
340678;2021-02-14;"domingo";"11:15:00";"MS";163;677,8;"RIO VERDE DE MATO GROSSO";"Chuva";"Tombamento";"Com Vítimas Feridas";"Pleno dia";"Crescente";"Chuva";"Simples";"Aclive";"Não";3;0;2;0;0;1;2;2;-18,95;-54,830544;"SPRF-MS";"DEL06-MS";"UOP02-DEL06-MS"
340680;2021-02-14;"domingo";"10:50:00";"SE";101;105;"SAO CRISTOVAO";"Frear bruscamente";"Colisão traseira";"Com Vítimas Feridas";"Pleno dia";"Decrescente";"Céu Claro";"Dupla";"Reta";"Não";3;0;1;0;1;2;1;4;-10,95817959;-37,23594898;"SPRF-SE";"DEL02-SE";"UOP01-DEL02-SE"
340682;2021-02-14;"domingo";"12:30:00";"PR";376;665;"GUARATUBA";"Velocidade Incompatível";"Colisão traseira";"Com Vítimas Fatais";"Pleno dia";"Crescente";"Céu Claro";"Simples";"Curva";"Não";4;1;0;0;2;2;0;5;-25,85455838;-48,95670808;"SPRF-PR";"DEL01-PR";"UOP04-DEL01-PR"
340698;2021-02-14;"domingo";"13:00:00";"MA";10;219;"GOVERNADOR EDISON LOBAO";"Condutor deixou de manter distância do veículo da frente";"Colisão lateral mesmo sentido";"Com Vítimas Feridas";"Pleno dia";"Decrescente";"Céu Claro";"Simples";"Reta";"Não";5;0;1;0;3;4;1;7;-5,799889;-47,35902;"SPRF-MA";"DEL04-MA";"UOP01-DEL04-MA"
340701;2021-02-14;"domingo";"15:37:00";"GO";364;229;"JATAI";"Condutor deixou de manter distância do veículo da frente";"Colisão traseira";"Sem Vítimas";"Pleno dia";"Crescente";"Nublado";"Simples";"Reta;Aclive";"Não";3;0;0;0;2;4;0;6;-17,81437744;-51,98518038;"SPRF-GO";"DEL05-GO";"UOP01-DEL05-GO"
340703;2021-02-14;"domingo";"15:55:00";"GO";60;4,9;"SANTO ANTONIO DO DESCOBERTO";"Ausência de reação do condutor";"Colisão traseira";"Sem Vítimas";"Pleno dia";"Crescente";"Chuva";"Dupla";"Curva";"Não";4;0;0;0;3;1;0;3;-15,98410378;-48,21453094;"SPRF-DF";"DEL03-DF";"UOP01-DEL03-DF"
340717;2021-02-13;"sábado";"04:00:00";"BA";101;751;"ITABELA";"Demais falhas mecânicas ou elétricas";"Colisão lateral sentido oposto";"Com Vítimas Feridas";"Plena Noite";"Crescente";"Nevoeiro/Neblina";"Simples";"Curva;Ponte;Declive";"Não";3;0;1;0;1;2;1;4;-16,61752295;-39,5416832;"SPRF-BA";"DEL09-BA";"UOP01-DEL09-BA"
340719;2021-02-14;"domingo";"16:40:00";"BA";242;685;"CRISTOPOLIS";"Condutor deixou de manter distância do veículo da frente";"Colisão traseira";"Com Vítimas Feridas";"Pleno dia";"Crescente";"Céu Claro";"Simples";"Reta";"Sim";5;0;0;2;2;1;2;3;-12,22299;-44,067447;"SPRF-BA";"DEL06-BA";"UOP03-DEL06-BA"
340727;2021-02-14;"domingo";"15:25:00";"RJ";393;113;"SAPUCAIA";"Falta de acostamento";"Colisão traseira";"Sem Vítimas";"Pleno dia";"Crescente";"Céu Claro";"Simples";"Reta";"Não";3;0;0;0;2;2;0;4;-21,90350418;-42,72841194;"SPRF-RJ";"DEL05-RJ";"UOP01-DEL05-RJ"
340730;2021-02-14;"domingo";"15:40:00";"MG";354;763,1;"ITAMONTE";"Ultrapassagem Indevida";"Colisão lateral mesmo sentido";"Com Vítimas Feridas";"Pleno dia";"Crescente";"Céu Claro";"Simples";"Curva;Aclive";"Não";3;0;1;0;1;1;1;3;-22,34102977;-44,81656705;"SPRF-MG";"DEL17-MG";"UOP01-DEL17-MG"
340731;2021-02-14;"domingo";"15:11:00";"TO";226;42,7;"DARCINOPOLIS";"Afundamento ou ondulação no pavimento";"Saída de leito carroçável";"Com Vítimas Feridas";"Pleno dia";"Decrescente";"Nublado";"Simples";"Reta";"Não";2;0;1;0;0;1;1;2;-6,728148;-47,76828;"SPRF-TO";"DEL02-TO";"UOP03-DEL02-TO"
340743;2021-02-10;"quarta-feira";"15:55:00";"ES";101;266;"SERRA";"Condutor deixou de manter distância do veículo da frente";"Colisão traseira";"Com Vítimas Feridas";"Pleno dia";"Crescente";"Sol";"Dupla";"Interseção de Vias";"Sim";2;0;1;0;1;0;1;2;-20,190199;-40,26828891;"SPRF-ES";"DEL02-ES";"UOP01-DEL02-ES"
340760;2021-02-14;"domingo";"17:30:00";"AP";156;185;"MAZAGAO";"Acumulo de areia ou detritos sobre o pavimento";"Colisão traseira";"Com Vítimas Feridas";"Pleno dia";"Decrescente";"Chuva";"Simples";"Reta";"Não";3;0;1;0;1;1;1;3;0,004149;-51,656019;"SPRF-AP";"DEL01-AP";"UOP01-DEL01-AP"
340761;2021-02-14;"domingo";"17:00:00";"TO";153;403;"MIRANORTE";"Manobra de mudança de faixa";"Tombamento";"Com Vítimas Feridas";"Pleno dia";"Crescente";"Céu Claro";"Simples";"Reta";"Não";3;0;0;1;0;2;1;3;-9,43660805;-48,57488474;"SPRF-TO";"DEL02-TO";"UOP02-DEL02-TO"
340771;2021-02-14;"domingo";"21:10:00";"BA";101;885;"IBIRAPUA";"Curva acentuada";"Colisão frontal";"Com Vítimas Feridas";"Plena Noite";"Crescente";"Céu Claro";"Simples";"Curva";"Não";3;0;1;1;1;0;2;2;-17,80731692;-39,78310431;"SPRF-BA";"DEL09-BA";"UOP02-DEL09-BA"
340775;2021-02-14;"domingo";"20:30:00";"PE";232;202;"PESQUEIRA";"Acessar a via sem observar a presença dos outros veículos";"Colisão traseira";"Com Vítimas Fatais";"Plena Noite";"Crescente";"Nublado";"Simples";"Reta";"Não";5;1;0;0;2;2;0;4;-8,37139106;-36,62566;"SPRF-PE";"DEL02-PE";"UOP03-DEL02-PE"
340777;2021-02-14;"domingo";"21:10:00";"PR";376;673;"GUARATUBA";"Ausência de reação do condutor";"Colisão traseira";"Com Vítimas Feridas";"Plena Noite";"Crescente";"Nublado";"Dupla";"Reta";"Não";10;0;1;2;6;1;3;9;-25,9126011;-48,92018795;"SPRF-PR";"DEL01-PR";"UOP04-DEL01-PR"
340780;2021-02-14;"domingo";"21:30:00";"SP";381;81;"SAO PAULO";"Manobra de mudança de faixa";"Colisão lateral mesmo sentido";"Com Vítimas Feridas";"Plena Noite";"Crescente";"Céu Claro";"Dupla";"Curva";"Sim";4;0;2;1;1;0;3;2;-23,41704481;-46,58022057;"SPRF-SP";"DEL03-SP";"UOP01-DEL03-SP"
340784;2021-02-14;"domingo";"19:15:00";"SE";101;203;"CRISTINAPOLIS";"Reação tardia ou ineficiente do condutor";"Saída de leito carroçável";"Sem Vítimas";"Plena Noite";"Crescente";"Céu Claro";"Simples";"Declive";"Não";2;0;0;0;1;1;0;2;-11,50296897;-37,78518904;"SPRF-SE";"DEL02-SE";"UOP03-DEL02-SE"
340791;2021-02-14;"domingo";"21:00:00";"SC";470;29,5;"GASPAR";"Ausência de reação do condutor";"Saída de leito carroçável";"Sem Vítimas";"Plena Noite";"Decrescente";"Garoa/Chuvisco";"Dupla";"Reta";"Não";1;0;0;0;1;0;0;1;-26,89362;-48,903973;"SPRF-SC";"DEL04-SC";"UOP01-DEL04-SC"
340806;2021-02-14;"domingo";"22:45:00";"GO";40;32;"LUZIANIA";"Transitar na contramão";"Colisão frontal";"Com Vítimas Feridas";"Plena Noite";"Decrescente";"Garoa/Chuvisco";"Dupla";"Reta";"Sim";6;0;1;3;1;2;4;4;-16,291947;-47,852139;"SPRF-DF";"DEL01-DF";"UOP01-DEL01-DF"
340808;2021-02-14;"domingo";"19:50:00";"MS";163;432;"CAMPO GRANDE";"Pista Escorregadia";"Colisão lateral";"Sem Vítimas";"Plena Noite";"Crescente";"Chuva";"Dupla";"Reta";"Não";2;0;0;0;2;0;0;2;-20,88567338;-54,50415313;"SPRF-MS";"DEL01-MS";"UOP01-DEL01-MS"
340811;2021-02-14;"domingo";"23:40:00";"RS";290;142;"ELDORADO DO SUL";"Acessar a via sem observar a presença dos outros veículos";"Colisão transversal";"Com Vítimas Feridas";"Plena Noite";"Crescente";"Céu Claro";"Simples";"Reta";"Sim";2;0;1;0;1;0;1;2;-30,089678;-51,628311;"SPRF-RS";"DEL02-RS";"UOP01-DEL02-RS"
340815;2021-02-14;"domingo";"20:50:00";"PR";469;15,3;"FOZ DO IGUACU";"Velocidade Incompatível";"Colisão frontal";"Com Vítimas Fatais";"Plena Noite";"Crescente";"Céu Claro";"Simples";"Curva;Declive";"Sim";8;1;0;1;5;1;1;3;-25,5822885;-54,52676654;"SPRF-PR";"DEL05-PR";"UOP04-DEL05-PR"
340828;2021-02-15;"segunda-feira";"00:00:00";"MG";153;20,4;"CENTRALINA";"Ausência de reação do condutor";"Colisão traseira";"Sem Vítimas";"Plena Noite";"Decrescente";"Nublado";"Dupla";"Reta";"Sim";3;0;0;0;1;3;0;4;-18,596883;-49,19243;"SPRF-MG";"DEL15-MG";"UOP03-DEL15-MG"
340830;2021-02-14;"domingo";"23:30:00";"BA";116;499;"SANTA TERESINHA";"Ausência de reação do condutor";"Saída de leito carroçável";"Com Vítimas Feridas";"Plena Noite";"Decrescente";"Céu Claro";"Simples";"Reta";"Não";2;0;1;0;0;1;1;2;-12,5856623;-39,52239348;"SPRF-BA";"DEL03-BA";"UOP02-DEL03-BA"
340831;2021-02-15;"segunda-feira";"01:50:00";"CE";222;236,1;"SOBRAL";"Reação tardia ou ineficiente do condutor";"Tombamento";"Com Vítimas Feridas";"Plena Noite";"Decrescente";"Céu Claro";"Simples";"Reta";"Não";1;0;1;0;0;0;1;1;-3,71550187;-40,44425006;"SPRF-CE";"DEL04-CE";"UOP01-DEL04-CE"
340854;2021-02-15;"segunda-feira";"07:35:00";"PB";230;160,4;"CAMPINA GRANDE";"Desrespeitar a preferência no cruzamento";"Colisão transversal";"Com Vítimas Feridas";"Pleno dia";"Crescente";"Céu Claro";"Simples";"Retorno Regulamentado";"Sim";2;0;1;0;1;0;1;2;-7,2436;-35,9375;"SPRF-PB";"DEL02-PB";"UOP01-DEL02-PB"
340861;2021-02-15;"segunda-feira";"07:00:00";"CE";222;20,8;"CAUCAIA";"Ingestão de álcool pelo condutor";"Tombamento";"Sem Vítimas";"Pleno dia";"Decrescente";"Garoa/Chuvisco";"Simples";"Curva";"Não";2;0;0;0;1;1;0;2;-3,7411838;-38,7350389;"SPRF-CE";"DEL01-CE";"UOP01-DEL01-CE"
340863;2021-02-15;"segunda-feira";"08:25:00";"SC";101;136,5;"BALNEARIO CAMBORIU";"Condutor Dormindo";"Colisão lateral mesmo sentido";"Com Vítimas Feridas";"Pleno dia";"Crescente";"Céu Claro";"Múltipla";"Reta";"Sim";3;0;1;0;2;0;1;2;-27,01264341;-48,61364365;"SPRF-SC";"DEL04-SC";"UOP03-DEL04-SC"
340865;2021-02-14;"domingo";"21:40:00";"PI";135;246;"ALVORADA DO GURGUEIA";"Transitar na contramão";"Colisão frontal";"Com Vítimas Fatais";"Plena Noite";"Crescente";"Céu Claro";"Simples";"Curva";"Não";3;1;0;0;1;1;0;3;-8,33973692;-43,82773524;"SPRF-PI";"DEL03-PI";"UOP02-DEL03-PI"
340868;2021-02-15;"segunda-feira";"09:45:00";"GO";153;509;"APARECIDA DE GOIANIA";"Acessar a via sem observar a presença dos outros veículos";"Colisão lateral mesmo sentido";"Sem Vítimas";"Pleno dia";"Crescente";"Céu Claro";"Simples";"Curva";"Sim";2;0;0;0;2;0;0;2;-16,7888;-49,2379;"SPRF-GO";"DEL01-GO";"UOP03-DEL01-GO"
340871;2021-02-15;"segunda-feira";"08:46:00";"RN";304;138;"ANGICOS";"Ingestão de álcool pelo condutor";"Colisão traseira";"Com Vítimas Feridas";"Pleno dia";"Decrescente";"Céu Claro";"Simples";"Reta";"Não";3;0;1;0;1;1;1;3;-5,6637229;-36,69925399;"SPRF-RN";"DEL04-RN";"UOP01-DEL04-RN"
340873;2021-02-15;"segunda-feira";"07:15:00";"SC";101;362,3;"SANGAO";"Ausência de reação do condutor";"Colisão traseira";"Com Vítimas Feridas";"Pleno dia";"Decrescente";"Céu Claro";"Dupla";"Reta;Aclive";"Não";3;0;0;1;1;1;1;3;-28,6770859;-49,1340838;"SPRF-SC";"DEL02-SC";"UOP01-DEL02-SC"
340884;2021-02-15;"segunda-feira";"09:19:00";"SC";101;16,2;"GARUVA";"Demais falhas mecânicas ou elétricas";"Saída de leito carroçável";"Com Vítimas Feridas";"Pleno dia";"Decrescente";"Céu Claro";"Dupla";"Reta";"Não";2;0;1;0;0;1;1;2;-26,11427473;-48,87647034;"SPRF-SC";"DEL03-SC";"UOP01-DEL03-SC"
340888;2021-02-15;"segunda-feira";"09:15:00";"MG";262;539,6;"LUZ";"Mal súbito do condutor";"Saída de leito carroçável";"Com Vítimas Feridas";"Pleno dia";"Crescente";"Céu Claro";"Simples";"Curva";"Não";2;0;0;1;0;1;1;2;-19,76268587;-45,79506296;"SPRF-MG";"DEL08-MG";"UOP02-DEL08-MG"
340893;2021-02-15;"segunda-feira";"13:20:00";"SP";116;191,8;"SANTA ISABEL";"Ausência de reação do condutor";"Tombamento";"Com Vítimas Feridas";"Pleno dia";"Decrescente";"Sol";"Múltipla";"Curva;Declive";"Não";3;0;1;0;1;2;1;4;-23,37599;-46,246956;"SPRF-SP";"DEL01-SP";"UOP01-DEL01-SP"
340902;2021-02-15;"segunda-feira";"13:40:00";"MG";40;602,9;"CONGONHAS";"Acessar a via sem observar a presença dos outros veículos";"Colisão transversal";"Com Vítimas Feridas";"Pleno dia";"Decrescente";"Céu Claro";"Simples";"Reta";"Sim";4;0;0;2;2;0;2;3;-20,43679609;-43,84638106;"SPRF-MG";"DEL05-MG";"UOP02-DEL05-MG"
340904;2021-02-15;"segunda-feira";"13:00:00";"MS";487;118;"ITAQUIRAI";"Transitar na contramão";"Colisão frontal";"Com Vítimas Feridas";"Pleno dia";"Crescente";"Céu Claro";"Simples";"Reta";"Não";4;0;1;0;3;0;1;2;-23,28868892;-53,89089288;"SPRF-MS";"DEL09-MS";"UOP01-DEL09-MS"
340908;2021-02-15;"segunda-feira";"14:40:00";"DF";40;5;"BRASILIA";"Acessar a via sem observar a presença dos outros veículos";"Colisão transversal";"Com Vítimas Feridas";"Pleno dia";"Decrescente";"Chuva";"Dupla";"Reta";"Sim";2;0;1;0;1;0;1;2;-16,020903;-47,980541;"SPRF-DF";"DEL01-DF";"UOP01-DEL01-DF"
340909;2021-02-15;"segunda-feira";"14:45:00";"SC";101;44;"JOINVILLE";"Demais falhas mecânicas ou elétricas";"Colisão lateral sentido oposto";"Com Vítimas Feridas";"Pleno dia";"Crescente";"Céu Claro";"Simples";"Reta";"Sim";3;0;1;0;2;0;1;2;-26,31238996;-48,87458997;"SPRF-SC";"DEL03-SC";"UOP01-DEL03-SC"
340910;2021-02-15;"segunda-feira";"14:45:00";"SC";101;204,3;"SAO JOSE";"Reação tardia ou ineficiente do condutor";"Colisão traseira";"Com Vítimas Feridas";"Pleno dia";"Decrescente";"Nublado";"Múltipla";"Reta";"Sim";2;0;0;1;0;1;1;2;-27,57413014;-48,61363083;"SPRF-SC";"DEL01-SC";"UOP01-DEL01-SC"
340917;2021-02-15;"segunda-feira";"12:50:00";"RO";364;449;"JARU";"Carga excessiva e/ou mal acondicionada";"Saída de leito carroçável";"Com Vítimas Feridas";"Pleno dia";"Crescente";"Sol";"Simples";"Reta";"Não";1;0;1;0;0;0;1;1;-10,30504704;-62,64639803;"SPRF-RO";"DEL03-RO";"UOP02-DEL03-RO"
340924;2021-02-15;"segunda-feira";"14:00:00";"RJ";393;151;"TRES RIOS";"Acostamento em desnível";"Tombamento";"Com Vítimas Feridas";"Pleno dia";"Crescente";"Céu Claro";"Simples";"Curva";"Não";2;0;1;0;0;1;1;2;-22,06019504;-43,02885795;"SPRF-RJ";"DEL05-RJ";"UOP01-DEL05-RJ"
340925;2021-02-15;"segunda-feira";"15:45:00";"SC";282;529,7;"CORDILHEIRA ALTA";"Transitar na contramão";"Colisão frontal";"Com Vítimas Feridas";"Pleno dia";"Crescente";"Céu Claro";"Simples";"Curva";"Não";3;0;0;2;1;0;2;3;-26,982185;-52,59734;"SPRF-SC";"DEL07-SC";"UOP01-DEL07-SC"
340927;2021-02-15;"segunda-feira";"16:42:00";"MG";251;465,2;"FRANCISCO SA";"Velocidade Incompatível";"Colisão com objeto";"Com Vítimas Fatais";"Pleno dia";"Crescente";"Chuva";"Simples";"Curva;Declive";"Não";6;1;0;1;2;4;1;7;-16,45710399;-43,40386502;"SPRF-MG";"DEL12-MG";"UOP01-DEL12-MG"
340933;2021-02-15;"segunda-feira";"15:55:00";"CE";304;71,2;"ARACATI";"Condutor deixou de manter distância do veículo da frente";"Colisão traseira";"Com Vítimas Feridas";"Pleno dia";"Decrescente";"Céu Claro";"Simples";"Reta";"Não";3;0;0;1;1;1;1;3;-4,66592987;-37,60858586;"SPRF-CE";"DEL03-CE";"UOP03-DEL03-CE"
340938;2021-02-15;"segunda-feira";"14:53:00";"MT";364;347,1;"SANTO ANTONIO DO LEVERGER";"Demais falhas mecânicas ou elétricas";"Tombamento";"Com Vítimas Feridas";"Pleno dia";"Crescente";"Nublado";"Dupla";"Reta";"Não";5;0;3;0;1;1;3;3;-15,807347;-55,54692;"SPRF-MT";"DEL05-MT";"UOP02-DEL05-MT"
340951;2021-02-15;"segunda-feira";"19:05:00";"RJ";101;268;"RIO BONITO";"Ausência de reação do condutor";"Colisão lateral";"Sem Vítimas";"Plena Noite";"Crescente";"Nublado";"Dupla";"Reta";"Não";2;0;0;0;2;0;0;2;-22,7112997;-42,66922613;"SPRF-RJ";"DEL02-RJ";"UOP03-DEL02-RJ"
340957;2021-02-15;"segunda-feira";"16:31:00";"SC";116;64,3;"PAPANDUVA";"Ultrapassagem Indevida";"Colisão frontal";"Com Vítimas Feridas";"Pleno dia";"Crescente";"Nublado";"Simples";"Reta;Aclive";"Não";3;0;1;0;1;1;1;3;-26,40644298;-50,22649816;"SPRF-SC";"DEL06-SC";"UOP02-DEL06-SC"
340958;2021-02-15;"segunda-feira";"12:30:00";"MT";70;366;"CAMPO VERDE";"Acesso irregular";"Colisão traseira";"Com Vítimas Feridas";"Pleno dia";"Crescente";"Chuva";"Simples";"Reta";"Sim";3;0;1;0;1;2;1;4;-15,47156133;-55,00330391;"SPRF-MT";"DEL05-MT";"UOP02-DEL05-MT"
340962;2021-02-15;"segunda-feira";"17:40:00";"DF";251;17;"BRASILIA";"Condutor Dormindo";"Saída de leito carroçável";"Com Vítimas Feridas";"Pleno dia";"Crescente";"Nublado";"Simples";"Reta";"Não";1;0;1;0;0;0;1;1;-15,942561;-47,622921;"SPRF-DF";"DEL01-DF";"UOP01-DEL01-DF"
340970;2021-02-15;"segunda-feira";"19:55:00";"RO";319;63;"PORTO VELHO";"Manobra de mudança de faixa";"Colisão lateral";"Com Vítimas Feridas";"Plena Noite";"Crescente";"Chuva";"Dupla";"Reta";"Sim";3;0;2;0;1;0;2;2;-8,766685;-63,884052;"SPRF-RO";"DEL01-RO";"UOP01-DEL01-RO"
340971;2021-02-15;"segunda-feira";"20:30:00";"PR";116;75;"QUATRO BARRAS";"Pedestre andava na pista";"Atropelamento de Pedestre";"Com Vítimas Fatais";"Plena Noite";"Decrescente";"Céu Claro";"Dupla";"Reta";"Não";6;1;1;0;4;0;1;3;-25,37129423;-49,04588263;"SPRF-PR";"DEL01-PR";"UOP01-DEL01-PR"
340974;2021-02-15;"segunda-feira";"19:15:00";"PI";343;181;"PIRIPIRI";"Acessar a via sem observar a presença dos outros veículos";"Colisão transversal";"Com Vítimas Feridas";"Plena Noite";"Decrescente";"Céu Claro";"Simples";"Reta";"Sim";2;0;0;1;1;0;1;2;-4,249616;-41,764942;"SPRF-PI";"DEL02-PI";"UOP01-DEL02-PI"
340975;2021-01-26;"terça-feira";"13:40:00";"ES";101;0;"SERRA";"Acessar a via sem observar a presença dos outros veículos";"Colisão traseira";"Sem Vítimas";"Pleno dia";"Crescente";"Céu Claro";"Dupla";"Reta";"Não";3;0;0;0;3;0;0;3;-20,129093;-40,308125;"SPRF-ES";"DEL02-ES";"UOP01-DEL02-ES"
340984;2021-02-15;"segunda-feira";"20:40:00";"MA";135;7,6;"SAO LUIS";"Ausência de reação do condutor";"Colisão transversal";"Com Vítimas Feridas";"Plena Noite";"Crescente";"Garoa/Chuvisco";"Dupla";"Rotatória";"Sim";2;0;0;1;1;0;1;2;-2,63608835;-44,26848552;"SPRF-MA";"DEL01-MA";"UOP01-DEL01-MA"
340987;2021-02-15;"segunda-feira";"20:20:00";"RO";364;745;"PORTO VELHO";"Transitar na contramão";"Colisão lateral";"Sem Vítimas";"Plena Noite";"Decrescente";"Céu Claro";"Simples";"Reta";"Não";3;0;0;0;3;0;0;2;-9,01895208;-64,01035069;"SPRF-RO";"DEL01-RO";"UOP02-DEL01-RO"
340988;2021-02-14;"domingo";"00:05:00";"AP";156;35;"MACAPA";"Faixas de trânsito com largura insuficiente";"Colisão frontal";"Com Vítimas Feridas";"Plena Noite";"Crescente";"Ignorado";"Simples";"Aclive";"Não";3;0;1;1;0;1;2;2;0,2028299;-51,116314;"SPRF-AP";"DEL01-AP";"UOP01-DEL01-AP"
340990;2021-02-15;"segunda-feira";"19:27:00";"MG";40;320;"TRES MARIAS";"Ausência de reação do condutor";"Saída de leito carroçável";"Com Vítimas Feridas";"Plena Noite";"Decrescente";"Nublado";"Simples";"Declive";"Não";1;0;1;0;0;0;1;1;-18,51802789;-45,0769043;"SPRF-MG";"DEL14-MG";"UOP02-DEL14-MG"
340993;2021-02-15;"segunda-feira";"18:30:00";"MT";364;496;"JANGADA";"Transitar na contramão";"Colisão frontal";"Com Vítimas Fatais";"Anoitecer";"Crescente";"Céu Claro";"Simples";"Reta";"Sim";3;1;1;0;1;0;1;2;-15,27668678;-56,44275675;"SPRF-MT";"DEL01-MT";"UOP01-DEL01-MT"
340994;2021-02-16;"terça-feira";"00:00:00";"PR";376;626;"SAO JOSE DOS PINHAIS";"Condutor Dormindo";"Colisão traseira";"Com Vítimas Feridas";"Plena Noite";"Decrescente";"Céu Claro";"Dupla";"Reta";"Não";2;0;1;0;1;0;1;2;-25,66095117;-49,15500053;"SPRF-PR";"DEL01-PR";"UOP04-DEL01-PR"
340997;2021-02-15;"segunda-feira";"21:20:00";"MT";364;491,6;"JANGADA";"Reação tardia ou ineficiente do condutor";"Colisão traseira";"Com Vítimas Feridas";"Plena Noite";"Crescente";"Nublado";"Simples";"Reta";"Não";3;0;1;0;1;2;1;4;-15,25462526;-56,46466255;"SPRF-MT";"DEL01-MT";"UOP02-DEL01-MT"
341001;2021-02-16;"terça-feira";"02:25:00";"BA";407;138,2;"SENHOR DO BONFIM";"Ingestão de álcool pelo condutor";"Colisão traseira";"Com Vítimas Fatais";"Plena Noite";"Crescente";"Nublado";"Simples";"Reta";"Não";2;1;0;0;0;1;0;2;-10,55096499;-40,13701592;"SPRF-BA";"DEL04-BA";"UOP01-DEL04-BA"