"id";"data_inversa";"dia_semana";"horario";"uf";"br";"km";"municipio";"causa_acidente";"tipo_acidente";"classificacao_acidente";"fase_dia";"sentido_via";"condicao_metereologica";"tipo_pista";"tracado_via";"uso_solo";"pessoas";"mortos";"feridos_leves";"feridos_graves";"ilesos";"ignorados";"feridos";"veiculos";"latitude";"longitude";"regional";"delegacia";"uop"
341004;2021-02-16;"terça-feira";"02:00:00";"ES";101;148,9;"LINHARES";"Condutor desrespeitou a iluminação vermelha do semáforo";"Colisão transversal";"Com Vítimas Feridas";"Plena Noite";"Crescente";"Chuva";"Simples";"Interseção de Vias";"Sim";3;0;1;1;1;0;2;2;-19,39479654;-40,06527185;"SPRF-ES";"DEL04-ES";"UOP01-DEL04-ES"
341005;2021-02-16;"terça-feira";"00:15:00";"SC";101;277;"IMBITUBA";"Condutor Dormindo";"Colisão traseira";"Com Vítimas Feridas";"Plena Noite";"Crescente";"Céu Claro";"Dupla";"Reta";"Sim";5;0;2;0;2;1;2;3;-28,15478103;-48,69265474;"SPRF-SC";"DEL02-SC";"UOP03-DEL02-SC"
341009;2021-02-15;"segunda-feira";"18:40:00";"BA";101;285;"LAJE";"Acessar a via sem observar a presença dos outros veículos";"Colisão lateral";"Com Vítimas Feridas";"Amanhecer";"Crescente";"Céu Claro";"Simples";"Reta";"Não";4;0;3;0;1;0;3;2;-13,268436;-39,325351;"SPRF-BA";"DEL01-BA";"UOP02-DEL01-BA"
341011;2021-01-19;"terça-feira";"00:50:00";"RS";472;138;"TRES DE MAIO";"Velocidade Incompatível";"Colisão com objeto";"Com Vítimas Feridas";"Plena Noite";"Decrescente";"Céu Claro";"Simples";"Rotatória";"Não";2;0;1;0;0;1;1;2;-27,77486303;-54,29383814;"SPRF-RS";"DEL10-RS";"UOP01-DEL10-RS"
341021;2021-02-16;"terça-feira";"07:20:00";"SC";101;152,1;"ITAPEMA";"Condutor deixou de manter distância do veículo da frente";"Colisão lateral mesmo sentido";"Com Vítimas Feridas";"Pleno dia";"Decrescente";"Céu Claro";"Dupla";"Reta";"Sim";2;0;1;0;0;1;1;2;-27,13563503;-48,61004665;"SPRF-SC";"DEL04-SC";"UOP03-DEL04-SC"
341024;2021-02-16;"terça-feira";"06:30:00";"SC";116;192;"SAO CRISTOVAO DO SUL";"Demais falhas mecânicas ou elétricas";"Tombamento";"Sem Vítimas";"Pleno dia";"Decrescente";"Sol";"Simples";"Reta";"Não";2;0;0;0;1;1;0;2;-27,36303564;-50,43355252;"SPRF-SC";"DEL05-SC";"UOP03-DEL05-SC"
341029;2021-02-16;"terça-feira";"06:40:00";"MT";163;674;"LUCAS DO RIO VERDE";"Problema com o freio";"Colisão traseira";"Com Vítimas Feridas";"Pleno dia";"Crescente";"Chuva";"Simples";"Declive";"Não";4;0;1;0;2;5;1;8;-13,29032613;-56,03348571;"SPRF-MT";"DEL06-MT";"UOP01-DEL06-MT"
341040;2021-02-16;"terça-feira";"07:50:00";"MT";364;269,1;"JACIARA";"Acessar a via sem observar a presença dos outros veículos";"Colisão transversal";"Com Vítimas Feridas";"Pleno dia";"Decrescente";"Sol";"Dupla";"Reta";"Não";2;0;1;0;1;0;1;2;-15,974228;-54,938;"SPRF-MT";"DEL02-MT";"UOP01-DEL02-MT"
341051;2021-02-16;"terça-feira";"11:05:00";"GO";153;665;"GOIATUBA";"Condutor Dormindo";"Colisão lateral mesmo sentido";"Com Vítimas Feridas";"Pleno dia";"Decrescente";"Céu Claro";"Dupla";"Reta";"Não";2;0;1;0;1;0;1;2;-18,0987;-49,2738;"SPRF-GO";"DEL03-GO";"UOP02-DEL03-GO"
341056;2021-02-16;"terça-feira";"12:20:00";"GO";40;91;"CRISTALINA";"Condutor Dormindo";"Colisão traseira";"Com Vítimas Feridas";"Pleno dia";"Crescente";"Céu Claro";"Dupla";"Reta";"Não";2;0;1;0;1;0;1;2;-16,72736;-47,634957;"SPRF-DF";"DEL01-DF";"UOP02-DEL01-DF"
341063;2021-02-16;"terça-feira";"13:30:00";"SP";116;280;"EMBU DAS ARTES";"Manobra de mudança de faixa";"Colisão lateral mesmo sentido";"Com Vítimas Feridas";"Pleno dia";"Decrescente";"Sol";"Dupla";"Aclive";"Não";3;0;1;0;1;1;1;3;-23,66996108;-46,85590758;"SPRF-SP";"DEL04-SP";"UOP01-DEL04-SP"
341066;2021-02-16;"terça-feira";"14:00:00";"SC";101;189;"BIGUACU";"Reação tardia ou ineficiente do condutor";"Saída de leito carroçável";"Sem Vítimas";"Pleno dia";"Decrescente";"Nublado";"Múltipla";"Curva";"Sim";2;0;0;0;2;0;0;2;-27,459393;-48,638914;"SPRF-SC";"DEL01-SC";"UOP01-DEL01-SC"
341070;2021-02-16;"terça-feira";"13:20:00";"MG";381;660,4;"SANTO ANTONIO DO AMPARO";"Demais falhas mecânicas ou elétricas";"Incêndio";"Sem Vítimas";"Pleno dia";"Crescente";"Céu Claro";"Dupla";"Declive;Curva";"Não";2;0;0;0;1;7;0;8;-21,010711;-44,983413;"SPRF-MG";"DEL04-MG";"UOP02-DEL04-MG"
341072;2021-02-16;"terça-feira";"14:30:00";"PR";476;180;"CONTENDA";"Velocidade Incompatível";"Tombamento";"Com Vítimas Feridas";"Pleno dia";"Crescente";"Céu Claro";"Simples";"Reta";"Não";4;0;1;2;0;1;3;2;-25,706665;-49,591278;"SPRF-PR";"DEL01-PR";"UOP03-DEL01-PR"
341079;2021-02-16;"terça-feira";"14:26:00";"PE";428;173,3;"PETROLINA";"Manobra de mudança de faixa";"Saída de leito carroçável";"Sem Vítimas";"Pleno dia";"Crescente";"Chuva";"Simples";"Reta";"Não";1;0;0;0;1;0;0;1;-9,25846;-40,42842;"SPRF-PE";"DEL06-PE";"UOP01-DEL06-PE"
341080;2021-02-16;"terça-feira";"15:00:00";"MG";381;480;"CONTAGEM";"Reação tardia ou ineficiente do condutor";"Colisão com objeto";"Sem Vítimas";"Pleno dia";"Decrescente";"Céu Claro";"Simples";"Reta";"Sim";1;0;0;0;1;0;0;1;-19,95749597;-44,07899901;"SPRF-MG";"DEL01-MG";"UOP03-DEL01-MG"
341081;2021-02-16;"terça-feira";"14:30:00";"MG";40;661;"CARANDAI";"Velocidade Incompatível";"Colisão frontal";"Com Vítimas Feridas";"Pleno dia";"Crescente";"Nublado";"Simples";"Curva";"Não";2;0;0;1;1;0;1;2;-20,90511396;-43,82787922;"SPRF-MG";"DEL05-MG";"UOP02-DEL05-MG"
341091;2021-02-16;"terça-feira";"15:15:00";"MG";381;616,9;"OLIVEIRA";"Velocidade Incompatível";"Tombamento";"Sem Vítimas";"Pleno dia";"Decrescente";"Céu Claro";"Simples";"Curva";"Não";1;0;0;0;0;1;0;1;-20,75304819;-44,77475634;"SPRF-MG";"DEL04-MG";"UOP01-DEL04-MG"
341092;2021-02-16;"terça-feira";"15:57:00";"PR";373;183;"PONTA GROSSA";"Desrespeitar a preferência no cruzamento";"Colisão transversal";"Com Vítimas Feridas";"Pleno dia";"Decrescente";"Sol";"Dupla";"Interseção de Vias;Curva;Declive";"Não";4;0;2;1;0;1;3;3;-25,039466;-50,27819;"SPRF-PR";"DEL03-PR";"UOP04-DEL03-PR"
341095;2021-02-16;"terça-feira";"14:30:00";"MT";364;605,5;"DIAMANTINO";"Velocidade Incompatível";"Tombamento";"Sem Vítimas";"Pleno dia";"Decrescente";"Nublado";"Simples";"Curva";"Não";3;0;0;0;2;1;0;3;-14,47258811;-56,2427432;"SPRF-MT";"DEL01-MT";"UOP01-DEL01-MT"
341096;2021-02-16;"terça-feira";"16:50:00";"BA";116;16,1;"VITORIA DA CONQUISTA";"Manobra de mudança de faixa";"Colisão lateral";"Com Vítimas Feridas";"Pleno dia";"Decrescente";"Nublado";"Simples";"Curva";"Sim";2;0;0;1;1;0;1;2;-14,90225962;-40,84909916;"SPRF-BA";"DEL08-BA";"UOP01-DEL08-BA"
341100;2021-02-16;"terça-feira";"17:20:00";"SP";116;101,5;"PINDAMONHANGABA";"Condutor deixou de manter distância do veículo da frente";"Engavetamento";"Com Vítimas Feridas";"Pleno dia";"Decrescente";"Céu Claro";"Múltipla";"Aclive";"Não";5;0;1;0;3;4;1;8;-22,99074204;-45,48115098;"SPRF-SP";"DEL08-SP";"UOP01-DEL08-SP"
341101;2021-02-16;"terça-feira";"17:20:00";"SC";116;3;"MAFRA";"Condutor Dormindo";"Saída de leito carroçável";"Com Vítimas Feridas";"Pleno dia";"Crescente";"Céu Claro";"Simples";"Reta";"Não";3;0;1;0;1;1;1;3;-26,13073161;-49,79922442;"SPRF-SC";"DEL06-SC";"UOP01-DEL06-SC"
341110;2021-02-16;"terça-feira";"15:00:00";"GO";153;58;"PORANGATU";"Reação tardia ou ineficiente do condutor";"Engavetamento";"Com Vítimas Feridas";"Pleno dia";"Decrescente";"Sol";"Simples";"Reta;Aclive";"Não";6;0;1;0;4;3;1;6;-13,319465;-49,118431;"SPRF-GO";"DEL07-GO";"UOP01-DEL07-GO"
341112;2021-02-16;"terça-feira";"18:15:00";"MG";50;81,9;"UBERLANDIA";"Velocidade Incompatível";"Colisão traseira";"Com Vítimas Feridas";"Anoitecer";"Decrescente";"Céu Claro";"Dupla";"Aclive;Reta";"Não";3;0;2;0;1;0;2;2;-18,98624946;-48,21199894;"SPRF-MG";"DEL15-MG";"UOP01-DEL15-MG"
341129;2021-02-16;"terça-feira";"18:15:00";"PE";408;49,2;"NAZARE DA MATA";"Acessar a via sem observar a presença dos outros veículos";"Colisão transversal";"Sem Vítimas";"Plena Noite";"Decrescente";"Céu Claro";"Simples";"Curva";"Não";2;0;0;0;1;1;0;2;-7,72110607;-35,2389439;"SPRF-PE";"DEL01-PE";"UOP01-DEL01-PE"
341135;2021-02-16;"terça-feira";"12:00:00";"MG";365;484;"PATROCINIO";"Reação tardia ou ineficiente do condutor";"Colisão lateral";"Com Vítimas Feridas";"Pleno dia";"Crescente";"Céu Claro";"Dupla";"Reta";"Não";2;0;0;1;1;0;1;2;-18,89723142;-47,10443306;"SPRF-MG";"DEL10-MG";"UOP01-DEL10-MG"
341136;2021-02-16;"terça-feira";"20:30:00";"RS";153;41,4;"ERECHIM";"Desrespeitar a preferência no cruzamento";"Colisão transversal";"Com Vítimas Feridas";"Plena Noite";"Crescente";"Céu Claro";"Simples";"Reta";"Não";5;0;3;0;1;1;3;2;-27,59755702;-52,2349289;"SPRF-RS";"DEL08-RS";"UOP04-DEL08-RS"
341139;2021-02-16;"terça-feira";"15:49:00";"MG";381;864,5;"POUSO ALEGRE";"Velocidade Incompatível";"Colisão traseira";"Com Vítimas Feridas";"Pleno dia";"Decrescente";"Céu Claro";"Dupla";"Reta";"Não";7;0;2;0;4;2;2;7;-22,38757269;-45,95265452;"SPRF-MG";"DEL16-MG";"UOP01-DEL16-MG"
341145;2021-02-16;"terça-feira";"18:00:00";"MG";116;793;"ALEM PARAIBA";"Reação tardia ou ineficiente do condutor";"Colisão com objeto";"Com Vítimas Feridas";"Anoitecer";"Decrescente";"Nublado";"Simples";"Ponte";"Não";2;0;1;0;1;0;1;2;-21,70195806;-42,72965349;"SPRF-MG";"DEL07-MG";"UOP01-DEL07-MG"
341149;2021-02-16;"terça-feira";"17:25:00";"MG";116;557,2;"MANHUACU";"Velocidade Incompatível";"Capotamento";"Com Vítimas Feridas";"Pleno dia";"Crescente";"Nublado";"Simples";"Curva";"Não";2;0;1;0;0;1;1;2;-20,00948396;-42,1528244;"SPRF-MG";"DEL06-MG";"UOP03-DEL06-MG"
341155;2021-02-16;"terça-feira";"17:30:00";"RS";116;166,1;"CAXIAS DO SUL";"Problema com o freio";"Tombamento";"Sem Vítimas";"Pleno dia";"Crescente";"Céu Claro";"Simples";"Curva";"Não";1;0;0;0;1;0;0;1;-29,26709501;-51,15960601;"SPRF-RS";"DEL05-RS";"UOP02-DEL05-RS"
341179;2021-02-17;"quarta-feira";"03:40:00";"BA";116;441;"FEIRA DE SANTANA";"Demais falhas mecânicas ou elétricas";"Incêndio";"Sem Vítimas";"Plena Noite";"Crescente";"Céu Claro";"Dupla";"Reta";"Não";2;0;0;0;1;1;0;2;-12,33163605;-39,06586497;"SPRF-BA";"DEL02-BA";"UOP01-DEL02-BA"
341181;2021-02-17;"quarta-feira";"05:20:00";"RS";0;0;"PORTO ALEGRE";"Ausência de reação do condutor";"Colisão traseira";"Com Vítimas Feridas";"Amanhecer";"Não Informado";"Nublado";"Dupla";"Reta;Aclive";"Não";2;0;0;1;1;0;1;2;-29,98817957;-51,20966256;"SPRF-RS";"DEL01-RS";"UOP01-DEL01-RS"
341197;2021-02-17;"quarta-feira";"07:15:00";"SC";101;297;"LAGUNA";"Carga excessiva e/ou mal acondicionada";"Tombamento";"Sem Vítimas";"Pleno dia";"Crescente";"Céu Claro";"Múltipla";"Aclive";"Sim";2;0;0;0;1;1;0;2;-28,31353989;-48,7240982;"SPRF-SC";"DEL02-SC";"UOP03-DEL02-SC"
341208;2021-02-17;"quarta-feira";"07:45:00";"SC";101;45;"JOINVILLE";"Acessar a via sem observar a presença dos outros veículos";"Colisão lateral";"Com Vítimas Feridas";"Pleno dia";"Decrescente";"Céu Claro";"Dupla";"Viaduto;Interseção de Vias;Reta";"Sim";2;0;1;0;1;0;1;2;-26,32214492;-48,8689509;"SPRF-SC";"DEL03-SC";"UOP01-DEL03-SC"
341210;2021-02-17;"quarta-feira";"08:20:00";"MA";316;469;"CODO";"Chuva";"Tombamento";"Com Vítimas Feridas";"Pleno dia";"Decrescente";"Chuva";"Simples";"Reta";"Sim";3;0;0;1;1;1;1;3;-4,562772;-43,988922;"SPRF-MA";"DEL03-MA";"UOP02-DEL03-MA"
341217;2021-02-17;"quarta-feira";"09:45:00";"PI";230;172;"SAO JOAO DA VARJOTA";"Demais falhas mecânicas ou elétricas";"Incêndio";"Sem Vítimas";"Pleno dia";"Decrescente";"Céu Claro";"Simples";"Reta";"Não";3;0;0;0;1;2;0;3;-6,93823599;-41,921182;"SPRF-PI";"DEL04-PI";"UOP01-DEL04-PI"
341219;2021-02-17;"quarta-feira";"10:00:00";"RJ";101;327;"NITEROI";"Condutor deixou de manter distância do veículo da frente";"Colisão traseira";"Com Vítimas Feridas";"Pleno dia";"Decrescente";"Céu Claro";"Múltipla";"Ponte";"Não";2;0;1;0;1;0;1;2;-22,87117393;-43,15595099;"SPRF-RJ";"DEL02-RJ";"UOP02-DEL02-RJ"
341223;2021-02-17;"quarta-feira";"10:53:00";"SP";116;209;"GUARULHOS";"Condutor deixou de manter distância do veículo da frente";"Colisão traseira";"Com Vítimas Feridas";"Pleno dia";"Crescente";"Céu Claro";"Dupla";"Reta";"Sim";5;0;2;0;3;0;2;2;-23,42511799;-46,40221101;"SPRF-SP";"DEL01-SP";"UOP01-DEL01-SP"
341228;2021-02-17;"quarta-feira";"11:30:00";"GO";20;0;"FORMOSA";"Manobra de mudança de faixa";"Colisão com objeto";"Com Vítimas Feridas";"Pleno dia";"Decrescente";"Céu Claro";"Dupla";"Reta;Ponte";"Não";7;0;1;0;6;0;1;3;-15,581744;-47,343241;"SPRF-DF";"DEL02-DF";"UOP01-DEL02-DF"
341229;2021-02-17;"quarta-feira";"08:40:00";"SP";381;64;"MAIRIPORA";"Reação tardia ou ineficiente do condutor";"Derramamento de carga";"Com Vítimas Fatais";"Pleno dia";"Crescente";"Céu Claro";"Dupla";"Declive";"Não";6;1;0;1;3;1;1;5;-23,33027681;-46,57722473;"SPRF-SP";"DEL03-SP";"UOP01-DEL03-SP"
341230;2021-02-17;"quarta-feira";"09:30:00";"SC";101;27,5;"JOINVILLE";"Demais falhas mecânicas ou elétricas";"Incêndio";"Sem Vítimas";"Pleno dia";"Crescente";"Sol";"Dupla";"Reta";"Não";2;0;0;0;1;2;0;3;-26,20130351;-48,91331794;"SPRF-SC";"DEL03-SC";"UOP01-DEL03-SC"
341239;2021-02-17;"quarta-feira";"13:00:00";"SE";101;39;"CAPELA";"Reação tardia ou ineficiente do condutor";"Colisão com objeto";"Com Vítimas Feridas";"Pleno dia";"Crescente";"Céu Claro";"Dupla";"Reta";"Não";3;0;2;0;0;1;2;2;-10,517972;-36,950147;"SPRF-SE";"DEL02-SE";"UOP02-DEL02-SE"
341241;2021-02-17;"quarta-feira";"12:30:00";"PE";232;6,2;"RECIFE";"Manobra de mudança de faixa";"Colisão transversal";"Sem Vítimas";"Pleno dia";"Crescente";"Céu Claro";"Dupla";"Reta";"Sim";2;0;0;0;0;2;0;2;-8,071226;-34,95511;"SPRF-PE";"DEL01-PE";"UOP01-DEL01-PE"
341249;2021-02-17;"quarta-feira";"14:00:00";"CE";222;203,8;"FORQUILHA";"Velocidade Incompatível";"Saída de leito carroçável";"Com Vítimas Fatais";"Pleno dia";"Crescente";"Céu Claro";"Simples";"Curva";"Não";1;1;0;0;0;0;0;1;-3,77961139;-40,22558581;"SPRF-CE";"DEL04-CE";"UOP01-DEL04-CE"
341255;2021-02-17;"quarta-feira";"14:30:00";"PR";369;185;"ARAPONGAS";"Reação tardia ou ineficiente do condutor";"Colisão traseira";"Com Vítimas Feridas";"Pleno dia";"Crescente";"Céu Claro";"Simples";"Reta";"Sim";4;0;2;0;2;0;2;3;-23,406244;-51,428038;"SPRF-PR";"DEL07-PR";"UOP03-DEL07-PR"
341260;2021-02-17;"quarta-feira";"15:40:00";"MG";365;475;"PATROCINIO";"Reação tardia ou ineficiente do condutor";"Colisão lateral";"Sem Vítimas";"Pleno dia";"Decrescente";"Céu Claro";"Múltipla";"Ponte";"Sim";3;0;0;0;2;1;0;3;-18,91842225;-47,03316973;"SPRF-MG";"DEL10-MG";"UOP01-DEL10-MG"
341261;2021-02-17;"quarta-feira";"14:30:00";"BA";101;945;"MUCURI";"Restrição de visibilidade em curvas verticais";"Colisão traseira";"Com Vítimas Feridas";"Pleno dia";"Decrescente";"Chuva";"Simples";"Aclive";"Não";2;0;1;0;0;1;1;2;-18,08852656;-39,89535592;"SPRF-BA";"DEL09-BA";"UOP02-DEL09-BA"
341263;2021-02-17;"quarta-feira";"15:20:00";"SP";116;151;"SAO JOSE DOS CAMPOS";"Manobra de mudança de faixa";"Colisão lateral";"Com Vítimas Feridas";"Pleno dia";"Crescente";"Chuva";"Dupla";"Reta";"Não";5;0;1;0;4;0;1;2;-23,21980694;-45,89991605;"SPRF-SP";"DEL02-SP";"UOP01-DEL02-SP"
341264;2021-02-17;"quarta-feira";"16:45:00";"SP";116;339,5;"JUQUITIBA";"Mal súbito do condutor";"Colisão lateral mesmo sentido";"Com Vítimas Feridas";"Pleno dia";"Decrescente";"Nublado";"Dupla";"Aclive;Curva";"Não";5;0;1;0;3;1;1;4;-24,00269097;-47,1531738;"SPRF-SP";"DEL04-SP";"UOP01-DEL04-SP"
341266;2021-02-17;"quarta-feira";"16:15:00";"RS";116;529,5;"CAPAO DO LEAO";"Acessar a via sem observar a presença dos outros veículos";"Colisão lateral";"Sem Vítimas";"Pleno dia";"Decrescente";"Céu Claro";"Simples";"Aclive;Reta";"Sim";2;0;0;0;2;0;0;2;-31,75446042;-52,42803583;"SPRF-RS";"DEL07-RS";"UOP01-DEL07-RS"
341267;2021-02-17;"quarta-feira";"17:20:00";"RN";101;103,4;"PARNAMIRIM";"Condutor deixou de manter distância do veículo da frente";"Colisão traseira";"Com Vítimas Feridas";"Pleno dia";"Decrescente";"Céu Claro";"Múltipla";"Reta";"Sim";2;0;0;1;1;0;1;2;-5,89034022;-35,24894996;"SPRF-RN";"DEL01-RN";"UOP01-DEL01-RN"
341274;2021-02-17;"quarta-feira";"17:45:00";"TO";153;508;"PARAISO DO TOCANTINS";"Conversão proibida";"Colisão transversal";"Com Vítimas Feridas";"Anoitecer";"Crescente";"Garoa/Chuvisco";"Simples";"Reta";"Não";3;0;1;0;1;1;1;3;-10,272415;-48,88108301;"SPRF-TO";"DEL01-TO";"UOP01-DEL01-TO"
341276;2021-02-17;"quarta-feira";"16:00:00";"MT";364;397;"CUIABA";"Manobra de mudança de faixa";"Colisão transversal";"Com Vítimas Feridas";"Pleno dia";"Decrescente";"Nublado";"Dupla";"Reta";"Sim";3;0;1;0;1;3;1;5;-15,6691557;-55,95328331;"SPRF-MT";"DEL01-MT";"UOP02-DEL01-MT"
341287;2021-02-17;"quarta-feira";"18:55:00";"RS";290;494,6;"ROSARIO DO SUL";"Transitar na contramão";"Colisão lateral sentido oposto";"Com Vítimas Feridas";"Pleno dia";"Crescente";"Céu Claro";"Simples";"Reta";"Não";4;0;0;1;1;3;1;5;-30,212467;-55,053444;"SPRF-RS";"DEL11-RS";"UOP02-DEL11-RS"
341292;2021-02-17;"quarta-feira";"13:15:00";"GO";452;11,6;"RIO VERDE";"Avarias e/ou desgaste excessivo no pneu";"Saída de leito carroçável";"Sem Vítimas";"Pleno dia";"Crescente";"Chuva";"Simples";"Reta";"Não";2;0;0;0;1;1;0;2;-17,83540792;-50,81097597;"SPRF-GO";"DEL04-GO";"UOP01-DEL04-GO"
341299;2021-02-17;"quarta-feira";"19:00:00";"MG";354;231;"PATOS DE MINAS";"Pista Escorregadia";"Saída de leito carroçável";"Sem Vítimas";"Plena Noite";"Crescente";"Chuva";"Dupla";"Curva";"Não";2;0;0;0;1;1;0;2;-18,646;-46,485;"SPRF-MG";"DEL10-MG";"UOP01-DEL10-MG"
341307;2021-02-17;"quarta-feira";"14:15:00";"RS";470;216,9;"BENTO GONCALVES";"Falta de acostamento";"Colisão lateral mesmo sentido";"Sem Vítimas";"Pleno dia";"Decrescente";"Céu Claro";"Dupla";"Curva;Declive";"Sim";3;0;0;0;3;0;0;2;-29,15887096;-51,53142395;"SPRF-RS";"DEL06-RS";"UOP01-DEL06-RS"
341312;2021-02-17;"quarta-feira";"21:20:00";"RJ";101;20;"CAMPOS DOS GOYTACAZES";"Velocidade Incompatível";"Tombamento";"Com Vítimas Feridas";"Plena Noite";"Crescente";"Céu Claro";"Simples";"Reta";"Sim";2;0;1;0;0;1;1;2;-21,38270215;-41,34132276;"SPRF-RJ";"DEL08-RJ";"UOP01-DEL08-RJ"
341313;2021-02-17;"quarta-feira";"19:34:00";"RO";364;331;"JI-PARANA";"Velocidade Incompatível";"Colisão transversal";"Sem Vítimas";"Plena Noite";"Decrescente";"Nublado";"Simples";"Reta";"Não";3;0;0;0;2;3;0;5;-10,97565;-61,917217;"SPRF-RO";"DEL02-RO";"UOP01-DEL02-RO"
341316;2021-02-17;"quarta-feira";"21:22:00";"RS";285;236,2;"CASEIROS";"Reação tardia ou ineficiente do condutor";"Saída de leito carroçável";"Com Vítimas Feridas";"Plena Noite";"Crescente";"Céu Claro";"Simples";"Reta;Aclive";"Não";2;0;0;1;0;1;1;2;-28,24946;-51,840935;"SPRF-RS";"DEL08-RS";"UOP03-DEL08-RS"
341319;2021-02-17;"quarta-feira";"22:20:00";"SP";116;293;"ITAPECERICA DA SERRA";"Reação tardia ou ineficiente do condutor";"Colisão traseira";"Com Vítimas Feridas";"Plena Noite";"Decrescente";"Chuva";"Dupla";"Reta";"Não";7;0;3;0;3;1;3;4;-23,75393807;-46,90168863;"SPRF-SP";"DEL04-SP";"UOP01-DEL04-SP"
341327;2021-02-17;"quarta-feira";"22:50:00";"SC";101;41;"JOINVILLE";"Carga excessiva e/ou mal acondicionada";"Colisão com objeto";"Com Vítimas Feridas";"Plena Noite";"Decrescente";"Nublado";"Dupla";"Curva";"Sim";2;0;1;0;1;0;1;2;-26,28215489;-48,88973081;"SPRF-SC";"DEL03-SC";"UOP01-DEL03-SC"
341331;2021-02-17;"quarta-feira";"20:00:00";"MG";251;503,2;"FRANCISCO SA";"Chuva";"Saída de leito carroçável";"Sem Vítimas";"Plena Noite";"Crescente";"Chuva";"Simples";"Reta";"Não";2;0;0;0;1;1;0;2;-16,61472808;-43,6647179;"SPRF-MG";"DEL12-MG";"UOP01-DEL12-MG"
341333;2021-02-18;"quinta-feira";"01:00:00";"BA";116;777,3;"PLANALTO";"Ausência de reação do condutor";"Colisão traseira";"Com Vítimas Feridas";"Plena Noite";"Decrescente";"Nublado";"Simples";"Reta";"Sim";3;0;2;0;0;1;2;2;-14,607391;-40,44086601;"SPRF-BA";"DEL08-BA";"UOP02-DEL08-BA"
341334;2021-02-18;"quinta-feira";"03:00:00";"MT";163;917;"ITAUBA";"Ingestão de álcool pelo condutor";"Saída de leito carroçável";"Sem Vítimas";"Plena Noite";"Crescente";"Garoa/Chuvisco";"Simples";"Reta";"Não";2;0;0;0;1;3;0;4;-11,15603213;-55,31429202;"SPRF-MT";"DEL06-MT";"NPF/DEL06-MT"
341342;2021-02-18;"quinta-feira";"06:30:00";"MG";381;903;"CAMBUI";"Velocidade Incompatível";"Tombamento";"Com Vítimas Feridas";"Amanhecer";"Decrescente";"Nublado";"Dupla";"Curva;Declive";"Não";2;0;1;0;0;1;1;2;-22,63967955;-46,08043671;"SPRF-MG";"DEL16-MG";"UOP03-DEL16-MG"
341343;2021-02-18;"quinta-feira";"02:45:00";"SC";116;143;"SANTA CECILIA";"Velocidade Incompatível";"Tombamento";"Com Vítimas Feridas";"Plena Noite";"Crescente";"Céu Claro";"Simples";"Curva";"Não";2;0;1;0;0;1;1;2;-26,98647529;-50,39438169;"SPRF-SC";"DEL06-SC";"UOP02-DEL06-SC"
341344;2021-02-18;"quinta-feira";"04:20:00";"BA";116;433;"FEIRA DE SANTANA";"Condutor Dormindo";"Tombamento";"Com Vítimas Feridas";"Plena Noite";"Decrescente";"Céu Claro";"Dupla";"Reta";"Não";2;0;1;0;0;1;1;2;-12,28864802;-39,014561;"SPRF-BA";"DEL02-BA";"UOP01-DEL02-BA"
341345;2021-02-18;"quinta-feira";"03:50:00";"PB";230;51;"CRUZ DO ESPIRITO SANTO";"Condutor Dormindo";"Capotamento";"Com Vítimas Feridas";"Amanhecer";"Decrescente";"Céu Claro";"Dupla";"Reta";"Não";1;0;1;0;0;0;1;1;-7,1897;-35,0615;"SPRF-PB";"DEL01-PB";"UOP03-DEL01-PB"
341346;2021-02-18;"quinta-feira";"06:10:00";"GO";153;305,8;"RIALMA";"Demais falhas mecânicas ou elétricas";"Saída de leito carroçável";"Com Vítimas Feridas";"Amanhecer";"Decrescente";"Chuva";"Simples";"Declive;Curva";"Não";2;0;1;0;0;1;1;2;-15,34634285;-49,56864165;"SPRF-GO";"DEL02-GO";"UOP02-DEL02-GO"
341347;2021-02-18;"quinta-feira";"06:45:00";"GO";20;59,5;"FORMOSA";"Pista Escorregadia";"Colisão frontal";"Com Vítimas Fatais";"Pleno dia";"Crescente";"Chuva";"Simples";"Curva;Declive";"Não";3;1;1;0;1;0;1;2;-15,25577;-47,165115;"SPRF-DF";"DEL02-DF";"UOP01-DEL02-DF"
341348;2021-02-18;"quinta-feira";"05:40:00";"MG";50;17,3;"ARAGUARI";"Condutor Dormindo";"Colisão com objeto";"Com Vítimas Feridas";"Amanhecer";"Decrescente";"Céu Claro";"Dupla";"Reta";"Não";4;0;0;1;1;2;1;4;-18,56671055;-48,05902719;"SPRF-MG";"DEL15-MG";"UOP02-DEL15-MG"
341351;2021-02-18;"quinta-feira";"07:00:00";"ES";101;265,3;"SERRA";"Manobra de mudança de faixa";"Colisão lateral";"Com Vítimas Feridas";"Pleno dia";"Crescente";"Céu Claro";"Dupla";"Reta";"Sim";3;0;1;0;1;2;1;4;-20,1816849;-40,26536036;"SPRF-ES";"DEL02-ES";"UOP01-DEL02-ES"
341354;2021-02-18;"quinta-feira";"07:05:00";"MT";163;853;"SINOP";"Ausência de reação do condutor";"Colisão transversal";"Com Vítimas Feridas";"Pleno dia";"Decrescente";"Nublado";"Simples";"Reta";"Sim";4;0;1;0;2;2;1;4;-11,697;-55,452;"SPRF-MT";"DEL06-MT";"NPF/DEL06-MT"