"id";"data_inversa";"dia_semana";"horario";"uf";"br";"km";"municipio";"causa_acidente";"tipo_acidente";"classificacao_acidente";"fase_dia";"sentido_via";"condicao_metereologica";"tipo_pista";"tracado_via";"uso_solo";"pessoas";"mortos";"feridos_leves";"feridos_graves";"ilesos";"ignorados";"feridos";"veiculos";"latitude";"longitude";"regional";"delegacia";"uop"
342650;2021-02-24;"quarta-feira";"09:30:00";"PR";158;367;"PALMITAL";"Velocidade Incompatível";"Colisão frontal";"Com Vítimas Feridas";"Pleno dia";"Crescente";"Céu Claro";"Simples";"Curva";"Não";4;0;1;1;2;0;2;2;-24,915956;-52,277145;"SPRF-PR";"DEL04-PR";"UOP02-DEL04-PR"
342652;2021-02-24;"quarta-feira";"10:40:00";"MT";364;509;"ROSARIO OESTE";"Condutor deixou de manter distância do veículo da frente";"Colisão traseira";"Sem Vítimas";"Pleno dia";"Decrescente";"Céu Claro";"Simples";"Reta";"Não";3;0;0;0;2;2;0;4;-15,0927763;-56,5182688;"SPRF-MT";"DEL01-MT";"UOP01-DEL01-MT"
342653;2021-02-24;"quarta-feira";"14:15:00";"MS";267;361,5;"MARACAJU";"Condutor Dormindo";"Colisão lateral sentido oposto";"Com Vítimas Feridas";"Pleno dia";"Crescente";"Sol";"Simples";"Ponte";"Não";5;0;1;0;3;1;1;4;-21,64370513;-55,11417004;"SPRF-MS";"DEL02-MS";"UOP02-DEL02-MS"
342663;2021-02-24;"quarta-feira";"16:00:00";"PR";376;4;"MARINGA";"Velocidade Incompatível";"Colisão lateral mesmo sentido";"Com Vítimas Feridas";"Pleno dia";"Decrescente";"Chuva";"Dupla";"Declive;Curva";"Sim";3;0;1;0;1;2;1;4;-23,4273;-51,9375;"SPRF-PR";"DEL09-PR";"UOP01-DEL09-PR"
342666;2021-02-24;"quarta-feira";"15:40:00";"RS";153;19,8;"SEVERIANO DE ALMEIDA";"Ausência de reação do condutor";"Colisão frontal";"Com Vítimas Fatais";"Pleno dia";"Decrescente";"Nublado";"Simples";"Curva";"Não";3;1;0;0;1;1;0;3;-27,46478567;-52,0984162;"SPRF-RS";"DEL08-RS";"UOP04-DEL08-RS"
342667;2021-02-24;"quarta-feira";"16:55:00";"PR";116;46;"CAMPINA GRANDE DO SUL";"Velocidade Incompatível";"Tombamento";"Com Vítimas Feridas";"Pleno dia";"Decrescente";"Chuva";"Dupla";"Curva";"Não";4;0;2;0;1;1;2;3;-25,20185401;-48,8962139;"SPRF-PR";"DEL01-PR";"UOP02-DEL01-PR"
342675;2021-02-24;"quarta-feira";"16:00:00";"SP";116;331;"JUQUITIBA";"Pista Escorregadia";"Saída de leito carroçável";"Sem Vítimas";"Pleno dia";"Decrescente";"Chuva";"Dupla";"Reta";"Não";2;0;0;0;1;1;0;2;-23,95129388;-47,10220309;"SPRF-SP";"DEL04-SP";"UOP01-DEL04-SP"
342679;2021-02-24;"quarta-feira";"18:10:00";"GO";20;60;"FORMOSA";"Demais Fenômenos da natureza";"Incêndio";"Sem Vítimas";"Plena Noite";"Crescente";"Céu Claro";"Simples";"Reta";"Sim";2;0;0;0;1;2;0;3;-15,24751;-47,168667;"SPRF-DF";"DEL02-DF";"UOP01-DEL02-DF"
342682;2021-02-24;"quarta-feira";"16:50:00";"SC";282;388,8;"JOACABA";"Acumulo de água sobre o pavimento";"Colisão com objeto";"Com Vítimas Feridas";"Pleno dia";"Decrescente";"Chuva";"Simples";"Curva";"Não";2;0;1;0;1;0;1;1;-27,179003;-51,531616;"SPRF-SC";"DEL07-SC";"UOP05-DEL07-SC"
342683;2021-02-24;"quarta-feira";"17:00:00";"MS";267;75,5;"BATAGUASSU";"Manobra de mudança de faixa";"Tombamento";"Com Vítimas Feridas";"Anoitecer";"Decrescente";"Céu Claro";"Simples";"Reta";"Não";3;0;0;1;1;2;1;3;-21,86895252;-52,8156451;"SPRF-MS";"DEL02-MS";"UOP04-DEL02-MS"
342684;2021-02-24;"quarta-feira";"18:35:00";"SC";101;211,1;"PALHOCA";"Demais falhas mecânicas ou elétricas";"Colisão lateral";"Com Vítimas Feridas";"Anoitecer";"Crescente";"Nublado";"Múltipla";"Ponte";"Sim";3;0;1;0;2;0;1;2;-27,62329313;-48,65245588;"SPRF-SC";"DEL01-SC";"UOP02-DEL01-SC"
342687;2021-02-24;"quarta-feira";"16:30:00";"MT";158;758;"BARRA DO GARCAS";"Condutor Dormindo";"Tombamento";"Com Vítimas Feridas";"Pleno dia";"Crescente";"Céu Claro";"Simples";"Reta";"Não";2;0;1;0;0;2;1;3;-15,56132101;-52,20525576;"SPRF-MT";"DEL07-MT";"UOP01-DEL07-MT"
342690;2021-02-24;"quarta-feira";"18:20:00";"MA";316;560,6;"CAXIAS";"Acessar a via sem observar a presença dos outros veículos";"Colisão transversal";"Com Vítimas Fatais";"Anoitecer";"Crescente";"Céu Claro";"Simples";"Curva";"Não";2;1;0;0;1;0;0;2;-4,888779;-43,283848;"SPRF-MA";"DEL03-MA";"UOP02-DEL03-MA"
342699;2021-02-24;"quarta-feira";"19:00:00";"PE";101;83;"JABOATAO DOS GUARARAPES";"Acessar a via sem observar a presença dos outros veículos";"Colisão lateral";"Com Vítimas Feridas";"Plena Noite";"Decrescente";"Nublado";"Dupla";"Reta";"Sim";3;0;1;1;0;1;2;2;-8,175172;-34,942642;"SPRF-PE";"DEL01-PE";"UOP03-DEL01-PE"
342700;2021-02-24;"quarta-feira";"14:25:00";"ES";101;258,1;"SERRA";"Acessar a via sem observar a presença dos outros veículos";"Colisão lateral mesmo sentido";"Com Vítimas Feridas";"Pleno dia";"Decrescente";"Sol";"Dupla";"Aclive";"Sim";7;0;2;0;4;1;2;2;-20,13059888;-40,2961019;"SPRF-ES";"DEL02-ES";"UOP01-DEL02-ES"
342702;2021-02-24;"quarta-feira";"19:20:00";"RS";448;15;"CANOAS";"Velocidade Incompatível";"Tombamento";"Com Vítimas Feridas";"Plena Noite";"Decrescente";"Céu Claro";"Dupla";"Curva";"Não";2;0;1;0;0;1;1;2;-29,927263;-51,217751;"SPRF-RS";"DEL01-RS";"UOP01-DEL01-RS"
342707;2021-02-24;"quarta-feira";"18:50:00";"BA";116;256;"TUCANO";"Carga excessiva e/ou mal acondicionada";"Tombamento";"Com Vítimas Feridas";"Plena Noite";"Crescente";"Céu Claro";"Simples";"Reta";"Não";2;0;1;0;1;0;1;1;-10,82265617;-38,86792634;"SPRF-BA";"DEL07-BA";"UOP02-DEL07-BA"
342708;2021-02-24;"quarta-feira";"19:00:00";"AL";424;100;"MARECHAL DEODORO";"Acessar a via sem observar a presença dos outros veículos";"Colisão transversal";"Com Vítimas Fatais";"Plena Noite";"Decrescente";"Céu Claro";"Simples";"Reta";"Não";3;1;0;0;1;2;0;4;-9,65261393;-35,85545771;"SPRF-AL";"DEL02-AL";"UOP01-DEL02-AL"
342714;2021-02-24;"quarta-feira";"15:25:00";"MS";262;280;"RIBAS DO RIO PARDO";"Demais falhas mecânicas ou elétricas";"Incêndio";"Sem Vítimas";"Pleno dia";"Decrescente";"Céu Claro";"Simples";"Reta";"Não";2;0;0;0;1;1;0;2;-20,47527326;-54,10933995;"SPRF-MS";"DEL01-MS";"UOP01-DEL01-MS"
342719;2021-02-24;"quarta-feira";"20:50:00";"CE";116;88,5;"CASCAVEL";"Reação tardia ou ineficiente do condutor";"Tombamento";"Com Vítimas Feridas";"Plena Noite";"Decrescente";"Céu Claro";"Simples";"Reta";"Não";2;0;1;0;0;1;1;2;-4,45037707;-38,37963509;"SPRF-CE";"DEL03-CE";"UOP02-DEL03-CE"
342723;2021-02-24;"quarta-feira";"22:03:00";"PR";116;29,8;"CAMPINA GRANDE DO SUL";"Demais falhas mecânicas ou elétricas";"Incêndio";"Sem Vítimas";"Plena Noite";"Crescente";"Garoa/Chuvisco";"Dupla";"Reta";"Não";2;0;0;0;1;1;0;2;-25,10057871;-48,81128876;"SPRF-PR";"DEL01-PR";"UOP02-DEL01-PR"
342729;2021-02-24;"quarta-feira";"22:35:00";"SC";101;202;"SAO JOSE";"Manobra de mudança de faixa";"Colisão lateral mesmo sentido";"Sem Vítimas";"Plena Noite";"Decrescente";"Garoa/Chuvisco";"Dupla";"Reta";"Sim";9;0;0;0;9;0;0;3;-27,55711595;-48,61897889;"SPRF-SC";"DEL01-SC";"UOP01-DEL01-SC"
342733;2021-02-24;"quarta-feira";"23:15:00";"BA";242;410;"SEABRA";"Condutor Dormindo";"Saída de leito carroçável";"Com Vítimas Feridas";"Plena Noite";"Crescente";"Céu Claro";"Simples";"Curva";"Não";2;0;1;0;0;2;1;3;-12,458959;-41,749007;"SPRF-BA";"DEL06-BA";"UOP01-DEL06-BA"
342734;2021-02-25;"quinta-feira";"00:10:00";"RJ";393;138;"SAPUCAIA";"Velocidade Incompatível";"Tombamento";"Com Vítimas Feridas";"Plena Noite";"Decrescente";"Céu Claro";"Simples";"Curva";"Não";3;0;2;0;0;1;2;2;-22,00266194;-42,93093204;"SPRF-RJ";"DEL05-RJ";"UOP01-DEL05-RJ"
342739;2021-02-25;"quinta-feira";"04:00:00";"AL";101;165,5;"TEOTONIO VILELA";"Pedestre andava na pista";"Atropelamento de Pedestre";"Com Vítimas Fatais";"Plena Noite";"Decrescente";"Céu Claro";"Dupla";"Reta";"Não";2;1;0;0;0;1;0;2;-9,8996779;-36,283047;"SPRF-AL";"DEL02-AL";"UOP02-DEL02-AL"
342742;2021-02-25;"quinta-feira";"05:00:00";"GO";50;267,7;"CATALAO";"Demais falhas mecânicas ou elétricas";"Incêndio";"Sem Vítimas";"Plena Noite";"Decrescente";"Nublado";"Dupla";"Reta";"Não";1;0;0;0;1;0;0;1;-18,087;-47,871;"SPRF-GO";"DEL06-GO";"UOP01-DEL06-GO"
342743;2021-02-25;"quinta-feira";"04:00:00";"MG";381;815,5;"CAREACU";"Condutor Dormindo";"Saída de leito carroçável";"Sem Vítimas";"Plena Noite";"Decrescente";"Chuva";"Dupla";"Curva";"Não";2;0;0;0;1;3;0;4;-22,08771284;-45,70503017;"SPRF-MG";"DEL16-MG";"UOP02-DEL16-MG"
342744;2021-02-25;"quinta-feira";"05:20:00";"MG";40;548,5;"NOVA LIMA";"Reação tardia ou ineficiente do condutor";"Colisão traseira";"Sem Vítimas";"Amanhecer";"Decrescente";"Céu Claro";"Dupla";"Curva";"Não";2;0;0;0;2;0;0;2;-20,03136499;-43,96967792;"SPRF-MG";"DEL01-MG";"UOP02-DEL01-MG"
342745;2021-02-25;"quinta-feira";"05:50:00";"PR";376;667;"GUARATUBA";"Problema com o freio";"Incêndio";"Sem Vítimas";"Pleno dia";"Crescente";"Nublado";"Dupla";"Reta";"Não";1;0;0;0;1;0;0;1;-25,86649659;-48,94666822;"SPRF-PR";"DEL01-PR";"UOP04-DEL01-PR"
342750;2021-02-25;"quinta-feira";"06:00:00";"RS";470;154;"NOVA PRATA";"Acessar a via sem observar a presença dos outros veículos";"Saída de leito carroçável";"Com Vítimas Feridas";"Amanhecer";"Crescente";"Céu Claro";"Simples";"Interseção de Vias";"Sim";2;0;1;0;1;0;1;2;-28,76260104;-51,62540697;"SPRF-RS";"DEL06-RS";"UOP02-DEL06-RS"
342752;2021-02-08;"segunda-feira";"08:00:00";"PA";155;344;"MARABA";"Acessar a via sem observar a presença dos outros veículos";"Colisão transversal";"Sem Vítimas";"Pleno dia";"Decrescente";"Céu Claro";"Simples";"Reta";"Sim";2;0;0;0;2;0;0;2;-5,36957395;-49,07796968;"SPRF-PA";"DEL03-PA";"UOP01-DEL03-PA"
342756;2021-02-25;"quinta-feira";"06:30:00";"MG";116;609;"SAO JOAO DO MANHUACU";"Desrespeitar a preferência no cruzamento";"Colisão transversal";"Com Vítimas Feridas";"Pleno dia";"Crescente";"Céu Claro";"Simples";"Rotatória";"Não";2;0;1;0;1;0;1;2;-20,40488795;-42,15173121;"SPRF-MG";"DEL06-MG";"UOP03-DEL06-MG"
342757;2021-02-25;"quinta-feira";"07:35:00";"SE";101;95,9;"NOSSA SENHORA DO SOCORRO";"Demais falhas mecânicas ou elétricas";"Tombamento";"Com Vítimas Feridas";"Pleno dia";"Decrescente";"Céu Claro";"Simples";"Curva";"Não";1;0;1;0;0;0;1;1;-10,91256274;-37,15981218;"SPRF-SE";"DEL02-SE";"UOP01-DEL02-SE"
342758;2021-02-25;"quinta-feira";"06:00:00";"SP";153;87,9;"MIRASSOL";"Ausência de reação do condutor";"Saída de leito carroçável";"Com Vítimas Feridas";"Amanhecer";"Decrescente";"Céu Claro";"Simples";"Aclive";"Não";3;0;1;0;2;0;1;1;-20,94498178;-49,53459612;"SPRF-SP";"DEL09-SP";"UOP01-DEL09-SP"
342761;2021-02-25;"quinta-feira";"06:30:00";"MG";262;416,3;"PARA DE MINAS";"Acessar a via sem observar a presença dos outros veículos";"Colisão traseira";"Com Vítimas Feridas";"Pleno dia";"Decrescente";"Céu Claro";"Dupla";"Reta";"Não";2;0;0;1;1;0;1;2;-19,90954709;-44,680489;"SPRF-MG";"DEL08-MG";"UOP03-DEL08-MG"
342769;2021-02-25;"quinta-feira";"05:15:00";"RO";364;90;"VILHENA";"Demais falhas mecânicas ou elétricas";"Incêndio";"Sem Vítimas";"Amanhecer";"Crescente";"Céu Claro";"Simples";"Reta";"Não";2;0;0;0;1;1;0;2;-12,36103512;-60,62575836;"SPRF-RO";"DEL04-RO";"UOP01-DEL04-RO"
342774;2021-02-25;"quinta-feira";"09:20:00";"SP";116;60,5;"GUARATINGUETA";"Entrada inopinada do pedestre";"Atropelamento de Pedestre";"Com Vítimas Fatais";"Pleno dia";"Decrescente";"Chuva";"Dupla";"Curva;Declive;Interseção de Vias";"Não";3;1;0;0;2;0;0;2;-22,79106843;-45,16105167;"SPRF-SP";"DEL08-SP";"UOP01-DEL08-SP"
342777;2021-02-25;"quinta-feira";"08:00:00";"MG";40;518;"RIBEIRAO DAS NEVES";"Velocidade Incompatível";"Colisão traseira";"Com Vítimas Feridas";"Pleno dia";"Decrescente";"Céu Claro";"Dupla";"Reta";"Sim";5;0;0;4;1;0;4;2;-19,8321242;-44,08208533;"SPRF-MG";"DEL01-MG";"UOP02-DEL01-MG"
342780;2021-02-25;"quinta-feira";"07:45:00";"SC";101;354,1;"SANGAO";"Desrespeitar a preferência no cruzamento";"Colisão transversal";"Com Vítimas Feridas";"Pleno dia";"Crescente";"Nublado";"Simples";"Viaduto";"Não";3;0;1;0;1;1;1;3;-28,61806302;-49,07013199;"SPRF-SC";"DEL02-SC";"UOP01-DEL02-SC"
342781;2021-02-25;"quinta-feira";"09:40:00";"TO";153;760,9;"ALVORADA";"Acessar a via sem observar a presença dos outros veículos";"Colisão transversal";"Com Vítimas Feridas";"Pleno dia";"Crescente";"Nublado";"Dupla";"Rotatória";"Sim";3;0;0;1;1;2;1;4;-12,48300682;-49,11764145;"SPRF-TO";"DEL01-TO";"UOP02-DEL01-TO"
342783;2021-02-25;"quinta-feira";"09:40:00";"RS";153;34,1;"TRES ARROIOS";"Mal súbito do condutor";"Colisão frontal";"Com Vítimas Fatais";"Pleno dia";"Crescente";"Céu Claro";"Simples";"Reta";"Não";2;1;1;0;0;0;1;2;-27,54766204;-52,19612298;"SPRF-RS";"DEL08-RS";"UOP04-DEL08-RS"
342784;2021-02-25;"quinta-feira";"08:40:00";"SC";101;272,8;"IMBITUBA";"Manobra de mudança de faixa";"Saída de leito carroçável";"Com Vítimas Feridas";"Pleno dia";"Crescente";"Nublado";"Dupla";"Reta";"Sim";2;0;1;0;1;0;1;2;-28,128132;-48,693999;"SPRF-SC";"DEL02-SC";"UOP03-DEL02-SC"
342796;2021-02-25;"quinta-feira";"06:15:00";"MG";153;15;"CENTRALINA";"Ausência de reação do condutor";"Saída de leito carroçável";"Sem Vítimas";"Amanhecer";"Crescente";"Céu Claro";"Dupla";"Reta;Aclive";"Não";1;0;0;0;1;0;0;1;-18,551305;-49,19396;"SPRF-MG";"DEL15-MG";"UOP03-DEL15-MG"
342803;2021-02-25;"quinta-feira";"12:55:00";"MG";50;178;"UBERABA";"Velocidade Incompatível";"Saída de leito carroçável";"Com Vítimas Feridas";"Pleno dia";"Decrescente";"Nublado";"Dupla";"Desvio Temporário";"Sim";1;0;1;0;0;0;1;1;-19,77896821;-47,94093599;"SPRF-MG";"DEL13-MG";"UOP01-DEL13-MG"
342804;2021-02-25;"quinta-feira";"12:10:00";"ES";101;12;"PEDRO CANARIO";"Manobra de mudança de faixa";"Colisão lateral";"Com Vítimas Feridas";"Pleno dia";"Crescente";"Sol";"Dupla";"Reta";"Não";3;0;1;0;2;0;1;2;-18,26546317;-39,95721865;"SPRF-ES";"DEL04-ES";"UOP02-DEL04-ES"
342810;2021-01-19;"terça-feira";"11:15:00";"SP";116;46,9;"CANAS";"Reação tardia ou ineficiente do condutor";"Colisão traseira";"Com Vítimas Feridas";"Pleno dia";"Decrescente";"Nublado";"Dupla";"Reta";"Não";3;0;0;1;1;3;1;5;-22,71393589;-45,05335608;"SPRF-SP";"DEL08-SP";"UOP02-DEL08-SP"
342812;2021-02-25;"quinta-feira";"13:30:00";"PR";0;0;"CASCAVEL";"Reação tardia ou ineficiente do condutor";"Colisão transversal";"Com Vítimas Feridas";"Pleno dia";"Não Informado";"Céu Claro";"Simples";"Interseção de Vias";"Sim";2;0;1;0;1;0;1;2;-24,98837665;-53,50778641;"SPRF-PR";"DEL04-PR";"UOP01-DEL04-PR"
342820;2021-02-25;"quinta-feira";"13:50:00";"SP";116;542;"BARRA DO TURVO";"Reação tardia ou ineficiente do condutor";"Saída de leito carroçável";"Com Vítimas Feridas";"Pleno dia";"Decrescente";"Chuva";"Dupla";"Reta";"Não";2;0;1;0;0;2;1;3;-24,96898395;-48,40753695;"SPRF-SP";"DEL05-SP";"UOP02-DEL05-SP"
342821;2021-01-31;"domingo";"07:00:00";"PA";158;748;"SANTANA DO ARAGUAIA";"Reação tardia ou ineficiente do condutor";"Saída de leito carroçável";"Com Vítimas Feridas";"Pleno dia";"Crescente";"Céu Claro";"Simples";"Curva";"Não";2;0;0;1;0;3;1;4;-9,12012251;-50,37709972;"SPRF-PA";"DEL03-PA";"UOP01-DEL03-PA"
342823;2021-02-25;"quinta-feira";"14:47:00";"MG";262;636,8;"IBIA";"Velocidade Incompatível";"Saída de leito carroçável";"Com Vítimas Feridas";"Pleno dia";"Crescente";"Nublado";"Simples";"Curva";"Não";1;0;0;1;0;0;1;1;-19,58415712;-46,50717706;"SPRF-MG";"DEL08-MG";"UOP01-DEL08-MG"
342825;2021-02-25;"quinta-feira";"10:30:00";"RJ";393;298;"BARRA MANSA";"Demais falhas na via";"Saída de leito carroçável";"Sem Vítimas";"Pleno dia";"Crescente";"Nublado";"Simples";"Curva;Aclive";"Sim";2;0;0;0;1;1;0;2;-22,54313289;-44,11298586;"SPRF-RJ";"DEL07-RJ";"UOP02-DEL07-RJ"
342828;2021-02-25;"quinta-feira";"15:15:00";"SP";116;512;"CAJATI";"Velocidade Incompatível";"Colisão com objeto";"Com Vítimas Feridas";"Pleno dia";"Decrescente";"Chuva";"Dupla";"Curva";"Não";2;0;0;1;0;1;1;2;-24,84304306;-48,22027915;"SPRF-SP";"DEL05-SP";"UOP02-DEL05-SP"
342834;2021-02-25;"quinta-feira";"15:50:00";"RS";386;157;"ALMIRANTE TAMANDARE DO SUL";"Condutor deixou de manter distância do veículo da frente";"Colisão traseira";"Com Vítimas Feridas";"Pleno dia";"Decrescente";"Céu Claro";"Simples";"Reta";"Não";3;0;1;0;1;1;1;3;-28,133848;-52,848679;"SPRF-RS";"DEL08-RS";"UOP01-DEL08-RS"
342847;2021-02-25;"quinta-feira";"11:22:00";"SP";116;95,6;"PINDAMONHANGABA";"Mal súbito do condutor";"Colisão traseira";"Com Vítimas Feridas";"Pleno dia";"Decrescente";"Nublado";"Dupla";"Aclive;Reta";"Não";3;0;1;0;1;3;1;5;-22,96514512;-45,43013094;"SPRF-SP";"DEL08-SP";"UOP01-DEL08-SP"
342850;2021-02-25;"quinta-feira";"15:45:00";"RN";101;97;"NATAL";"Reação tardia ou ineficiente do condutor";"Colisão traseira";"Com Vítimas Feridas";"Pleno dia";"Crescente";"Céu Claro";"Dupla";"Aclive";"Sim";4;0;1;0;3;0;1;3;-5,85758898;-35,21271205;"SPRF-RN";"DEL01-RN";"UOP01-DEL01-RN"
342856;2021-02-25;"quinta-feira";"16:30:00";"ES";101;159,8;"LINHARES";"Frear bruscamente";"Colisão traseira";"Com Vítimas Feridas";"Pleno dia";"Crescente";"Sol";"Simples";"Reta";"Não";2;0;1;0;1;0;1;2;-19,4684012;-40,1102557;"SPRF-ES";"DEL04-ES";"UOP01-DEL04-ES"
342867;2021-02-25;"quinta-feira";"17:20:00";"MG";381;692,9;"LAVRAS";"Velocidade Incompatível";"Tombamento";"Com Vítimas Feridas";"Pleno dia";"Decrescente";"Nublado";"Simples";"Retorno Regulamentado";"Não";3;0;1;0;1;1;1;3;-21,22602173;-45,13080597;"SPRF-MG";"DEL04-MG";"UOP02-DEL04-MG"
342870;2021-02-25;"quinta-feira";"16:00:00";"MT";163;800,5;"VERA";"Condutor deixou de manter distância do veículo da frente";"Colisão traseira";"Sem Vítimas";"Pleno dia";"Decrescente";"Céu Claro";"Simples";"Reta";"Não";3;0;0;0;2;2;0;4;-12,171;-55,52;"SPRF-MT";"DEL06-MT";"UOP01-DEL06-MT"
342877;2021-02-25;"quinta-feira";"17:10:00";"PR";277;425,4;"CANTAGALO";"Mal súbito do condutor";"Colisão lateral sentido oposto";"Com Vítimas Feridas";"Pleno dia";"Decrescente";"Sol";"Dupla";"Reta";"Não";3;0;0;1;1;2;1;4;-25,38220585;-52,11624364;"SPRF-PR";"DEL04-PR";"UOP02-DEL04-PR"
342878;2021-02-25;"quinta-feira";"16:00:00";"MG";40;703,5;"BARBACENA";"Objeto estático sobre o leito carroçável";"Colisão com objeto";"Sem Vítimas";"Pleno dia";"Decrescente";"Sol";"Dupla";"Reta";"Não";3;0;0;0;2;1;0;3;-21,228093;-43,727956;"SPRF-MG";"DEL05-MG";"UOP02-DEL05-MG"
342879;2021-02-25;"quinta-feira";"17:50:00";"PR";116;28;"CAMPINA GRANDE DO SUL";"Problema com o freio";"Tombamento";"Sem Vítimas";"Anoitecer";"Decrescente";"Chuva";"Dupla";"Curva";"Sim";5;0;0;0;4;5;0;9;-25,10670298;-48,80405799;"SPRF-PR";"DEL01-PR";"UOP02-DEL01-PR"
342883;2021-02-25;"quinta-feira";"18:28:00";"PR";116;137,5;"MANDIRITUBA";"Ausência de reação do condutor";"Colisão com objeto";"Sem Vítimas";"Pleno dia";"Crescente";"Nublado";"Dupla";"Reta";"Não";2;0;0;0;1;1;0;2;-25,74126357;-49,31765914;"SPRF-PR";"DEL01-PR";"UOP03-DEL01-PR"
342884;2021-02-25;"quinta-feira";"18:05:00";"MG";459;44;"SANTA RITA DE CALDAS";"Transitar na contramão";"Colisão frontal";"Com Vítimas Fatais";"Anoitecer";"Crescente";"Nublado";"Simples";"Reta";"Não";5;1;1;1;0;2;2;4;-22,024642;-46,305807;"SPRF-MG";"DEL09-MG";"UOP01-DEL09-MG"
342886;2021-02-25;"quinta-feira";"18:30:00";"AL";316;251;"PILAR";"Condutor deixou de manter distância do veículo da frente";"Colisão traseira";"Com Vítimas Feridas";"Plena Noite";"Crescente";"Céu Claro";"Simples";"Reta";"Não";4;0;0;2;2;0;2;2;-9,56369581;-35,97111969;"SPRF-AL";"DEL01-AL";"UOP01-DEL01-AL"
342890;2021-02-25;"quinta-feira";"17:10:00";"RS";392;27,4;"RIO GRANDE";"Reação tardia ou ineficiente do condutor";"Colisão traseira";"Com Vítimas Feridas";"Pleno dia";"Crescente";"Céu Claro";"Simples";"Reta";"Sim";2;0;1;0;1;0;1;2;-32,07415155;-52,26394823;"SPRF-RS";"DEL07-RS";"UOP02-DEL07-RS"
342891;2021-01-20;"quarta-feira";"18:40:00";"RN";405;117,5;"ITAU";"Transitar na contramão";"Colisão lateral sentido oposto";"Com Vítimas Feridas";"Plena Noite";"Crescente";"Nublado";"Simples";"Reta";"Não";2;0;0;2;0;0;2;2;-5,88633601;-38,04114199;"SPRF-RN";"DEL04-RN";"UOP02-DEL04-RN"
342892;2021-02-25;"quinta-feira";"18:45:00";"PE";101;39,2;"IGARASSU";"Pedestre cruzava a pista fora da faixa";"Atropelamento de Pedestre";"Com Vítimas Fatais";"Plena Noite";"Crescente";"Céu Claro";"Dupla";"Declive";"Não";3;1;0;0;1;1;0;3;-7,81259899;-34,91890497;"SPRF-PE";"DEL01-PE";"UOP02-DEL01-PE"
342898;2021-02-25;"quinta-feira";"18:40:00";"SP";381;70;"MAIRIPORA";"Reação tardia ou ineficiente do condutor";"Colisão com objeto";"Com Vítimas Feridas";"Anoitecer";"Decrescente";"Chuva";"Dupla";"Reta";"Não";3;0;1;0;1;1;1;3;-23,34972978;-46,56070474;"SPRF-SP";"DEL03-SP";"UOP01-DEL03-SP"
342900;2021-02-25;"quinta-feira";"19:20:00";"SC";280;166;"MAFRA";"Condutor deixou de manter distância do veículo da frente";"Colisão traseira";"Com Vítimas Feridas";"Plena Noite";"Decrescente";"Céu Claro";"Simples";"Reta";"Não";6;0;3;0;2;1;3;2;-26,17713619;-49,81611416;"SPRF-SC";"DEL06-SC";"UOP01-DEL06-SC"
342905;2021-02-25;"quinta-feira";"20:00:00";"SP";116;186,1;"SANTA ISABEL";"Objeto estático sobre o leito carroçável";"Colisão com objeto";"Com Vítimas Feridas";"Plena Noite";"Decrescente";"Nublado";"Dupla";"Curva";"Não";2;0;1;0;0;1;1;2;-23,35220682;-46,19934905;"SPRF-SP";"DEL01-SP";"UOP01-DEL01-SP"
342907;2021-02-25;"quinta-feira";"20:20:00";"PR";376;185;"SARANDI";"Pedestre cruzava a pista fora da faixa";"Atropelamento de Pedestre";"Com Vítimas Fatais";"Plena Noite";"Decrescente";"Céu Claro";"Dupla";"Reta";"Sim";4;1;0;0;1;3;0;4;-23,45147413;-51,85361808;"SPRF-PR";"DEL09-PR";"UOP01-DEL09-PR"
342908;2021-02-25;"quinta-feira";"18:30:00";"MT";163;929;"ITAUBA";"Ultrapassagem Indevida";"Colisão lateral mesmo sentido";"Com Vítimas Feridas";"Plena Noite";"Crescente";"Céu Claro";"Simples";"Curva";"Não";3;0;1;0;1;1;1;3;-11,18101607;-55,31012039;"SPRF-MT";"DEL06-MT";"NPF/DEL06-MT"
342909;2021-02-25;"quinta-feira";"20:30:00";"CE";222;20;"CAUCAIA";"Neblina";"Colisão frontal";"Com Vítimas Feridas";"Plena Noite";"Decrescente";"Céu Claro";"Simples";"Rotatória";"Sim";5;0;3;1;1;0;4;2;-3,73679803;-38,74411225;"SPRF-CE";"DEL01-CE";"UOP01-DEL01-CE"
342913;2021-02-25;"quinta-feira";"21:30:00";"SC";101;9,7;"GARUVA";"Ingestão de álcool ou de substâncias psicoativas pelo pedestre";"Atropelamento de Pedestre";"Com Vítimas Feridas";"Plena Noite";"Decrescente";"Garoa/Chuvisco";"Dupla";"Reta";"Não";2;0;1;0;0;1;1;2;-26,053987;-48,859608;"SPRF-SC";"DEL03-SC";"UOP01-DEL03-SC"
342918;2021-02-25;"quinta-feira";"22:10:00";"SP";116;105;"TAUBATE";"Condutor deixou de manter distância do veículo da frente";"Colisão traseira";"Com Vítimas Feridas";"Plena Noite";"Decrescente";"Chuva";"Dupla";"Reta";"Sim";2;0;1;0;1;0;1;2;-23,00757973;-45,51466613;"SPRF-SP";"DEL08-SP";"UOP01-DEL08-SP"