"id";"data_inversa";"dia_semana";"horario";"uf";"br";"km";"municipio";"causa_acidente";"tipo_acidente";"classificacao_acidente";"fase_dia";"sentido_via";"condicao_metereologica";"tipo_pista";"tracado_via";"uso_solo";"pessoas";"mortos";"feridos_leves";"feridos_graves";"ilesos";"ignorados";"feridos";"veiculos";"latitude";"longitude";"regional";"delegacia";"uop"
342921;2021-02-25;"quinta-feira";"20:35:00";"MS";163;126,3;"NAVIRAI";"Pedestre andava na pista";"Atropelamento de Pedestre";"Com Vítimas Feridas";"Plena Noite";"Decrescente";"Céu Claro";"Simples";"Reta";"Não";3;0;0;1;1;1;1;3;-23,061588;-54,232052;"SPRF-MS";"DEL09-MS";"UOP01-DEL09-MS"
342930;2021-02-25;"quinta-feira";"18:15:00";"MG";354;771,7;"ITAMONTE";"Velocidade Incompatível";"Colisão com objeto";"Sem Vítimas";"Anoitecer";"Decrescente";"Garoa/Chuvisco";"Simples";"Curva;Declive";"Não";2;0;0;0;1;1;0;2;-22,36470902;-44,77070101;"SPRF-MG";"DEL17-MG";"UOP01-DEL17-MG"
342931;2021-02-25;"quinta-feira";"22:00:00";"MG";381;210,9;"NAQUE";"Ingestão de álcool pelo condutor";"Colisão lateral sentido oposto";"Com Vítimas Feridas";"Plena Noite";"Decrescente";"Nublado";"Simples";"Reta";"Não";2;0;0;1;0;1;1;2;-19,22999819;-42,32682471;"SPRF-MG";"DEL06-MG";"UOP01-DEL06-MG"
342932;2021-02-25;"quinta-feira";"23:30:00";"RJ";116;178,9;"NOVA IGUACU";"Condutor Dormindo";"Tombamento";"Com Vítimas Feridas";"Plena Noite";"Decrescente";"Céu Claro";"Dupla";"Reta";"Não";1;0;1;0;0;0;1;1;-22,77496393;-43,40081465;"SPRF-RJ";"DEL01-RJ";"UOP02-DEL01-RJ"
342936;2021-02-25;"quinta-feira";"15:30:00";"MA";230;65;"SUCUPIRA DO RIACHAO";"Chuva";"Saída de leito carroçável";"Com Vítimas Feridas";"Pleno dia";"Decrescente";"Chuva";"Simples";"Reta";"Não";2;0;1;0;0;1;1;2;-6,58489836;-43,44179084;"SPRF-PI";"DEL03-PI";"UOP01-DEL03-PI"
342938;2021-02-25;"quinta-feira";"23:55:00";"SC";101;115,8;"ITAJAI";"Estacionar ou parar em local proibido";"Colisão traseira";"Sem Vítimas";"Plena Noite";"Decrescente";"Céu Claro";"Múltipla";"Reta";"Sim";3;0;0;0;2;1;0;3;-26,87064015;-48,72954134;"SPRF-SC";"DEL04-SC";"UOP04-DEL04-SC"
342939;2021-02-26;"sexta-feira";"01:25:00";"ES";101;270,8;"SERRA";"Ingestão de substâncias psicoativas pelo condutor";"Colisão com objeto";"Sem Vítimas";"Plena Noite";"Decrescente";"Nublado";"Dupla";"Viaduto";"Sim";2;0;0;0;1;2;0;3;-20,22662056;-40,27075088;"SPRF-ES";"DEL02-ES";"UOP01-DEL02-ES"
342943;2021-02-26;"sexta-feira";"03:50:00";"PE";101;28;"IGARASSU";"Chuva";"Colisão com objeto";"Sem Vítimas";"Plena Noite";"Decrescente";"Chuva";"Dupla";"Reta";"Não";1;0;0;0;1;0;0;1;-7,72056385;-34,94127124;"SPRF-PE";"DEL01-PE";"UOP02-DEL01-PE"
342945;2021-02-26;"sexta-feira";"04:15:00";"RJ";116;244,4;"PIRAI";"Condutor deixou de manter distância do veículo da frente";"Colisão traseira";"Com Vítimas Feridas";"Plena Noite";"Crescente";"Chuva";"Simples";"Aclive;Reta";"Não";3;0;1;0;1;1;1;3;-22,62453834;-43,91765203;"SPRF-RJ";"DEL07-RJ";"UOP01-DEL07-RJ"
342948;2021-02-25;"quinta-feira";"21:20:00";"MA";10;168;"PORTO FRANCO";"Velocidade Incompatível";"Tombamento";"Com Vítimas Feridas";"Plena Noite";"Decrescente";"Nublado";"Simples";"Curva";"Não";2;0;1;0;0;2;1;3;-6,248398;-47,352127;"SPRF-MA";"DEL04-MA";"UOP02-DEL04-MA"
342951;2021-02-26;"sexta-feira";"05:40:00";"ES";101;8,6;"PEDRO CANARIO";"Demais falhas mecânicas ou elétricas";"Incêndio";"Sem Vítimas";"Amanhecer";"Crescente";"Céu Claro";"Simples";"Reta";"Não";2;0;0;0;1;1;0;2;-18,23027961;-39,95278417;"SPRF-ES";"DEL04-ES";"UOP02-DEL04-ES"
342953;2021-02-26;"sexta-feira";"05:55:00";"SC";101;134;"BALNEARIO CAMBORIU";"Avarias e/ou desgaste excessivo no pneu";"Incêndio";"Sem Vítimas";"Pleno dia";"Decrescente";"Céu Claro";"Múltipla";"Reta";"Sim";2;0;0;0;1;1;0;2;-27,00218;-48,636433;"SPRF-SC";"DEL04-SC";"UOP03-DEL04-SC"
342954;2021-02-26;"sexta-feira";"04:30:00";"BA";101;667,3;"ITAGIMIRIM";"Velocidade Incompatível";"Tombamento";"Com Vítimas Feridas";"Amanhecer";"Decrescente";"Céu Claro";"Simples";"Reta";"Não";3;0;1;0;2;0;1;1;-16,16313703;-39,59661212;"SPRF-BA";"DEL09-BA";"UOP01-DEL09-BA"
342961;2021-02-26;"sexta-feira";"05:30:00";"GO";60;15;"ALEXANIA";"Condutor deixou de manter distância do veículo da frente";"Colisão traseira";"Com Vítimas Feridas";"Pleno dia";"Crescente";"Céu Claro";"Dupla";"Reta";"Não";3;0;1;0;1;2;1;4;-16,094168;-48,517212;"SPRF-DF";"DEL03-DF";"UOP01-DEL03-DF"
342969;2021-02-26;"sexta-feira";"07:00:00";"AL";104;70;"MURICI";"Objeto estático sobre o leito carroçável";"Saída de leito carroçável";"Com Vítimas Feridas";"Pleno dia";"Decrescente";"Céu Claro";"Simples";"Reta";"Não";2;0;0;1;0;1;1;2;-9,35709773;-35,86247814;"SPRF-AL";"DEL01-AL";"UOP02-DEL01-AL"
342970;2021-02-26;"sexta-feira";"06:50:00";"PE";101;95,8;"CABO DE SANTO AGOSTINHO";"Condutor deixou de manter distância do veículo da frente";"Colisão traseira";"Com Vítimas Feridas";"Pleno dia";"Crescente";"Chuva";"Dupla";"Reta";"Não";4;0;2;0;2;0;2;2;-8,25099;-35,01426;"SPRF-PE";"DEL01-PE";"UOP03-DEL01-PE"
342990;2021-02-26;"sexta-feira";"05:30:00";"MG";262;165;"SAO DOMINGOS DO PRATA";"Velocidade Incompatível";"Tombamento";"Com Vítimas Feridas";"Amanhecer";"Decrescente";"Chuva";"Simples";"Curva";"Não";2;0;1;0;0;2;1;3;-19,95406793;-42,87178516;"SPRF-MG";"DEL03-MG";"UOP03-DEL03-MG"
343006;2021-02-26;"sexta-feira";"10:30:00";"MG";262;371,5;"JUATUBA";"Acessar a via sem observar a presença dos outros veículos";"Colisão transversal";"Com Vítimas Feridas";"Pleno dia";"Decrescente";"Nublado";"Dupla";"Interseção de Vias";"Sim";3;0;0;1;1;1;1;3;-19,97212126;-44,30817896;"SPRF-MG";"DEL01-MG";"UOP03-DEL01-MG"
343012;2021-02-26;"sexta-feira";"08:34:00";"MT";163;740;"SORRISO";"Ausência de reação do condutor";"Colisão lateral sentido oposto";"Com Vítimas Feridas";"Pleno dia";"Decrescente";"Nublado";"Simples";"Reta";"Não";4;0;0;1;2;5;1;8;-12,74982305;-55,83298367;"SPRF-MT";"DEL06-MT";"UOP01-DEL06-MT"
343014;2021-02-26;"sexta-feira";"08:50:00";"BA";101;402,8;"IBIRAPITANGA";"Curva acentuada";"Tombamento";"Com Vítimas Feridas";"Pleno dia";"Decrescente";"Céu Claro";"Simples";"Curva";"Sim";1;0;1;0;0;0;1;1;-14,10785002;-39,36505811;"SPRF-BA";"DEL05-BA";"UOP03-DEL05-BA"
343018;2021-02-26;"sexta-feira";"11:30:00";"PE";232;33;"MORENO";"Reação tardia ou ineficiente do condutor";"Saída de leito carroçável";"Com Vítimas Feridas";"Pleno dia";"Crescente";"Céu Claro";"Dupla";"Reta";"Não";1;0;0;1;0;0;1;1;-8,10539025;-35,17523495;"SPRF-PE";"DEL02-PE";"UOP02-DEL02PE"
343025;2021-02-26;"sexta-feira";"12:35:00";"SC";101;53,5;"JOINVILLE";"Velocidade Incompatível";"Colisão traseira";"Com Vítimas Feridas";"Pleno dia";"Crescente";"Chuva";"Dupla";"Reta";"Não";5;0;1;0;3;2;1;5;-26,40231201;-48,83969703;"SPRF-SC";"DEL03-SC";"UOP01-DEL03-SC"
343026;2021-02-26;"sexta-feira";"11:10:00";"MG";262;505;"LUZ";"Velocidade Incompatível";"Colisão traseira";"Com Vítimas Feridas";"Pleno dia";"Crescente";"Chuva";"Simples";"Reta";"Não";7;0;2;0;4;3;2;5;-19,77150949;-45,51833153;"SPRF-MG";"DEL08-MG";"UOP03-DEL08-MG"
343032;2021-02-26;"sexta-feira";"13:30:00";"MG";40;636,1;"CONSELHEIRO LAFAIETE";"Velocidade Incompatível";"Colisão frontal";"Com Vítimas Feridas";"Pleno dia";"Crescente";"Chuva";"Simples";"Curva";"Não";7;0;2;1;4;0;3;5;-20,70525604;-43,79263228;"SPRF-MG";"DEL05-MG";"UOP02-DEL05-MG"
343044;2021-02-26;"sexta-feira";"14:10:00";"MG";40;442,2;"PARAOPEBA";"Chuva";"Colisão com objeto";"Com Vítimas Feridas";"Pleno dia";"Crescente";"Chuva";"Dupla";"Reta";"Não";1;0;1;0;0;0;1;1;-19,276977;-44,418399;"SPRF-MG";"DEL02-MG";"UOP01-DEL02-MG"
343046;2021-02-26;"sexta-feira";"12:30:00";"MT";364;350;"SANTO ANTONIO DO LEVERGER";"Problema com o freio";"Tombamento";"Com Vítimas Feridas";"Pleno dia";"Crescente";"Céu Claro";"Dupla";"Curva;Declive";"Não";3;0;1;0;1;1;1;2;-15,80518241;-55,55686807;"SPRF-MT";"DEL05-MT";"UOP02-DEL05-MT"
343047;2021-02-26;"sexta-feira";"12:30:00";"MS";163;736;"COXIM";"Reação tardia ou ineficiente do condutor";"Tombamento";"Sem Vítimas";"Pleno dia";"Decrescente";"Céu Claro";"Simples";"Reta";"Não";2;0;0;0;1;1;0;2;-18,46085775;-54,71187148;"SPRF-MS";"DEL06-MS";"UOP01-DEL06-MS"
343050;2021-02-25;"quinta-feira";"21:00:00";"MG";251;239,6;"SANTA CRUZ DE SALINAS";"Condutor Dormindo";"Saída de leito carroçável";"Sem Vítimas";"Pleno dia";"Decrescente";"Garoa/Chuvisco";"Simples";"Reta";"Não";2;0;0;0;1;1;0;2;-15,99180821;-41,75878644;"SPRF-MG";"DEL11-MG";"UOP02-DEL11-MG"
343053;2021-02-26;"sexta-feira";"15:20:00";"PR";277;107;"CAMPO LARGO";"Frear bruscamente";"Colisão traseira";"Sem Vítimas";"Pleno dia";"Crescente";"Céu Claro";"Dupla";"Reta";"Sim";4;0;0;0;3;1;0;3;-25,43321024;-49,43051459;"SPRF-PR";"DEL01-PR";"UOP01-DEL01-PR"
343056;2021-02-26;"sexta-feira";"15:40:00";"PR";376;673;"GUARATUBA";"Avarias e/ou desgaste excessivo no pneu";"Saída de leito carroçável";"Com Vítimas Feridas";"Pleno dia";"Crescente";"Garoa/Chuvisco";"Dupla";"Reta";"Não";2;0;1;0;0;1;1;2;-25,90092097;-48,92572096;"SPRF-PR";"DEL01-PR";"UOP04-DEL01-PR"
343058;2021-02-26;"sexta-feira";"14:50:00";"SP";153;256,3;"MARILIA";"Reação tardia ou ineficiente do condutor";"Tombamento";"Sem Vítimas";"Pleno dia";"Decrescente";"Sol";"Dupla";"Rotatória";"Sim";2;0;0;0;1;1;0;2;-22,23794214;-49,91904259;"SPRF-SP";"DEL07-SP";"UOP02-DEL07-SP"
343063;2021-02-26;"sexta-feira";"16:15:00";"PR";376;187,7;"MARIALVA";"Desrespeitar a preferência no cruzamento";"Colisão transversal";"Com Vítimas Fatais";"Pleno dia";"Crescente";"Céu Claro";"Dupla";"Retorno Regulamentado";"Sim";3;1;0;0;1;3;0;5;-23,4587058;-51,84124947;"SPRF-PR";"DEL09-PR";"UOP01-DEL09-PR"
343067;2021-02-26;"sexta-feira";"16:00:00";"MG";251;331;"FRUTA DE LEITE";"Ausência de reação do condutor";"Colisão lateral sentido oposto";"Com Vítimas Feridas";"Pleno dia";"Decrescente";"Céu Claro";"Simples";"Curva";"Não";3;0;0;1;1;2;1;4;-16,26364876;-42,41718899;"SPRF-MG";"DEL12-MG";"UOP01-DEL12-MG"
343071;2021-02-26;"sexta-feira";"16:10:00";"RN";405;3;"MOSSORO";"Retorno proibido";"Colisão transversal";"Com Vítimas Feridas";"Pleno dia";"Crescente";"Chuva";"Simples";"Reta";"Sim";2;0;1;0;1;0;1;2;-5,19386547;-37,38052995;"SPRF-RN";"DEL04-RN";"UOP02-DEL04-RN"
343072;2021-02-26;"sexta-feira";"17:00:00";"SP";116;210;"GUARULHOS";"Trafegar com motocicleta (ou similar) entre as faixas";"Colisão lateral mesmo sentido";"Com Vítimas Feridas";"Pleno dia";"Crescente";"Céu Claro";"Dupla";"Reta";"Não";4;0;1;0;3;0;1;4;-23,42870023;-46,41085991;"SPRF-SP";"DEL01-SP";"UOP01-DEL01-SP"
343076;2021-02-26;"sexta-feira";"17:20:00";"MG";381;500;"BETIM";"Condutor deixou de manter distância do veículo da frente";"Colisão lateral mesmo sentido";"Com Vítimas Feridas";"Pleno dia";"Decrescente";"Chuva";"Dupla";"Reta;Aclive";"Não";4;0;1;0;3;0;1;4;-20,02513493;-44,23112709;"SPRF-MG";"DEL01-MG";"UOP03-DEL01-MG"
343077;2021-01-04;"segunda-feira";"22:10:00";"SC";101;137,3;"BALNEARIO CAMBORIU";"Ingestão de álcool pelo condutor";"Colisão traseira";"Com Vítimas Fatais";"Plena Noite";"Crescente";"Céu Claro";"Dupla";"Reta";"Sim";4;1;0;0;2;1;0;4;-27,0157238;-48,61192763;"SPRF-SC";"DEL04-SC";"UOP03-DEL04-SC"
343078;2021-02-26;"sexta-feira";"17:05:00";"PR";373;183;"PONTA GROSSA";"Desrespeitar a preferência no cruzamento";"Colisão transversal";"Com Vítimas Feridas";"Pleno dia";"Crescente";"Céu Claro";"Dupla";"Interseção de Vias";"Não";4;0;1;0;2;2;1;4;-25,03935712;-50,2767641;"SPRF-PR";"DEL03-PR";"UOP04-DEL03-PR"
343087;2021-02-26;"sexta-feira";"17:45:00";"SC";280;7,3;"SAO FRANCISCO DO SUL";"Condutor deixou de manter distância do veículo da frente";"Engavetamento";"Com Vítimas Feridas";"Pleno dia";"Crescente";"Garoa/Chuvisco";"Simples";"Reta";"Não";4;0;2;0;2;0;2;3;-26,27127101;-48,64129599;"SPRF-SC";"DEL03-SC";"UOP03-DEL03-SC"
343088;2021-02-26;"sexta-feira";"16:00:00";"MA";10;181;"CAMPESTRE DO MARANHAO";"Ingestão de álcool pelo condutor";"Saída de leito carroçável";"Sem Vítimas";"Pleno dia";"Decrescente";"Céu Claro";"Simples";"Reta";"Não";4;0;0;0;3;1;0;2;-6,132804;-47,373402;"SPRF-MA";"DEL04-MA";"UOP02-DEL04-MA"
343096;2021-02-26;"sexta-feira";"16:50:00";"SC";101;82,8;"BARRA VELHA";"Condutor deixou de manter distância do veículo da frente";"Colisão traseira";"Com Vítimas Feridas";"Pleno dia";"Decrescente";"Céu Claro";"Dupla";"Reta";"Sim";3;0;1;0;2;0;1;2;-26,61085222;-48,72204472;"SPRF-SC";"DEL03-SC";"UOP02-DEL03-SC"
343097;2021-02-26;"sexta-feira";"15:00:00";"RS";290;655;"URUGUAIANA";"Condutor Dormindo";"Colisão lateral sentido oposto";"Com Vítimas Feridas";"Pleno dia";"Crescente";"Céu Claro";"Simples";"Reta";"Não";3;0;1;0;2;0;1;2;-30,005001;-56,468792;"SPRF-RS";"DEL13-RS";"UOP01-DEL13-RS"
343099;2021-02-26;"sexta-feira";"18:55:00";"PE";232;28,3;"MORENO";"Carga excessiva e/ou mal acondicionada";"Colisão com objeto";"Sem Vítimas";"Plena Noite";"Decrescente";"Nublado";"Dupla";"Reta";"Não";2;0;0;0;2;0;0;2;-8,11290892;-35,13442099;"SPRF-PE";"DEL02-PE";"UOP02-DEL02PE"
343100;2021-02-26;"sexta-feira";"16:30:00";"MG";40;517;"RIBEIRAO DAS NEVES";"Reação tardia ou ineficiente do condutor";"Colisão traseira";"Com Vítimas Feridas";"Pleno dia";"Crescente";"Nublado";"Dupla";"Reta";"Sim";4;0;1;0;1;2;1;3;-19,82351202;-44,08438913;"SPRF-MG";"DEL01-MG";"UOP02-DEL01-MG"
343112;2021-02-26;"sexta-feira";"17:00:00";"PR";277;687;"SAO MIGUEL DO IGUACU";"Acessar a via sem observar a presença dos outros veículos";"Colisão transversal";"Com Vítimas Feridas";"Pleno dia";"Crescente";"Sol";"Dupla";"Retorno Regulamentado";"Sim";4;0;1;0;2;4;1;7;-25,34489164;-54,23174232;"SPRF-PR";"DEL05-PR";"UOP01-DEL05-PR"
343119;2021-02-26;"sexta-feira";"19:25:00";"MT";163;770;"SORRISO";"Pista Escorregadia";"Colisão transversal";"Com Vítimas Feridas";"Plena Noite";"Crescente";"Chuva";"Simples";"Declive";"Não";2;0;1;0;1;0;1;2;-12,422517;-55,639367;"SPRF-MT";"DEL06-MT";"UOP01-DEL06-MT"
343123;2021-02-26;"sexta-feira";"19:10:00";"PR";376;410,8;"TIBAGI";"Demais falhas mecânicas ou elétricas";"Incêndio";"Sem Vítimas";"Plena Noite";"Crescente";"Céu Claro";"Dupla";"Reta";"Sim";1;0;0;0;1;0;0;1;-24,66458786;-50,60469271;"SPRF-PR";"DEL03-PR";"UOP02-DEL03-PR"
343125;2021-02-17;"quarta-feira";"16:15:00";"MS";262;58,7;"TRES LAGOAS";"Velocidade Incompatível";"Tombamento";"Com Vítimas Feridas";"Pleno dia";"Decrescente";"Céu Claro";"Simples";"Curva";"Não";2;0;1;0;0;1;1;2;-20,7252921;-52,13166905;"SPRF-MS";"DEL07-MS";"UOP01-DEL07-MS"
343130;2021-01-13;"quarta-feira";"16:15:00";"RS";392;276;"SAO SEPE";"Transitar na contramão";"Colisão lateral sentido oposto";"Com Vítimas Feridas";"Pleno dia";"Crescente";"Céu Claro";"Simples";"Curva";"Não";3;0;0;1;1;1;1;3;-30,34025001;-53,52091605;"SPRF-RS";"DEL09-RS";"UOP02-DEL09-RS"
343131;2021-02-26;"sexta-feira";"20:30:00";"RN";101;131,1;"SAO JOSE DE MIPIBU";"Ausência de reação do condutor";"Colisão traseira";"Sem Vítimas";"Plena Noite";"Crescente";"Garoa/Chuvisco";"Dupla";"Aclive";"Não";3;0;0;0;2;2;0;4;-6,12845998;-35,22884476;"SPRF-RN";"DEL01-RN";"UOP01-DEL01-RN"
343136;2021-02-26;"sexta-feira";"21:30:00";"SP";116;160,9;"JACAREI";"Velocidade Incompatível";"Saída de leito carroçável";"Com Vítimas Feridas";"Plena Noite";"Decrescente";"Nublado";"Dupla";"Reta";"Não";1;0;1;0;0;0;1;1;-23,27101606;-45,96787896;"SPRF-SP";"DEL02-SP";"UOP01-DEL02-SP"
343141;2021-02-26;"sexta-feira";"13:30:00";"PA";155;247;"ELDORADO DO CARAJAS";"Manobra de mudança de faixa";"Colisão frontal";"Com Vítimas Fatais";"Pleno dia";"Crescente";"Garoa/Chuvisco";"Simples";"Aclive";"Não";6;1;1;3;0;3;4;5;-6,13248001;-49,3591739;"SPRF-PA";"DEL03-PA";"UOP01-DEL03-PA"
343144;2021-02-26;"sexta-feira";"21:20:00";"RJ";116;323;"ITATIAIA";"Manobra de mudança de faixa";"Colisão lateral mesmo sentido";"Com Vítimas Feridas";"Plena Noite";"Decrescente";"Chuva";"Dupla";"Reta";"Sim";3;0;1;0;1;1;1;3;-22,488885;-44,552696;"SPRF-RJ";"DEL07-RJ";"UOP02-DEL07-RJ"
343145;2021-02-26;"sexta-feira";"20:40:00";"CE";116;206,4;"TABULEIRO DO NORTE";"Ingestão de álcool pelo condutor";"Saída de leito carroçável";"Sem Vítimas";"Plena Noite";"Decrescente";"Garoa/Chuvisco";"Simples";"Interseção de Vias";"Sim";1;0;0;0;1;0;0;1;-5,222727;-38,201874;"SPRF-CE";"DEL03-CE";"UOP01-DEL03-CE"
343146;2021-02-26;"sexta-feira";"20:30:00";"PR";277;66;"SAO JOSE DOS PINHAIS";"Condutor usando celular";"Colisão traseira";"Sem Vítimas";"Plena Noite";"Crescente";"Chuva";"Dupla";"Reta";"Sim";3;0;0;0;2;2;0;4;-25,54908791;-49,04398096;"SPRF-PR";"DEL01-PR";"UOP01-DEL01-PR"
343147;2021-02-26;"sexta-feira";"19:00:00";"GO";364;245;"JATAI";"Pista Escorregadia";"Colisão frontal";"Com Vítimas Feridas";"Plena Noite";"Decrescente";"Chuva";"Simples";"Aclive";"Não";1;0;1;0;0;0;1;1;-17,756056;-52,12019;"SPRF-GO";"DEL05-GO";"UOP01-DEL05-GO"
343149;2021-02-26;"sexta-feira";"20:20:00";"RS";293;252,5;"DOM PEDRITO";"Manobra de mudança de faixa";"Colisão frontal";"Com Vítimas Feridas";"Plena Noite";"Crescente";"Céu Claro";"Simples";"Reta";"Sim";3;0;0;1;1;1;1;3;-30,95997654;-54,6785778;"SPRF-RS";"DEL11-RS";"UOP01-DEL11-RS"
343152;2021-02-16;"terça-feira";"09:10:00";"PA";163;618;"TRAIRAO";"Reação tardia ou ineficiente do condutor";"Tombamento";"Com Vítimas Feridas";"Pleno dia";"Crescente";"Nublado";"Simples";"Curva";"Sim";2;0;1;0;0;3;1;4;-4,73343252;-56,04523015;"SPRF-PA";"DEL05-PA";"UOP01-DEL05-PA"
343159;2021-02-27;"sábado";"00:30:00";"MT";163;703;"SORRISO";"Acumulo de óleo sobre o pavimento";"Colisão com objeto";"Com Vítimas Feridas";"Plena Noite";"Crescente";"Nublado";"Simples";"Reta";"Não";1;0;1;0;0;0;1;1;-12,81974399;-55,82749398;"SPRF-MT";"DEL06-MT";"UOP01-DEL06-MT"
343161;2021-02-27;"sábado";"00:20:00";"MG";50;21,2;"ARAGUARI";"Ausência de reação do condutor";"Saída de leito carroçável";"Com Vítimas Feridas";"Plena Noite";"Decrescente";"Chuva";"Dupla";"Reta";"Não";2;0;1;0;0;2;1;3;-18,59591113;-48,05355644;"SPRF-MG";"DEL15-MG";"UOP02-DEL15-MG"
343165;2021-02-27;"sábado";"01:07:00";"SP";116;476;"JACUPIRANGA";"Pedestre cruzava a pista fora da faixa";"Atropelamento de Pedestre";"Com Vítimas Fatais";"Plena Noite";"Crescente";"Garoa/Chuvisco";"Dupla";"Reta";"Sim";2;1;0;0;1;0;0;2;-24,696666;-48,001008;"SPRF-SP";"DEL05-SP";"UOP01-DEL05-SP"
343168;2021-02-26;"sexta-feira";"22:45:00";"PR";376;293,9;"MAUA DA SERRA";"Transitar na contramão";"Colisão frontal";"Com Vítimas Fatais";"Plena Noite";"Crescente";"Chuva";"Dupla";"Reta";"Não";2;1;0;0;1;0;0;2;-23,905366;-51,204091;"SPRF-PR";"DEL07-PR";"UOP03-DEL07-PR"
343171;2021-02-26;"sexta-feira";"20:30:00";"MA";135;168;"MATOES DO NORTE";"Acumulo de água sobre o pavimento";"Saída de leito carroçável";"Com Vítimas Feridas";"Plena Noite";"Crescente";"Chuva";"Simples";"Reta";"Não";1;0;1;0;0;0;1;1;-3,91380802;-44,48001709;"SPRF-MA";"DEL01-MA";"UOP02-DEL01-MA"
343177;2021-02-27;"sábado";"03:29:00";"PR";369;168,6;"ROLANDIA";"Condutor deixou de manter distância do veículo da frente";"Colisão traseira";"Com Vítimas Feridas";"Plena Noite";"Crescente";"Céu Claro";"Dupla";"Reta";"Não";4;0;1;0;2;1;1;3;-23,301903;-51,333048;"SPRF-PR";"DEL07-PR";"UOP01-DEL07-PR"
343182;2021-02-26;"sexta-feira";"22:21:00";"MG";381;515,9;"IGARAPE";"Demais falhas mecânicas ou elétricas";"Incêndio";"Sem Vítimas";"Plena Noite";"Decrescente";"Chuva";"Múltipla";"Curva";"Não";1;0;0;0;1;0;0;1;-20,10462167;-44,31266785;"SPRF-MG";"DEL01-MG";"UOP03-DEL01-MG"
343183;2021-02-27;"sábado";"05:20:00";"RJ";116;251;"PIRAI";"Velocidade Incompatível";"Colisão com objeto";"Sem Vítimas";"Amanhecer";"Crescente";"Chuva";"Dupla";"Curva";"Sim";3;0;0;0;2;1;0;2;-22,58482223;-43,95961921;"SPRF-RJ";"DEL07-RJ";"UOP01-DEL07-RJ"
343188;2021-02-26;"sexta-feira";"22:30:00";"BA";242;673;"MUQUEM DE SAO FRANCISCO";"Demais falhas mecânicas ou elétricas";"Incêndio";"Sem Vítimas";"Plena Noite";"Crescente";"Céu Claro";"Simples";"Reta";"Não";1;0;0;0;1;0;0;1;-12,227576;-43,954564;"SPRF-BA";"DEL06-BA";"UOP03-DEL06-BA"
343191;2021-02-27;"sábado";"05:40:00";"MS";163;321,7;"RIO BRILHANTE";"Ingestão de álcool e/ou substâncias psicoativas pelo pedestre";"Atropelamento de Pedestre";"Com Vítimas Fatais";"Amanhecer";"Decrescente";"Céu Claro";"Simples";"Reta";"Não";2;1;0;0;0;1;0;2;-21,801436;-54,525443;"SPRF-MS";"DEL02-MS";"UOP02-DEL02-MS"
343195;2021-02-27;"sábado";"06:30:00";"SC";470;141,9;"RIO DO SUL";"Condutor Dormindo";"Colisão lateral sentido oposto";"Com Vítimas Feridas";"Pleno dia";"Crescente";"Nublado";"Simples";"Reta";"Não";4;0;2;0;1;2;2;5;-27,226065;-49,666161;"SPRF-SC";"DEL04-SC";"UOP02-DEL04-SC"
343196;2021-02-27;"sábado";"05:30:00";"RJ";393;241;"VASSOURAS";"Condutor Dormindo";"Colisão frontal";"Com Vítimas Feridas";"Amanhecer";"Crescente";"Garoa/Chuvisco";"Simples";"Reta";"Sim";2;0;1;0;1;0;1;2;-22,41420241;-43,67614746;"SPRF-RJ";"DEL05-RJ";"UOP04-DEL05-RJ"
343199;2021-02-27;"sábado";"05:15:00";"MS";163;600;"SAO GABRIEL DO OESTE";"Reação tardia ou ineficiente do condutor";"Tombamento";"Com Vítimas Feridas";"Pleno dia";"Crescente";"Céu Claro";"Dupla";"Declive";"Não";1;0;1;0;0;0;1;1;-19,50263404;-54,47640207;"SPRF-MS";"DEL06-MS";"UOP02-DEL06-MS"
343202;2021-02-27;"sábado";"07:00:00";"PR";116;135;"FAZENDA RIO GRANDE";"Demais falhas mecânicas ou elétricas";"Colisão frontal";"Com Vítimas Feridas";"Pleno dia";"Crescente";"Nublado";"Simples";"Reta";"Não";6;0;4;0;2;0;4;2;-25,68413003;-49,31639964;"SPRF-PR";"DEL01-PR";"UOP03-DEL01-PR"
343203;2021-02-26;"sexta-feira";"07:45:00";"RO";364;365,1;"JI-PARANA";"Ultrapassagem Indevida";"Colisão traseira";"Sem Vítimas";"Pleno dia";"Decrescente";"Chuva";"Simples";"Reta";"Não";4;0;0;0;3;5;0;8;-10,84541153;-61,99883268;"SPRF-RO";"DEL02-RO";"UOP01-DEL02-RO"
343204;2021-02-27;"sábado";"08:15:00";"GO";20;59;"FORMOSA";"Velocidade Incompatível";"Tombamento";"Com Vítimas Feridas";"Pleno dia";"Crescente";"Chuva";"Simples";"Curva";"Não";1;0;1;0;0;0;1;1;-15,25577;-47,165115;"SPRF-DF";"DEL02-DF";"UOP01-DEL02-DF"
343207;2021-01-18;"segunda-feira";"23:50:00";"MG";50;28,5;"ARAGUARI";"Velocidade Incompatível";"Saída de leito carroçável";"Com Vítimas Feridas";"Plena Noite";"Decrescente";"Céu Claro";"Dupla";"Curva";"Não";3;0;1;0;1;1;1;2;-18,61851284;-48,1028889;"SPRF-MG";"DEL15-MG";"UOP02-DEL15-MG"
343209;2021-02-19;"sexta-feira";"05:50:00";"PR";487;147;"TUNEIRAS DO OESTE";"Condutor Dormindo";"Saída de leito carroçável";"Com Vítimas Feridas";"Amanhecer";"Crescente";"Céu Claro";"Simples";"Reta";"Não";2;0;1;0;0;2;1;3;-23,93662272;-52,67583992;"SPRF-PR";"DEL09-PR";"UOP03-DEL09-PR"
343210;2021-01-15;"sexta-feira";"23:22:00";"MT";364;436,8;"VARZEA GRANDE";"Deficiência do Sistema de Iluminação/Sinalização";"Colisão traseira";"Com Vítimas Fatais";"Plena Noite";"Crescente";"Nublado";"Dupla";"Reta";"Sim";3;1;0;0;1;1;0;3;-15,62915355;-56,20485306;"SPRF-MT";"DEL01-MT";"UOP02-DEL01-MT"