"id";"data_inversa";"dia_semana";"horario";"uf";"br";"km";"municipio";"causa_acidente";"tipo_acidente";"classificacao_acidente";"fase_dia";"sentido_via";"condicao_metereologica";"tipo_pista";"tracado_via";"uso_solo";"pessoas";"mortos";"feridos_leves";"feridos_graves";"ilesos";"ignorados";"feridos";"veiculos";"latitude";"longitude";"regional";"delegacia";"uop"
343930;2021-03-02;"terça-feira";"22:40:00";"RJ";116;293,6;"PORTO REAL";"Animais na Pista";"Atropelamento de Animal";"Com Vítimas Feridas";"Plena Noite";"Crescente";"Céu Claro";"Dupla";"Reta";"Não";4;0;3;0;1;0;3;3;-22,45745983;-44,29161274;"SPRF-RJ";"DEL07-RJ";"UOP02-DEL07-RJ"
343936;2021-03-02;"terça-feira";"22:10:00";"SC";282;431,3;"VARGEM BONITA";"Transitar na contramão";"Colisão frontal";"Com Vítimas Fatais";"Plena Noite";"Crescente";"Céu Claro";"Simples";"Curva";"Não";3;1;0;0;1;1;0;3;-26,979103;-51,800219;"SPRF-SC";"DEL07-SC";"UOP05-DEL07-SC"
343939;2021-03-02;"terça-feira";"21:00:00";"PR";153;122,1;"IBAITI";"Velocidade Incompatível";"Saída de leito carroçável";"Com Vítimas Feridas";"Plena Noite";"Decrescente";"Chuva";"Simples";"Reta";"Não";2;0;0;1;0;1;1;2;-23,93903221;-50,23779778;"SPRF-PR";"DEL07-PR";"UOP04-DEL07-PR"
343940;2021-03-02;"terça-feira";"21:45:00";"GO";364;102,3;"CACHOEIRA ALTA";"Ultrapassagem Indevida";"Colisão frontal";"Sem Vítimas";"Plena Noite";"Crescente";"Nublado";"Simples";"Reta";"Não";4;0;0;0;1;3;0;4;-18,400284;-51,107811;"SPRF-GO";"DEL05-GO";"UOP02-DEL05-GO"
343943;2021-03-02;"terça-feira";"21:30:00";"MT";163;1010;"TERRA NOVA DO NORTE";"Ultrapassagem Indevida";"Colisão lateral mesmo sentido";"Com Vítimas Feridas";"Plena Noite";"Crescente";"Garoa/Chuvisco";"Simples";"Reta;Aclive";"Não";3;0;1;0;0;2;1;3;-10,53593598;-55,08238905;"SPRF-MT";"DEL06-MT";"NPF/DEL06-MT"
343945;2021-03-02;"terça-feira";"21:55:00";"PR";272;550;"TERRA ROXA";"Condutor usando celular";"Tombamento";"Sem Vítimas";"Plena Noite";"Decrescente";"Nublado";"Simples";"Curva";"Não";2;0;0;0;1;1;0;2;-24,07783483;-54,05928409;"SPRF-PR";"DEL06-PR";"UOP01-DEL06-PR"
343953;2021-03-03;"quarta-feira";"04:00:00";"RJ";116;140;"DUQUE DE CAXIAS";"Reação tardia ou ineficiente do condutor";"Colisão traseira";"Com Vítimas Feridas";"Amanhecer";"Crescente";"Céu Claro";"Dupla";"Reta";"Sim";3;0;2;0;1;0;2;2;-22,6466198;-43,21112001;"SPRF-RJ";"DEL01-RJ";"UOP01-DEL01-RJ"
343954;2021-03-03;"quarta-feira";"06:10:00";"PR";277;593,8;"CASCAVEL";"Demais falhas mecânicas ou elétricas";"Colisão frontal";"Com Vítimas Feridas";"Pleno dia";"Crescente";"Chuva";"Simples";"Reta;Aclive";"Sim";5;0;2;1;1;1;3;4;-24,98082053;-53,48254989;"SPRF-PR";"DEL04-PR";"UOP01-DEL04-PR"
343959;2021-02-27;"sábado";"19:15:00";"MA";10;245,5;"IMPERATRIZ";"Carga excessiva e/ou mal acondicionada";"Derramamento de carga";"Sem Vítimas";"Plena Noite";"Decrescente";"Céu Claro";"Simples";"Reta";"Sim";3;0;0;0;3;0;0;2;-5,588685;-47,433857;"SPRF-MA";"DEL04-MA";"UOP01-DEL04-MA"
343962;2021-03-03;"quarta-feira";"07:30:00";"RJ";116;167;"SAO JOAO DE MERITI";"Frear bruscamente";"Colisão traseira";"Com Vítimas Feridas";"Pleno dia";"Crescente";"Céu Claro";"Dupla";"Reta";"Sim";4;0;1;0;3;0;1;3;-22,81803977;-43,30787252;"SPRF-RJ";"DEL01-RJ";"UOP01-DEL01-RJ"
343967;2021-03-03;"quarta-feira";"07:30:00";"CE";20;407;"CAUCAIA";"Transitar na contramão";"Colisão transversal";"Com Vítimas Feridas";"Pleno dia";"Crescente";"Chuva";"Dupla";"Reta";"Não";2;0;0;1;1;0;1;2;-3,7740804;-38,6780848;"SPRF-CE";"DEL01-CE";"UOP01-DEL01-CE"
343977;2021-03-03;"quarta-feira";"08:50:00";"SC";163;69;"SAO MIGUEL DO OESTE";"Velocidade Incompatível";"Colisão transversal";"Com Vítimas Feridas";"Pleno dia";"Decrescente";"Nublado";"Dupla";"Reta";"Sim";3;0;1;0;2;0;1;2;-26,73461723;-53,50680015;"SPRF-SC";"DEL07-SC";"UOP03-DEL07-SC"
343982;2021-02-23;"terça-feira";"16:00:00";"PA";230;1133;"ITAITUBA";"Desrespeitar a preferência no cruzamento";"Colisão transversal";"Sem Vítimas";"Pleno dia";"Decrescente";"Céu Claro";"Dupla";"Rotatória";"Sim";2;0;0;0;0;2;0;2;-4,266526;-55,991049;"SPRF-PA";"DEL05-PA";"UOP01-DEL05-PA"
343984;2021-03-03;"quarta-feira";"07:30:00";"MG";153;129;"PRATA";"Objeto estático sobre o leito carroçável";"Colisão traseira";"Com Vítimas Feridas";"Pleno dia";"Decrescente";"Céu Claro";"Dupla";"Reta";"Não";3;0;1;0;1;2;1;4;-19,47713595;-48,86719852;"SPRF-MG";"DEL15-MG";"UOP03-DEL15-MG"
343988;2021-03-03;"quarta-feira";"08:10:00";"ES";262;29,2;"VIANA";"Ausência de reação do condutor";"Tombamento";"Com Vítimas Feridas";"Pleno dia";"Decrescente";"Céu Claro";"Simples";"Curva";"Não";1;0;0;1;0;0;1;1;-20,37585099;-40,56027297;"SPRF-ES";"DEL01-ES";"UOP01-DEL01-ES"
343991;2021-03-03;"quarta-feira";"10:35:00";"PB";101;121;"CAAPORA";"Velocidade Incompatível";"Colisão com objeto";"Com Vítimas Feridas";"Pleno dia";"Crescente";"Sol";"Dupla";"Curva";"Não";2;0;0;1;0;1;1;2;-7,44160988;-34,97799652;"SPRF-PB";"DEL01-PB";"UOP02-DEL01-PB"
343992;2021-03-03;"quarta-feira";"05:15:00";"ES";0;0;"SAO MATEUS";"Frear bruscamente";"Colisão traseira";"Sem Vítimas";"Amanhecer";"Não Informado";"Céu Claro";"Simples";"Reta";"Sim";4;0;0;0;2;2;0;2;-18,724314;-39,860069;"SPRF-ES";"DEL04-ES";"N/A"
343993;2021-02-19;"sexta-feira";"05:40:00";"PR";369;166;"CAMBE";"Acessar a via sem observar a presença dos outros veículos";"Colisão transversal";"Com Vítimas Fatais";"Amanhecer";"Decrescente";"Céu Claro";"Dupla";"Declive;Retorno Regulamentado";"Sim";2;1;0;0;1;0;0;2;-23,2953731;-51,3086153;"SPRF-PR";"DEL07-PR";"UOP01-DEL07-PR"
343994;2021-03-03;"quarta-feira";"11:30:00";"RJ";116;165;"RIO DE JANEIRO";"Condutor deixou de manter distância do veículo da frente";"Colisão traseira";"Com Vítimas Feridas";"Pleno dia";"Decrescente";"Céu Claro";"Múltipla";"Reta";"Sim";2;0;1;0;1;0;1;2;-22,81548519;-43,29087405;"SPRF-RJ";"DEL01-RJ";"UOP01-DEL01-RJ"
343995;2021-03-03;"quarta-feira";"12:00:00";"SC";101;199;"BIGUACU";"Desrespeitar a preferência no cruzamento";"Tombamento";"Com Vítimas Feridas";"Pleno dia";"Crescente";"Céu Claro";"Dupla";"Viaduto";"Sim";2;0;1;0;1;0;1;2;-27,53413705;-48,63003205;"SPRF-SC";"DEL01-SC";"UOP01-DEL01-SC"
344000;2021-03-03;"quarta-feira";"12:20:00";"PR";153;330;"IRATI";"Velocidade Incompatível";"Tombamento";"Com Vítimas Feridas";"Pleno dia";"Decrescente";"Céu Claro";"Simples";"Rotatória";"Não";2;0;1;0;0;1;1;2;-25,45471011;-50,6196247;"SPRF-PR";"DEL03-PR";"UOP03-DEL03-PR"
344017;2021-03-03;"quarta-feira";"14:20:00";"SP";116;567;"BARRA DO TURVO";"Velocidade Incompatível";"Colisão com objeto";"Sem Vítimas";"Pleno dia";"Crescente";"Chuva";"Dupla";"Curva";"Não";2;0;0;0;1;2;0;3;-25,0475499;-48,55355172;"SPRF-SP";"DEL05-SP";"UOP02-DEL05-SP"
344022;2021-03-03;"quarta-feira";"14:50:00";"RS";285;294,3;"PASSO FUNDO";"Mal súbito do condutor";"Saída de leito carroçável";"Com Vítimas Feridas";"Pleno dia";"Decrescente";"Nublado";"Simples";"Reta";"Sim";2;0;1;0;0;1;1;2;-28,234547;-52,384975;"SPRF-RS";"DEL08-RS";"UOP03-DEL08-RS"
344024;2021-03-03;"quarta-feira";"15:00:00";"CE";116;176,4;"RUSSAS";"Chuva";"Colisão traseira";"Com Vítimas Feridas";"Pleno dia";"Crescente";"Chuva";"Simples";"Aclive";"Não";3;0;0;1;2;0;1;2;-5,02243691;-38,06425904;"SPRF-CE";"DEL03-CE";"UOP01-DEL03-CE"
344027;2021-03-03;"quarta-feira";"15:00:00";"RS";386;290,5;"POUSO NOVO";"Transitar na contramão";"Colisão lateral sentido oposto";"Com Vítimas Feridas";"Pleno dia";"Crescente";"Sol";"Simples";"Em Obras;Curva;Aclive";"Não";5;0;3;0;1;1;3;3;-29,089539;-52,253685;"SPRF-RS";"DEL04-RS";"UOP01-DEL04-RS"
344028;2021-03-03;"quarta-feira";"14:48:00";"PR";376;626,5;"SAO JOSE DOS PINHAIS";"Condutor deixou de manter distância do veículo da frente";"Tombamento";"Sem Vítimas";"Pleno dia";"Decrescente";"Chuva";"Dupla";"Reta";"Não";3;0;0;0;2;3;0;4;-25,671974;-49,151305;"SPRF-PR";"DEL01-PR";"UOP04-DEL01-PR"
344031;2021-03-03;"quarta-feira";"08:40:00";"PR";476;234;"LAPA";"Demais falhas mecânicas ou elétricas";"Colisão transversal";"Sem Vítimas";"Pleno dia";"Decrescente";"Céu Claro";"Simples";"Reta;Declive";"Não";2;0;0;0;2;0;0;2;-25,882042;-50,008629;"SPRF-PR";"DEL02-PR";"UOP04-DEL02-PR"
344032;2021-03-03;"quarta-feira";"15:15:00";"SC";101;41,3;"JOINVILLE";"Reação tardia ou ineficiente do condutor";"Engavetamento";"Com Vítimas Fatais";"Pleno dia";"Crescente";"Chuva";"Dupla";"Declive";"Sim";3;1;0;0;2;0;0;3;-26,319112;-48,871449;"SPRF-SC";"DEL03-SC";"UOP01-DEL03-SC"
344045;2021-03-03;"quarta-feira";"08:25:00";"SC";470;33;"GASPAR";"Acessar a via sem observar a presença dos outros veículos";"Colisão lateral mesmo sentido";"Com Vítimas Feridas";"Pleno dia";"Crescente";"Céu Claro";"Simples";"Reta";"Sim";3;0;1;0;1;1;1;3;-26,906223;-48,940575;"SPRF-SC";"DEL04-SC";"UOP01-DEL04-SC"
344046;2021-03-03;"quarta-feira";"14:40:00";"MT";364;464;"VARZEA GRANDE";"Acumulo de água sobre o pavimento";"Saída de leito carroçável";"Sem Vítimas";"Pleno dia";"Decrescente";"Chuva";"Simples";"Reta";"Não";2;0;0;0;1;2;0;3;-15,49417155;-56,27739364;"SPRF-MT";"DEL01-MT";"UOP02-DEL01-MT"
344048;2021-03-03;"quarta-feira";"17:35:00";"PR";369;436,2;"UBIRATA";"Acumulo de areia ou detritos sobre o pavimento";"Colisão lateral mesmo sentido";"Com Vítimas Feridas";"Pleno dia";"Decrescente";"Céu Claro";"Simples";"Curva";"Não";2;0;1;0;1;0;1;2;-24,4899;-52,8957;"SPRF-PR";"DEL09-PR";"UOP03-DEL09-PR"
344056;2021-03-03;"quarta-feira";"18:30:00";"PR";277;102,2;"CURITIBA";"Manobra de mudança de faixa";"Colisão lateral mesmo sentido";"Com Vítimas Feridas";"Anoitecer";"Decrescente";"Chuva";"Dupla";"Reta";"Sim";3;0;1;0;2;0;1;3;-25,39510554;-49,28249391;"SPRF-PR";"DEL01-PR";"UOP01-DEL01-PR"
344058;2021-03-03;"quarta-feira";"17:30:00";"RS";470;16;"BARRACAO";"Ultrapassagem Indevida";"Colisão frontal";"Com Vítimas Fatais";"Pleno dia";"Crescente";"Nublado";"Simples";"Reta";"Não";3;1;1;0;0;1;1;3;-27,66229079;-51,45618168;"SPRF-RS";"DEL08-RS";"UOP05-DEL08-RS"
344059;2021-02-24;"quarta-feira";"05:10:00";"MG";381;421;"CAETE";"Velocidade Incompatível";"Colisão traseira";"Com Vítimas Feridas";"Plena Noite";"Crescente";"Céu Claro";"Dupla";"Reta;Aclive";"Não";3;0;0;1;1;2;1;4;-19,7703585;-43,64835978;"SPRF-MG";"DEL01-MG";"UOP01-DEL01-MG"
344061;2021-03-03;"quarta-feira";"18:30:00";"PR";153;523;"PAULA FREITAS";"Ausência de reação do condutor";"Colisão traseira";"Com Vítimas Feridas";"Anoitecer";"Crescente";"Chuva";"Simples";"Reta";"Não";3;0;0;1;1;1;1;3;-26,172022;-50,91258;"SPRF-PR";"DEL02-PR";"UOP03-DEL02-PR"
344063;2021-03-03;"quarta-feira";"18:30:00";"MT";163;1067;"GUARANTA DO NORTE";"Transitar na contramão";"Colisão frontal";"Com Vítimas Feridas";"Anoitecer";"Crescente";"Chuva";"Simples";"Reta";"Sim";7;0;2;1;2;4;3;6;-9,9326677;-54,90383148;"SPRF-MT";"DEL06-MT";"NPF/DEL06-MT"
344064;2021-03-03;"quarta-feira";"12:40:00";"AC";364;192;"BUJARI";"Demais falhas mecânicas ou elétricas";"Colisão com objeto";"Com Vítimas Feridas";"Pleno dia";"Crescente";"Céu Claro";"Simples";"Reta";"Não";6;0;2;1;2;1;3;3;-9,64547502;-68,21498502;"SPRF-AC";"DEL01-AC";"UOP01-DEL01-AC"
344065;2021-03-03;"quarta-feira";"15:13:00";"SC";101;42,5;"JOINVILLE";"Condutor deixou de manter distância do veículo da frente";"Engavetamento";"Com Vítimas Feridas";"Pleno dia";"Crescente";"Chuva";"Dupla";"Reta;Declive";"Sim";4;0;1;0;2;1;1;4;-26,29251598;-48,88474385;"SPRF-SC";"DEL03-SC";"UOP01-DEL03-SC"
344069;2021-03-03;"quarta-feira";"17:30:00";"MG";116;555,1;"SANTA BARBARA DO LESTE";"Velocidade Incompatível";"Saída de leito carroçável";"Com Vítimas Feridas";"Anoitecer";"Decrescente";"Céu Claro";"Simples";"Curva";"Não";3;0;3;0;0;0;3;1;-20,00911074;-42,14328403;"SPRF-MG";"DEL06-MG";"UOP02-DEL06-MG"
344073;2021-03-03;"quarta-feira";"17:00:00";"MG";262;594,1;"CAMPOS ALTOS";"Demais falhas mecânicas ou elétricas";"Incêndio";"Sem Vítimas";"Pleno dia";"Crescente";"Sol";"Simples";"Curva";"Não";2;0;0;0;1;1;0;2;-19,65299635;-46,18316746;"SPRF-MG";"DEL08-MG";"UOP02-DEL08-MG"
344075;2021-03-03;"quarta-feira";"18:30:00";"MS";158;68;"PARANAIBA";"Chuva";"Colisão lateral sentido oposto";"Sem Vítimas";"Plena Noite";"Crescente";"Chuva";"Simples";"Reta";"Não";4;0;0;0;3;1;0;3;-19,47795147;-51,30858284;"SPRF-MS";"DEL08-MS";"UOP01-DEL08-MS"
344076;2021-03-03;"quarta-feira";"16:20:00";"MT";364;192,5;"RONDONOPOLIS";"Condutor deixou de manter distância do veículo da frente";"Colisão traseira";"Sem Vítimas";"Pleno dia";"Crescente";"Ignorado";"Simples";"Reta";"Não";3;0;0;0;2;5;0;7;-16,53966412;-54,57939925;"SPRF-MT";"DEL02-MT";"UOP01-DEL02-MT"
344082;2021-03-03;"quarta-feira";"21:40:00";"PR";116;47;"CAMPINA GRANDE DO SUL";"Desrespeitar a preferência no cruzamento";"Colisão transversal";"Com Vítimas Feridas";"Plena Noite";"Crescente";"Chuva";"Dupla";"Retorno Regulamentado";"Não";4;0;1;0;2;2;1;4;-25,2152984;-48,9025325;"SPRF-PR";"DEL01-PR";"UOP02-DEL01-PR"
344085;2021-03-03;"quarta-feira";"21:00:00";"SP";116;212;"GUARULHOS";"Reação tardia ou ineficiente do condutor";"Colisão traseira";"Com Vítimas Fatais";"Plena Noite";"Crescente";"Céu Claro";"Múltipla";"Reta";"Não";3;1;0;0;1;1;0;3;-23,43608315;-46,42805094;"SPRF-SP";"DEL01-SP";"UOP01-DEL01-SP"
344090;2021-03-03;"quarta-feira";"22:40:00";"SP";116;280;"EMBU DAS ARTES";"Reação tardia ou ineficiente do condutor";"Engavetamento";"Com Vítimas Feridas";"Plena Noite";"Crescente";"Céu Claro";"Dupla";"Reta";"Sim";4;0;1;0;2;1;1;4;-23,66996108;-46,85590758;"SPRF-SP";"DEL04-SP";"UOP01-DEL04-SP"
344093;2021-03-03;"quarta-feira";"18:00:00";"MG";116;286,6;"TEOFILO OTONI";"Ingestão de álcool pelo condutor";"Tombamento";"Com Vítimas Feridas";"Anoitecer";"Crescente";"Céu Claro";"Simples";"Reta";"Não";2;0;1;0;0;1;1;2;-17,940759;-41,528706;"SPRF-MG";"DEL11-MG";"UOP01-DEL11-MG"
344094;2021-03-04;"quinta-feira";"00:00:00";"PR";277;111,5;"CAMPO LARGO";"Manobra de mudança de faixa";"Colisão lateral mesmo sentido";"Sem Vítimas";"Plena Noite";"Crescente";"Nublado";"Dupla";"Reta;Aclive";"Não";2;0;0;0;1;1;0;2;-25,43730706;-49,36497042;"SPRF-PR";"DEL01-PR";"UOP03-DEL03-PR"
344095;2021-03-04;"quinta-feira";"00:40:00";"SC";101;240,4;"PALHOCA";"Reação tardia ou ineficiente do condutor";"Tombamento";"Com Vítimas Feridas";"Plena Noite";"Crescente";"Nublado";"Dupla";"Reta";"Não";2;0;2;0;0;0;2;1;-27,85825092;-48,64383119;"SPRF-SC";"DEL01-SC";"UOP02-DEL01-SC"
344096;2021-03-03;"quarta-feira";"21:55:00";"RS";116;122,5;"CAXIAS DO SUL";"Velocidade Incompatível";"Tombamento";"Sem Vítimas";"Plena Noite";"Crescente";"Céu Claro";"Simples";"Aclive;Curva";"Não";2;0;0;0;1;1;0;2;-29,05084255;-51,09200478;"SPRF-RS";"DEL05-RS";"UOP01-DEL05-RS"
344099;2021-03-03;"quarta-feira";"16:15:00";"PI";135;507;"MONTE ALEGRE DO PIAUI";"Frear bruscamente";"Colisão traseira";"Com Vítimas Feridas";"Plena Noite";"Crescente";"Céu Claro";"Simples";"Reta";"Não";2;0;1;0;0;1;1;2;-9,76706471;-45,31747017;"SPRF-PI";"DEL03-PI";"UOP02-DEL03-PI"
344101;2021-02-18;"quinta-feira";"23:35:00";"PA";230;1121;"ITAITUBA";"Mal súbito do condutor";"Colisão traseira";"Com Vítimas Feridas";"Plena Noite";"Decrescente";"Céu Claro";"Simples";"Reta";"Não";3;0;0;1;1;5;1;7;-4,3739758;-55,84671907;"SPRF-PA";"DEL05-PA";"UOP01-DEL05-PA"
344102;2021-03-04;"quinta-feira";"03:20:00";"BA";116;439;"FEIRA DE SANTANA";"Demais falhas mecânicas ou elétricas";"Incêndio";"Sem Vítimas";"Plena Noite";"Crescente";"Céu Claro";"Dupla";"Reta";"Não";2;0;0;0;1;1;0;2;-12,32191792;-39,05070505;"SPRF-BA";"DEL02-BA";"UOP01-DEL02-BA"
344106;2021-03-04;"quinta-feira";"03:40:00";"RJ";101;398;"ITAGUAI";"Avarias e/ou desgaste excessivo no pneu";"Colisão com objeto";"Com Vítimas Feridas";"Plena Noite";"Crescente";"Céu Claro";"Dupla";"Reta";"Sim";1;0;1;0;0;0;1;1;-22,86787912;-43,74862922;"SPRF-RJ";"DEL03-RJ";"UOP01-DEL03-RJ"
344109;2021-03-04;"quinta-feira";"05:20:00";"PR";376;536;"PALMEIRA";"Condutor Dormindo";"Colisão traseira";"Com Vítimas Feridas";"Amanhecer";"Crescente";"Nublado";"Dupla";"Reta";"Não";3;0;1;0;1;2;1;4;-25,316236;-49,876817;"SPRF-PR";"DEL01-PR";"UOP03-DEL03-PR"
344114;2021-03-04;"quinta-feira";"00:40:00";"MG";381;839,2;"SAO SEBASTIAO DA BELA VISTA";"Condutor Dormindo";"Colisão com objeto";"Com Vítimas Feridas";"Plena Noite";"Crescente";"Céu Claro";"Dupla";"Reta";"Não";1;0;1;0;0;0;1;1;-22,19834327;-45,85343083;"SPRF-MG";"DEL16-MG";"UOP01-DEL16-MG"
344116;2021-03-04;"quinta-feira";"04:40:00";"MG";50;82;"UBERLANDIA";"Manobra de mudança de faixa";"Colisão traseira";"Com Vítimas Feridas";"Amanhecer";"Decrescente";"Céu Claro";"Dupla";"Reta";"Não";2;0;1;0;1;0;1;2;-18,986906;-48,211853;"SPRF-MG";"DEL15-MG";"UOP01-DEL15-MG"
344123;2021-03-04;"quinta-feira";"07:58:00";"DF";40;4,9;"BRASILIA";"Reação tardia ou ineficiente do condutor";"Colisão lateral mesmo sentido";"Com Vítimas Feridas";"Pleno dia";"Decrescente";"Céu Claro";"Dupla";"Reta";"Não";4;0;3;0;1;0;3;3;-16,012033;-47,982124;"SPRF-DF";"DEL01-DF";"UOP01-DEL01-DF"
344124;2021-03-04;"quinta-feira";"06:30:00";"RJ";465;16;"NOVA IGUACU";"Ultrapassagem Indevida";"Colisão frontal";"Com Vítimas Feridas";"Amanhecer";"Crescente";"Céu Claro";"Simples";"Reta";"Sim";4;0;2;1;1;0;3;3;-22,815538;-43,624565;"SPRF-RJ";"DEL03-RJ";"UOP01-DEL03-RJ"
344126;2021-02-16;"terça-feira";"07:10:00";"CE";222;304;"TIANGUA";"Velocidade Incompatível";"Tombamento";"Com Vítimas Feridas";"Pleno dia";"Crescente";"Nevoeiro/Neblina";"Simples";"Reta";"Não";3;0;2;0;0;1;2;2;-3,66552797;-40,95730864;"SPRF-CE";"DEL04-CE";"UOP02-DEL04-CE"
344129;2021-03-04;"quinta-feira";"08:15:00";"PB";101;84;"BAYEUX";"Condutor deixou de manter distância do veículo da frente";"Engavetamento";"Sem Vítimas";"Pleno dia";"Crescente";"Céu Claro";"Simples";"Reta";"Não";3;0;0;0;3;0;0;3;-7,13957906;-34,92312806;"SPRF-PB";"DEL01-PB";"UOP01-DEL01-PB"
344131;2021-03-04;"quinta-feira";"06:25:00";"RJ";116;321;"RESENDE";"Condutor Dormindo";"Colisão traseira";"Com Vítimas Feridas";"Amanhecer";"Decrescente";"Céu Claro";"Simples";"Reta";"Não";3;0;1;0;1;1;1;3;-22,48093378;-44,53547807;"SPRF-RJ";"DEL07-RJ";"UOP02-DEL07-RJ"
344132;2021-03-04;"quinta-feira";"06:00:00";"MG";251;372,5;"GRAO MOGOL";"Velocidade Incompatível";"Saída de leito carroçável";"Com Vítimas Feridas";"Pleno dia";"Crescente";"Céu Claro";"Simples";"Reta";"Não";2;0;1;0;0;1;1;2;-16,29422716;-42,70299882;"SPRF-MG";"DEL12-MG";"UOP01-DEL12-MG"
344134;2021-03-04;"quinta-feira";"07:30:00";"PR";476;229,8;"LAPA";"Acessar a via sem observar a presença dos outros veículos";"Colisão traseira";"Sem Vítimas";"Pleno dia";"Crescente";"Sol";"Simples";"Curva";"Não";3;0;0;0;2;1;0;3;-25,871649;-49,976036;"SPRF-PR";"DEL02-PR";"UOP04-DEL02-PR"
344135;2021-03-04;"quinta-feira";"08:50:00";"MG";381;889,9;"CAMBUI";"Manobra de mudança de faixa";"Queda de ocupante de veículo";"Com Vítimas Feridas";"Pleno dia";"Crescente";"Sol";"Dupla";"Reta";"Não";3;0;0;1;1;1;1;3;-22,57874206;-46,04473491;"SPRF-MG";"DEL16-MG";"UOP03-DEL16-MG"
344138;2021-03-04;"quinta-feira";"09:00:00";"SC";101;119,7;"ITAJAI";"Ausência de reação do condutor";"Colisão lateral mesmo sentido";"Com Vítimas Feridas";"Amanhecer";"Decrescente";"Sol";"Múltipla";"Reta";"Sim";3;0;1;0;1;1;1;3;-26,9043179;-48,71555481;"SPRF-SC";"DEL04-SC";"UOP04-DEL04-SC"
344145;2021-03-04;"quinta-feira";"05:50:00";"MA";222;289;"VITORIA DO MEARIM";"Ingestão de álcool pelo condutor";"Colisão lateral sentido oposto";"Com Vítimas Feridas";"Amanhecer";"Crescente";"Nublado";"Simples";"Reta";"Não";2;0;1;0;1;0;1;2;-3,45086892;-44,84786102;"SPRF-MA";"DEL02-MA";"UOP01-DEL02-MA"
344147;2021-03-04;"quinta-feira";"07:50:00";"MT";163;101;"RONDONOPOLIS";"Velocidade Incompatível";"Tombamento";"Sem Vítimas";"Pleno dia";"Crescente";"Céu Claro";"Dupla";"Reta";"Não";2;0;0;0;1;2;0;3;-16,65297112;-54,68569822;"SPRF-MT";"DEL02-MT";"UOP01-DEL02-MT"
344155;2021-03-04;"quinta-feira";"11:00:00";"PA";163;1001;"SANTAREM";"Acessar a via sem observar a presença dos outros veículos";"Colisão lateral mesmo sentido";"Sem Vítimas";"Pleno dia";"Crescente";"Céu Claro";"Simples";"Reta";"Sim";2;0;0;0;2;0;0;2;-2,464507;-54,72745295;"SPRF-PA";"DEL05-PA";"UOP01-DEL05-PA"
344161;2021-03-03;"quarta-feira";"21:00:00";"GO";153;274;"NOVA GLORIA";"Demais falhas na via";"Saída de leito carroçável";"Com Vítimas Feridas";"Plena Noite";"Crescente";"Céu Claro";"Simples";"Aclive;Reta";"Não";2;0;1;0;0;2;1;3;-15,099608;-49,47702;"SPRF-GO";"DEL07-GO";"UOP02-DEL07-GO"
344162;2021-03-04;"quinta-feira";"11:50:00";"MA";135;13;"SAO LUIS";"Reação tardia ou ineficiente do condutor";"Tombamento";"Sem Vítimas";"Pleno dia";"Decrescente";"Garoa/Chuvisco";"Dupla";"Reta";"Não";2;0;0;0;2;0;0;2;-2,68053538;-44,29512283;"SPRF-MA";"DEL01-MA";"UOP01-DEL01-MA"
344164;2021-03-04;"quinta-feira";"09:30:00";"RO";435;85;"COLORADO DO OESTE";"Demais falhas mecânicas ou elétricas";"Derramamento de carga";"Sem Vítimas";"Pleno dia";"Decrescente";"Nublado";"Simples";"Aclive";"Sim";2;0;0;0;1;2;0;3;-13,11884911;-60,53173398;"SPRF-RO";"DEL04-RO";"UOP02-DEL04-RO"
344165;2021-03-04;"quinta-feira";"11:20:00";"RJ";101;295;"ITABORAI";"Reação tardia ou ineficiente do condutor";"Colisão traseira";"Com Vítimas Feridas";"Pleno dia";"Crescente";"Sol";"Simples";"Reta";"Sim";2;0;1;0;1;0;1;2;-22,76365068;-42,90223623;"SPRF-RJ";"DEL02-RJ";"UOP02-DEL02-RJ"
344170;2021-03-04;"quinta-feira";"06:40:00";"BA";116;684;"JEQUIE";"Carga excessiva e/ou mal acondicionada";"Derramamento de carga";"Sem Vítimas";"Pleno dia";"Crescente";"Céu Claro";"Simples";"Reta";"Não";3;0;0;0;3;0;0;1;-13,88614801;-40,13937497;"SPRF-BA";"DEL03-BA";"UOP01-DEL03-BA"
344173;2021-03-04;"quinta-feira";"11:35:00";"GO";20;20,8;"FORMOSA";"Acesso irregular";"Colisão traseira";"Com Vítimas Feridas";"Pleno dia";"Crescente";"Céu Claro";"Simples";"Reta";"Não";5;0;2;0;3;0;2;2;-15,551152;-47,178364;"SPRF-DF";"DEL02-DF";"UOP01-DEL02-DF"
344179;2021-03-04;"quinta-feira";"13:27:00";"GO";452;20;"RIO VERDE";"Condutor deixou de manter distância do veículo da frente";"Colisão traseira";"Com Vítimas Feridas";"Pleno dia";"Crescente";"Chuva";"Simples";"Reta;Declive";"Não";2;0;1;0;1;0;1;2;-17,8687406;-50,73337771;"SPRF-GO";"DEL04-GO";"UOP01-DEL04-GO"
344183;2021-03-04;"quinta-feira";"12:05:00";"MG";262;398,5;"PARA DE MINAS";"Acessar a via sem observar a presença dos outros veículos";"Colisão lateral mesmo sentido";"Com Vítimas Feridas";"Pleno dia";"Crescente";"Céu Claro";"Múltipla";"Reta";"Sim";3;0;1;0;1;1;1;3;-19,90299685;-44,524329;"SPRF-MG";"DEL01-MG";"UOP03-DEL01-MG"