"id";"data_inversa";"dia_semana";"horario";"uf";"br";"km";"municipio";"causa_acidente";"tipo_acidente";"classificacao_acidente";"fase_dia";"sentido_via";"condicao_metereologica";"tipo_pista";"tracado_via";"uso_solo";"pessoas";"mortos";"feridos_leves";"feridos_graves";"ilesos";"ignorados";"feridos";"veiculos";"latitude";"longitude";"regional";"delegacia";"uop"
344194;2021-03-04;"quinta-feira";"14:45:00";"PR";163;4,1;"BARRACAO";"Transitar na contramão";"Colisão frontal";"Com Vítimas Fatais";"Pleno dia";"Decrescente";"Nublado";"Simples";"Reta";"Não";4;1;0;1;1;1;1;3;-26,25066;-53,635523;"SPRF-PR";"DEL02-PR";"UOP02-DEL02-PR"
344215;2021-03-04;"quinta-feira";"14:40:00";"SP";116;311;"SAO LOURENCO DA SERRA";"Demais falhas mecânicas ou elétricas";"Eventos atípicos";"Com Vítimas Feridas";"Pleno dia";"Decrescente";"Chuva";"Dupla";"Curva";"Não";2;0;1;0;0;1;1;2;-23,87725502;-46,96775798;"SPRF-SP";"DEL04-SP";"UOP01-DEL04-SP"
344217;2021-03-04;"quinta-feira";"15:30:00";"SP";116;443;"REGISTRO";"Avarias e/ou desgaste excessivo no pneu";"Tombamento";"Com Vítimas Feridas";"Pleno dia";"Decrescente";"Nublado";"Dupla";"Reta";"Sim";5;0;2;0;2;2;2;5;-24,48336513;-47,8324358;"SPRF-SP";"DEL05-SP";"UOP01-DEL05-SP"
344219;2021-03-04;"quinta-feira";"16:00:00";"PR";272;367;"CAMPO MOURAO";"Velocidade Incompatível";"Saída de leito carroçável";"Com Vítimas Feridas";"Pleno dia";"Crescente";"Garoa/Chuvisco";"Dupla";"Reta";"Sim";4;0;1;0;2;3;1;5;-24,05063682;-52,40169964;"SPRF-PR";"DEL09-PR";"UOP03-DEL09-PR"
344223;2021-03-04;"quinta-feira";"15:40:00";"RS";470;209;"BENTO GONCALVES";"Manobra de mudança de faixa";"Colisão lateral mesmo sentido";"Com Vítimas Feridas";"Pleno dia";"Decrescente";"Chuva";"Dupla";"Reta";"Não";5;0;1;0;3;1;1;3;-29,10894598;-51,54542236;"SPRF-RS";"DEL06-RS";"UOP01-DEL06-RS"
344224;2021-03-01;"segunda-feira";"05:00:00";"MS";163;408;"NOVA ALVORADA DO SUL";"Demais falhas mecânicas ou elétricas";"Colisão lateral sentido oposto";"Com Vítimas Feridas";"Amanhecer";"Decrescente";"Céu Claro";"Simples";"Reta";"Não";3;0;0;1;1;1;1;3;-21,09720006;-54,4881753;"SPRF-MS";"DEL02-MS";"UOP01-DEL02-MS"
344231;2021-03-04;"quinta-feira";"17:35:00";"PE";232;76;"GRAVATA";"Acessar a via sem observar a presença dos outros veículos";"Colisão lateral mesmo sentido";"Com Vítimas Feridas";"Anoitecer";"Decrescente";"Céu Claro";"Dupla";"Declive";"Sim";2;0;1;0;1;0;1;2;-8,19541469;-35,53424693;"SPRF-PE";"DEL02-PE";"UOP02-DEL02PE"
344239;2021-03-04;"quinta-feira";"16:35:00";"PE";101;51;"ABREU E LIMA";"Reação tardia ou ineficiente do condutor";"Colisão com objeto";"Sem Vítimas";"Pleno dia";"Crescente";"Céu Claro";"Múltipla";"Reta";"Sim";2;0;0;0;0;2;0;2;-7,9169968;-34,89689272;"SPRF-PE";"DEL01-PE";"UOP02-DEL01-PE"
344253;2021-03-04;"quinta-feira";"16:36:00";"SC";101;57,7;"ARAQUARI";"Manobra de mudança de faixa";"Capotamento";"Com Vítimas Feridas";"Pleno dia";"Decrescente";"Nublado";"Dupla";"Curva";"Não";2;0;0;1;1;0;1;2;-26,43646093;-48,81113029;"SPRF-SC";"DEL03-SC";"UOP01-DEL03-SC"
344255;2021-03-04;"quinta-feira";"18:00:00";"MA";226;363;"GRAJAU";"Problema com o freio";"Tombamento";"Com Vítimas Feridas";"Anoitecer";"Decrescente";"Ignorado";"Simples";"Reta";"Não";2;0;1;1;0;0;2;1;-5,58915377;-45,70910768;"SPRF-MA";"DEL04-MA";"UOP02-DEL04-MA"
344257;2021-03-04;"quinta-feira";"13:00:00";"SC";116;234,8;"CORREIA PINTO";"Velocidade Incompatível";"Colisão com objeto";"Com Vítimas Feridas";"Pleno dia";"Decrescente";"Chuva";"Simples";"Reta;Aclive";"Não";2;0;1;0;0;1;1;2;-27,71027871;-50,33617973;"SPRF-SC";"DEL05-SC";"UOP01-DEL05-SC"
344259;2021-03-04;"quinta-feira";"18:20:00";"PR";277;722,7;"FOZ DO IGUACU";"Acessar a via sem observar a presença dos outros veículos";"Colisão lateral mesmo sentido";"Com Vítimas Feridas";"Anoitecer";"Decrescente";"Garoa/Chuvisco";"Dupla";"Reta";"Sim";4;0;1;0;2;1;1;4;-25,49793142;-54,52783406;"SPRF-PR";"DEL05-PR";"UOP03-DEL05-PR"
344270;2021-03-04;"quinta-feira";"18:30:00";"PR";277;518;"GUARANIACU";"Acessar a via sem observar a presença dos outros veículos";"Colisão lateral mesmo sentido";"Com Vítimas Feridas";"Pleno dia";"Decrescente";"Garoa/Chuvisco";"Simples";"Reta";"Sim";2;0;1;0;1;0;1;2;-25,1124077195;-52,8320829707;"SPRF-PR";"DEL04-PR";"UOP01-DEL04-PR"
344273;2021-03-04;"quinta-feira";"19:45:00";"PE";104;66,8;"CARUARU";"Acessar a via sem observar a presença dos outros veículos";"Colisão transversal";"Com Vítimas Feridas";"Plena Noite";"Decrescente";"Céu Claro";"Dupla";"Declive";"Sim";3;0;1;0;1;2;1;4;-8,2937;-35,9864;"SPRF-PE";"DEL02-PE";"UOP01-DEL02-PE"
344275;2021-03-04;"quinta-feira";"18:00:00";"MA";230;129;"PASTOS BONS";"Carga excessiva e/ou mal acondicionada";"Tombamento";"Com Vítimas Feridas";"Pleno dia";"Crescente";"Céu Claro";"Simples";"Curva";"Não";3;0;2;0;0;1;2;2;-6,5768296;-43,97574726;"SPRF-MA";"DEL05-MA";"UOP01-DEL05-MA"
344285;2021-03-04;"quinta-feira";"19:30:00";"BA";101;180;"SAO GONCALO DOS CAMPOS";"Acessar a via sem observar a presença dos outros veículos";"Colisão transversal";"Com Vítimas Feridas";"Plena Noite";"Decrescente";"Céu Claro";"Simples";"Interseção de Vias";"Não";3;0;1;0;2;0;1;2;-12,42998;-38,912268;"SPRF-BA";"DEL01-BA";"UOP03-DEL01-BA"
344289;2021-03-04;"quinta-feira";"21:05:00";"MS";163;149,6;"NAVIRAI";"Transitar na contramão";"Colisão frontal";"Com Vítimas Fatais";"Plena Noite";"Crescente";"Chuva";"Simples";"Reta";"Não";3;1;0;0;1;2;0;4;-22,96919073;-54,42187272;"SPRF-MS";"DEL09-MS";"UOP01-DEL09-MS"
344290;2021-03-04;"quinta-feira";"21:00:00";"MG";40;784,1;"JUIZ DE FORA";"Velocidade Incompatível";"Saída de leito carroçável";"Com Vítimas Feridas";"Plena Noite";"Decrescente";"Nublado";"Dupla";"Retorno Regulamentado";"Não";2;0;1;1;0;0;2;1;-21,71178893;-43,44743099;"SPRF-MG";"DEL05-MG";"UOP01-DEL05-MG"
344311;2021-03-05;"sexta-feira";"00:01:00";"GO";40;9;"LUZIANIA";"Reação tardia ou ineficiente do condutor";"Colisão traseira";"Com Vítimas Feridas";"Plena Noite";"Crescente";"Céu Claro";"Dupla";"Reta";"Sim";2;0;1;0;1;0;1;2;-16,131158;-47,957739;"SPRF-DF";"DEL01-DF";"UOP01-DEL01-DF"
344313;2021-03-04;"quinta-feira";"16:30:00";"SC";101;40;"JOINVILLE";"Demais falhas na via";"Colisão com objeto";"Com Vítimas Feridas";"Pleno dia";"Decrescente";"Chuva";"Dupla";"Reta";"Sim";4;0;2;0;1;1;2;2;-26,27176094;-48,89468382;"SPRF-SC";"DEL03-SC";"UOP01-DEL03-SC"
344318;2021-02-17;"quarta-feira";"13:45:00";"TO";153;505;"PARAISO DO TOCANTINS";"Objeto estático sobre o leito carroçável";"Colisão traseira";"Com Vítimas Feridas";"Pleno dia";"Crescente";"Chuva";"Simples";"Reta";"Não";11;0;3;1;6;2;4;7;-10,24545798;-48,87809816;"SPRF-TO";"DEL01-TO";"UOP01-DEL01-TO"
344319;2021-03-05;"sexta-feira";"01:30:00";"PR";376;140,4;"NOVA ESPERANCA";"Condutor Dormindo";"Tombamento";"Sem Vítimas";"Plena Noite";"Crescente";"Chuva";"Dupla";"Reta";"Não";2;0;0;0;1;1;0;2;-23,23306496;-52,17505932;"SPRF-PR";"DEL09-PR";"UOP02-DEL09-PR"
344322;2021-03-05;"sexta-feira";"01:20:00";"SP";116;189;"SANTA ISABEL";"Condutor deixou de manter distância do veículo da frente";"Colisão traseira";"Com Vítimas Feridas";"Plena Noite";"Crescente";"Céu Claro";"Dupla";"Aclive";"Não";3;0;1;0;1;2;1;4;-23,36435234;-46,22488684;"SPRF-SP";"DEL01-SP";"UOP01-DEL01-SP"
344325;2021-03-04;"quinta-feira";"23:30:00";"MT";163;677;"LUCAS DO RIO VERDE";"Condutor Dormindo";"Saída de leito carroçável";"Com Vítimas Feridas";"Plena Noite";"Crescente";"Garoa/Chuvisco";"Simples";"Reta";"Não";3;0;2;0;0;2;2;3;-13,157171;-55,974154;"SPRF-MT";"DEL06-MT";"UOP01-DEL06-MT"
344327;2021-03-05;"sexta-feira";"01:50:00";"PR";376;623;"SAO JOSE DOS PINHAIS";"Reação tardia ou ineficiente do condutor";"Colisão com objeto";"Com Vítimas Feridas";"Plena Noite";"Decrescente";"Nublado";"Dupla";"Reta";"Não";2;0;1;0;0;1;1;2;-25,63462416;-49,16182135;"SPRF-PR";"DEL01-PR";"UOP04-DEL01-PR"
344329;2021-03-05;"sexta-feira";"04:20:00";"SE";101;146,6;"ESTANCIA";"Condutor Dormindo";"Colisão traseira";"Com Vítimas Feridas";"Amanhecer";"Crescente";"Céu Claro";"Dupla";"Reta";"Não";4;0;0;1;2;1;1;3;-11,21285446;-37,41509724;"SPRF-SE";"DEL02-SE";"UOP01-DEL02-SE"
344331;2021-03-05;"sexta-feira";"01:20:00";"SC";282;407;"CATANDUVAS";"Transitar na contramão";"Colisão frontal";"Com Vítimas Feridas";"Plena Noite";"Decrescente";"Chuva";"Simples";"Aclive";"Não";2;0;1;0;1;0;1;2;-27,083517;-51,662014;"SPRF-SC";"DEL07-SC";"UOP05-DEL07-SC"
344338;2021-03-05;"sexta-feira";"06:05:00";"PR";376;497,2;"PONTA GROSSA";"Reação tardia ou ineficiente do condutor";"Colisão traseira";"Com Vítimas Feridas";"Amanhecer";"Decrescente";"Nublado";"Dupla";"Reta";"Não";3;0;1;0;1;3;1;5;-25,04502877;-50,08838654;"SPRF-PR";"DEL03-PR";"UOP01-DEL03-PR"
344339;2021-03-05;"sexta-feira";"05:30:00";"SP";116;118,6;"TAUBATE";"Condutor deixou de manter distância do veículo da frente";"Derramamento de carga";"Sem Vítimas";"Amanhecer";"Decrescente";"Nublado";"Dupla";"Reta";"Não";2;0;0;0;1;3;0;4;-23,06266296;-45,62665044;"SPRF-SP";"DEL02-SP";"UOP02-DEL02-SP"
344345;2021-03-05;"sexta-feira";"07:00:00";"BA";116;7,2;"VITORIA DA CONQUISTA";"Reação tardia ou ineficiente do condutor";"Colisão traseira";"Com Vítimas Feridas";"Pleno dia";"Crescente";"Sol";"Simples";"Reta";"Sim";4;0;1;0;3;0;1;3;-14,84067;-40,88837;"SPRF-BA";"DEL08-BA";"UOP01-DEL08-BA"
344346;2021-03-05;"sexta-feira";"07:25:00";"PE";101;91;"JABOATAO DOS GUARARAPES";"Manobra de mudança de faixa";"Colisão lateral mesmo sentido";"Com Vítimas Feridas";"Pleno dia";"Decrescente";"Céu Claro";"Dupla";"Ponte;Reta";"Sim";5;0;1;0;3;1;1;3;-8,22399812;-34,99290474;"SPRF-PE";"DEL01-PE";"UOP03-DEL01-PE"
344350;2021-03-05;"sexta-feira";"07:15:00";"RS";153;623;"BAGE";"Reação tardia ou ineficiente do condutor";"Capotamento";"Com Vítimas Feridas";"Pleno dia";"Crescente";"Céu Claro";"Simples";"Rotatória";"Não";2;0;2;0;0;0;2;1;-31,32886;-53,98097;"SPRF-RS";"DEL11-RS";"UOP03-DEL11-RS"
344357;2021-03-05;"sexta-feira";"08:15:00";"MG";381;906,1;"CAMBUI";"Ausência de reação do condutor";"Colisão traseira";"Sem Vítimas";"Pleno dia";"Decrescente";"Chuva";"Dupla";"Reta;Declive";"Não";3;0;0;0;2;1;0;3;-22,70254777;-46,11752735;"SPRF-MG";"DEL16-MG";"UOP03-DEL16-MG"
344364;2021-03-05;"sexta-feira";"09:00:00";"SC";101;216;"PALHOCA";"Acessar a via sem observar a presença dos outros veículos";"Colisão lateral mesmo sentido";"Com Vítimas Feridas";"Pleno dia";"Crescente";"Céu Claro";"Dupla";"Reta";"Sim";2;0;1;0;1;0;1;2;-27,65981409;-48,67747798;"SPRF-SC";"DEL01-SC";"UOP02-DEL01-SC"
344366;2021-01-28;"quinta-feira";"16:10:00";"MG";381;502,5;"BETIM";"Reação tardia ou ineficiente do condutor";"Colisão traseira";"Com Vítimas Feridas";"Pleno dia";"Crescente";"Céu Claro";"Dupla";"Curva";"Sim";3;0;0;1;1;1;1;3;-20,01954656;-44,22840357;"SPRF-MG";"DEL01-MG";"UOP03-DEL01-MG"
344371;2021-03-05;"sexta-feira";"06:30:00";"PR";376;451,2;"TIBAGI";"Velocidade Incompatível";"Tombamento";"Com Vítimas Feridas";"Pleno dia";"Crescente";"Nublado";"Dupla";"Curva";"Não";2;0;1;0;0;1;1;2;-24,91259494;-50,41591644;"SPRF-PR";"DEL03-PR";"UOP02-DEL03-PR"
344374;2021-03-05;"sexta-feira";"10:05:00";"GO";153;508,8;"APARECIDA DE GOIANIA";"Condutor deixou de manter distância do veículo da frente";"Engavetamento";"Com Vítimas Feridas";"Pleno dia";"Decrescente";"Céu Claro";"Dupla";"Declive";"Sim";7;0;2;0;5;0;2;4;-16,7804;-49,2371;"SPRF-GO";"DEL01-GO";"UOP03-DEL01-GO"
344375;2021-03-05;"sexta-feira";"10:00:00";"PE";423;173,6;"AGUAS BELAS";"Entrada inopinada do pedestre";"Atropelamento de Pedestre";"Com Vítimas Fatais";"Pleno dia";"Crescente";"Céu Claro";"Simples";"Reta";"Não";3;1;0;0;1;1;0;3;-9,1288795;-37,07829703;"SPRF-AL";"DEL03-AL";"UOP02-DEL03-AL"
344379;2021-03-05;"sexta-feira";"10:20:00";"RJ";116;164;"RIO DE JANEIRO";"Demais falhas mecânicas ou elétricas";"Colisão transversal";"Com Vítimas Feridas";"Pleno dia";"Crescente";"Nublado";"Dupla";"Reta";"Não";3;0;2;0;1;0;2;2;-22,81074068;-43,28844363;"SPRF-RJ";"DEL01-RJ";"UOP01-DEL01-RJ"
344381;2021-03-04;"quinta-feira";"15:17:00";"MG";381;677;"PERDOES";"Velocidade Incompatível";"Tombamento";"Com Vítimas Feridas";"Pleno dia";"Decrescente";"Céu Claro";"Simples";"Rotatória";"Não";2;0;1;0;0;1;1;2;-21,140046;-45,104398;"SPRF-MG";"DEL04-MG";"UOP02-DEL04-MG"
344386;2021-03-05;"sexta-feira";"10:20:00";"RS";158;482,5;"ROSARIO DO SUL";"Demais falhas mecânicas ou elétricas";"Saída de leito carroçável";"Com Vítimas Feridas";"Pleno dia";"Crescente";"Céu Claro";"Simples";"Declive";"Não";3;0;1;0;2;0;1;1;-30,36244697;-55,03230711;"SPRF-RS";"DEL11-RS";"UOP02-DEL11-RS"
344387;2021-03-05;"sexta-feira";"11:47:00";"MG";381;495;"BETIM";"Demais falhas mecânicas ou elétricas";"Colisão traseira";"Com Vítimas Feridas";"Pleno dia";"Decrescente";"Sol";"Múltipla";"Declive;Reta";"Sim";5;0;3;0;1;1;3;3;-19,9723001;-44,18340683;"SPRF-MG";"DEL01-MG";"UOP03-DEL01-MG"
344389;2021-03-05;"sexta-feira";"11:00:00";"MG";381;563;"ITAGUARA";"Transitar na contramão";"Colisão lateral sentido oposto";"Com Vítimas Feridas";"Pleno dia";"Crescente";"Céu Claro";"Dupla";"Curva";"Não";3;0;1;0;2;0;1;3;-20,40233189;-44,509134;"SPRF-MG";"DEL04-MG";"UOP03-DEL04-MG"
344390;2021-03-05;"sexta-feira";"12:04:00";"PR";272;367;"CAMPO MOURAO";"Ingestão de álcool ou de substâncias psicoativas pelo pedestre";"Eventos atípicos";"Com Vítimas Feridas";"Pleno dia";"Crescente";"Céu Claro";"Simples";"Reta";"Sim";2;0;1;0;1;0;1;2;-24,05063682;-52,40169964;"SPRF-PR";"DEL09-PR";"UOP03-DEL09-PR"
344391;2021-03-05;"sexta-feira";"10:55:00";"MS";163;727;"COXIM";"Acessar a via sem observar a presença dos outros veículos";"Colisão transversal";"Com Vítimas Feridas";"Pleno dia";"Crescente";"Chuva";"Simples";"Reta";"Sim";3;0;1;0;1;2;1;4;-18,53607086;-54,74294349;"SPRF-MS";"DEL06-MS";"UOP01-DEL06-MS"
344392;2021-03-05;"sexta-feira";"12:00:00";"MT";70;514,3;"VARZEA GRANDE";"Condutor deixou de manter distância do veículo da frente";"Colisão traseira";"Com Vítimas Feridas";"Pleno dia";"Decrescente";"Chuva";"Simples";"Reta";"Sim";3;0;1;0;1;4;1;6;-15,70611698;-56,1343646;"SPRF-MT";"DEL01-MT";"UOP02-DEL01-MT"
344393;2021-03-05;"sexta-feira";"12:05:00";"SC";101;336,1;"TUBARAO";"Frear bruscamente";"Colisão com objeto";"Com Vítimas Feridas";"Pleno dia";"Decrescente";"Nublado";"Dupla";"Ponte";"Sim";2;0;1;0;0;1;1;2;-28,47311347;-49,02437375;"SPRF-SC";"DEL02-SC";"UOP01-DEL02-SC"
344397;2021-03-05;"sexta-feira";"09:20:00";"RJ";40;89;"PETROPOLIS";"Velocidade Incompatível";"Tombamento";"Com Vítimas Fatais";"Pleno dia";"Crescente";"Céu Claro";"Dupla";"Curva";"Não";2;2;0;0;0;0;0;1;-22,556263;-43,23718;"SPRF-RJ";"DEL06-RJ";"UOP01-DEL06-RJ"
344406;2021-03-05;"sexta-feira";"11:15:00";"MG";116;704,8;"MURIAE";"Reação tardia ou ineficiente do condutor";"Colisão lateral mesmo sentido";"Com Vítimas Fatais";"Pleno dia";"Crescente";"Sol";"Simples";"Curva";"Sim";5;1;0;0;2;2;0;5;-21,127259;-42,38345146;"SPRF-MG";"DEL07-MG";"UOP02-DEL07-MG"
344407;2021-03-05;"sexta-feira";"12:25:00";"BA";410;33;"TUCANO";"Velocidade Incompatível";"Saída de leito carroçável";"Com Vítimas Feridas";"Pleno dia";"Crescente";"Céu Claro";"Simples";"Interseção de Vias";"Sim";3;0;1;1;0;2;2;3;-10,97784383;-38,77964013;"SPRF-BA";"DEL07-BA";"UOP02-DEL07-BA"
344409;2021-03-05;"sexta-feira";"13:55:00";"PR";116;180;"CAMPO DO TENENTE";"Velocidade Incompatível";"Colisão lateral sentido oposto";"Com Vítimas Feridas";"Pleno dia";"Decrescente";"Chuva";"Simples";"Declive;Curva";"Não";4;0;1;0;2;1;1;4;-25,91602687;-49,60999846;"SPRF-PR";"DEL01-PR";"UOP03-DEL01-PR"
344410;2021-03-05;"sexta-feira";"13:35:00";"BA";116;275,5;"TUCANO";"Condutor deixou de manter distância do veículo da frente";"Colisão traseira";"Com Vítimas Feridas";"Pleno dia";"Crescente";"Céu Claro";"Simples";"Interseção de Vias";"Sim";2;0;1;0;1;0;1;2;-10,9766215;-38,79428691;"SPRF-BA";"DEL07-BA";"UOP02-DEL07-BA"
344418;2021-03-05;"sexta-feira";"14:35:00";"PR";376;326,3;"ORTIGUEIRA";"Problema com o freio";"Tombamento";"Com Vítimas Feridas";"Pleno dia";"Crescente";"Nevoeiro/Neblina";"Simples";"Curva";"Não";2;0;1;0;0;1;1;2;-24,06457874;-51,06247902;"SPRF-PR";"DEL07-PR";"UOP02-DEL07-PR"
344420;2021-03-05;"sexta-feira";"12:45:00";"PR";277;586,4;"CASCAVEL";"Desrespeitar a preferência no cruzamento";"Colisão transversal";"Com Vítimas Fatais";"Pleno dia";"Crescente";"Céu Claro";"Simples";"Interseção de Vias";"Sim";4;1;0;1;1;1;1;3;-24,9649472;-53,4210459;"SPRF-PR";"DEL04-PR";"UOP01-DEL04-PR"
344423;2021-03-05;"sexta-feira";"15:50:00";"RS";116;37,5;"VACARIA";"Demais falhas mecânicas ou elétricas";"Saída de leito carroçável";"Sem Vítimas";"Pleno dia";"Crescente";"Nublado";"Simples";"Reta";"Sim";2;0;0;0;1;1;0;2;-28,49871957;-50,9176864;"SPRF-RS";"DEL05-RS";"UOP03-DEL05-RS"
344424;2021-03-05;"sexta-feira";"15:20:00";"MS";163;350,7;"RIO BRILHANTE";"Manobra de mudança de faixa";"Colisão lateral sentido oposto";"Com Vítimas Feridas";"Pleno dia";"Decrescente";"Nublado";"Simples";"Reta";"Não";3;0;1;0;0;4;1;5;-21,59134601;-54,43393798;"SPRF-MS";"DEL02-MS";"UOP01-DEL02-MS"
344427;2021-03-05;"sexta-feira";"13:30:00";"BA";101;110;"ALAGOINHAS";"Entrada inopinada do pedestre";"Atropelamento de Pedestre";"Com Vítimas Fatais";"Pleno dia";"Decrescente";"Sol";"Simples";"Ponte";"Não";3;1;0;0;1;1;0;3;-12,16256614;-38,41568515;"SPRF-BA";"DEL01-BA";"UOP04-DEL01-BA"
344428;2021-03-05;"sexta-feira";"14:30:00";"MG";116;35,4;"CACHOEIRA DE PAJEU";"Ausência de reação do condutor";"Tombamento";"Sem Vítimas";"Pleno dia";"Crescente";"Céu Claro";"Dupla";"Aclive;Curva";"Não";2;0;0;0;1;1;0;2;-15,94135999;-41,4000173;"SPRF-MG";"DEL11-MG";"UOP02-DEL11-MG"
344431;2021-03-05;"sexta-feira";"16:30:00";"PR";116;147;"MANDIRITUBA";"Avarias e/ou desgaste excessivo no pneu";"Colisão frontal";"Com Vítimas Feridas";"Pleno dia";"Decrescente";"Chuva";"Simples";"Reta";"Não";2;0;1;0;1;0;1;2;-25,79053901;-49,32743694;"SPRF-PR";"DEL01-PR";"UOP03-DEL01-PR"
344432;2021-01-22;"sexta-feira";"22:15:00";"BA";324;534;"FEIRA DE SANTANA";"Estacionar ou parar em local proibido";"Colisão traseira";"Com Vítimas Feridas";"Plena Noite";"Decrescente";"Céu Claro";"Dupla";"Declive";"Não";6;0;1;1;4;0;2;2;-12,35947671;-38,82603429;"SPRF-BA";"DEL01-BA";"UOP03-DEL01-BA"
344447;2021-03-05;"sexta-feira";"17:55:00";"SP";101;45,5;"UBATUBA";"Velocidade Incompatível";"Colisão transversal";"Com Vítimas Feridas";"Pleno dia";"Decrescente";"Nublado";"Simples";"Reta";"Sim";2;0;0;1;1;0;1;2;-23,41779396;-45,06788408;"SPRF-SP";"DEL06-SP";"UOP01-DEL06-SP"
344450;2021-03-05;"sexta-feira";"17:40:00";"SC";470;174,6;"POUSO REDONDO";"Ingestão de álcool pelo condutor";"Colisão traseira";"Com Vítimas Feridas";"Pleno dia";"Decrescente";"Céu Claro";"Simples";"Declive;Reta";"Não";5;0;3;0;2;0;3;3;-27,258179;-49,929146;"SPRF-SC";"DEL04-SC";"UOP02-DEL04-SC"
344463;2021-03-05;"sexta-feira";"18:10:00";"SP";116;548;"BARRA DO TURVO";"Obstrução na via";"Colisão traseira";"Com Vítimas Feridas";"Plena Noite";"Crescente";"Garoa/Chuvisco";"Simples";"Curva";"Não";3;0;0;1;1;1;1;3;-24,95534531;-48,45230341;"SPRF-SP";"DEL05-SP";"UOP02-DEL05-SP"
344466;2021-03-05;"sexta-feira";"15:45:00";"SC";470;4;"NAVEGANTES";"Ausência de reação do condutor";"Colisão lateral mesmo sentido";"Com Vítimas Feridas";"Pleno dia";"Crescente";"Sol";"Simples";"Reta";"Não";4;0;1;1;1;1;2;3;-26,858473;-48,690788;"SPRF-SC";"DEL04-SC";"UOP04-DEL04-SC"
344469;2021-03-05;"sexta-feira";"14:30:00";"BA";116;738,1;"BOA NOVA";"Reação tardia ou ineficiente do condutor";"Colisão traseira";"Sem Vítimas";"Pleno dia";"Decrescente";"Céu Claro";"Simples";"Reta;Aclive";"Não";3;0;0;0;1;2;0;3;-14,338584;-40,327968;"SPRF-BA";"DEL08-BA";"UOP02-DEL08-BA"
344471;2021-03-05;"sexta-feira";"18:30:00";"MT";364;542,2;"ROSARIO OESTE";"Acessar a via sem observar a presença dos outros veículos";"Colisão transversal";"Com Vítimas Feridas";"Plena Noite";"Decrescente";"Nublado";"Simples";"Reta";"Não";3;0;1;0;1;1;1;3;-14,91290882;-56,47221224;"SPRF-MT";"DEL01-MT";"UOP01-DEL01-MT"
344472;2021-03-05;"sexta-feira";"19:30:00";"RN";304;282;"MACAIBA";"Ultrapassagem Indevida";"Colisão frontal";"Com Vítimas Feridas";"Plena Noite";"Decrescente";"Céu Claro";"Simples";"Reta";"Não";2;0;0;1;1;0;1;2;-5,886;-35,478;"SPRF-RN";"DEL01-RN";"UOP02-DEL01-RN"
344475;2021-03-05;"sexta-feira";"19:30:00";"PE";316;57,2;"TRINDADE";"Acessar a via sem observar a presença dos outros veículos";"Colisão lateral mesmo sentido";"Com Vítimas Feridas";"Plena Noite";"Crescente";"Ignorado";"Simples";"Reta";"Sim";2;0;0;1;1;0;1;2;-7,74765771;-40,2710428;"SPRF-PE";"DEL05-PE";"UOP02-DEL05-PE"
344482;2021-03-05;"sexta-feira";"18:15:00";"PR";116;121,6;"CURITIBA";"Manobra de mudança de faixa";"Colisão lateral mesmo sentido";"Com Vítimas Feridas";"Pleno dia";"Crescente";"Nublado";"Dupla";"Declive;Reta";"Sim";5;0;1;0;4;0;1;5;-25,60126368;-49,31771278;"SPRF-PR";"DEL01-PR";"UOP03-DEL01-PR"
344492;2021-03-05;"sexta-feira";"20:50:00";"ES";101;209,8;"JOAO NEIVA";"Reação tardia ou ineficiente do condutor";"Colisão traseira";"Com Vítimas Feridas";"Plena Noite";"Crescente";"Céu Claro";"Dupla";"Curva";"Não";5;0;1;1;2;1;2;4;-19,789689;-40,37132;"SPRF-ES";"DEL02-ES";"UOP01-DEL02-ES"
344493;2021-03-05;"sexta-feira";"20:00:00";"PR";153;23,4;"JACAREZINHO";"Demais falhas mecânicas ou elétricas";"Colisão frontal";"Com Vítimas Feridas";"Plena Noite";"Crescente";"Nublado";"Simples";"Reta;Aclive";"Não";3;0;1;0;1;1;1;3;-23,17659697;-49,97635304;"SPRF-PR";"DEL07-PR";"UOP04-DEL07-PR"
344495;2021-03-05;"sexta-feira";"20:00:00";"RS";290;178,6;"BUTIA";"Iluminação deficiente";"Colisão frontal";"Com Vítimas Feridas";"Plena Noite";"Crescente";"Nublado";"Simples";"Reta";"Não";7;0;3;1;2;1;4;2;-30,134542;-51,992455;"SPRF-RS";"DEL02-RS";"UOP03-DEL02-RS"
344503;2021-03-05;"sexta-feira";"21:50:00";"SP";116;230,2;"SAO PAULO";"Ausência de reação do condutor";"Colisão traseira";"Com Vítimas Feridas";"Plena Noite";"Crescente";"Garoa/Chuvisco";"Dupla";"Reta";"Não";4;0;1;0;2;1;1;4;-23,52448683;-46,58534847;"SPRF-SP";"DEL01-SP";"UOP01-DEL01-SP"
344512;2021-03-05;"sexta-feira";"18:20:00";"SC";282;627,6;"IRACEMINHA";"Velocidade Incompatível";"Colisão lateral sentido oposto";"Com Vítimas Feridas";"Pleno dia";"Decrescente";"Nublado";"Simples";"Declive;Curva";"Não";5;0;0;1;3;3;1;6;-26,8176;-53,36315;"SPRF-SC";"DEL07-SC";"UOP02-DEL07-SC"
344521;2021-03-05;"sexta-feira";"16:40:00";"PR";376;445;"TIBAGI";"Velocidade Incompatível";"Engavetamento";"Com Vítimas Feridas";"Pleno dia";"Crescente";"Nublado";"Dupla";"Curva";"Não";9;0;1;0;7;6;1;13;-24,89647103;-50,42823003;"SPRF-PR";"DEL03-PR";"UOP02-DEL03-PR"