"id";"data_inversa";"dia_semana";"horario";"uf";"br";"km";"municipio";"causa_acidente";"tipo_acidente";"classificacao_acidente";"fase_dia";"sentido_via";"condicao_metereologica";"tipo_pista";"tracado_via";"uso_solo";"pessoas";"mortos";"feridos_leves";"feridos_graves";"ilesos";"ignorados";"feridos";"veiculos";"latitude";"longitude";"regional";"delegacia";"uop"
344523;2021-03-05;"sexta-feira";"22:30:00";"MG";381;539;"ITATIAIUCU";"Velocidade Incompatível";"Colisão traseira";"Sem Vítimas";"Plena Noite";"Decrescente";"Chuva";"Dupla";"Declive;Curva";"Sim";4;0;0;0;3;1;0;3;-20,242548;-44,41251621;"SPRF-MG";"DEL04-MG";"UOP03-DEL04-MG"
344524;2021-03-05;"sexta-feira";"16:40:00";"PR";376;445,7;"TIBAGI";"Velocidade Incompatível";"Tombamento";"Com Vítimas Feridas";"Pleno dia";"Crescente";"Nublado";"Dupla";"Curva";"Não";2;0;0;1;0;1;1;2;-24,89647103;-50,42823003;"SPRF-PR";"DEL03-PR";"UOP02-DEL03-PR"
344531;2021-03-05;"sexta-feira";"23:30:00";"PR";376;138;"NOVA ESPERANCA";"Ingestão de álcool pelo condutor";"Colisão transversal";"Com Vítimas Feridas";"Plena Noite";"Crescente";"Garoa/Chuvisco";"Dupla";"Retorno Regulamentado";"Não";3;0;1;0;1;1;1;3;-23,211239;-52,191032;"SPRF-PR";"DEL09-PR";"UOP02-DEL09-PR"
344532;2021-03-06;"sábado";"01:00:00";"ES";101;376;"ICONHA";"Condutor Dormindo";"Colisão frontal";"Sem Vítimas";"Plena Noite";"Crescente";"Céu Claro";"Simples";"Reta";"Não";3;0;0;0;1;2;0;3;-20,79013351;-40,80343867;"SPRF-ES";"DEL03-ES";"UOP01-DEL03-ES"
344538;2021-03-06;"sábado";"04:00:00";"PR";476;270,1;"SAO MATEUS DO SUL";"Ausência de reação do condutor";"Colisão frontal";"Com Vítimas Fatais";"Amanhecer";"Decrescente";"Nublado";"Simples";"Reta";"Não";4;2;2;0;0;0;2;2;-25,897345;-50,33913;"SPRF-PR";"DEL02-PR";"UOP04-DEL02-PR"
344542;2021-03-06;"sábado";"05:00:00";"MG";40;558;"SETE LAGOAS";"Frear bruscamente";"Colisão traseira";"Com Vítimas Feridas";"Amanhecer";"Crescente";"Chuva";"Dupla";"Curva;Declive";"Não";5;0;0;2;2;1;2;3;-19,3946;-44,3344;"SPRF-MG";"DEL01-MG";"UOP02-DEL01-MG"
344548;2021-03-06;"sábado";"02:25:00";"MG";381;803;"SAO GONCALO DO SAPUCAI";"Condutor Dormindo";"Colisão traseira";"Sem Vítimas";"Plena Noite";"Decrescente";"Nublado";"Dupla";"Curva";"Não";3;0;0;0;2;1;0;3;-21,9526247;-45,62427515;"SPRF-MG";"DEL16-MG";"UOP02-DEL16-MG"
344555;2021-03-05;"sexta-feira";"19:00:00";"MG";365;627;"UBERLANDIA";"Condutor deixou de manter distância do veículo da frente";"Colisão lateral mesmo sentido";"Sem Vítimas";"Plena Noite";"Decrescente";"Chuva";"Dupla";"Reta";"Sim";3;0;0;0;3;0;0;3;-18,90359335;-48,34361612;"SPRF-MG";"DEL15-MG";"UOP01-DEL15-MG"
344560;2021-03-05;"sexta-feira";"22:00:00";"MG";365;393,5;"PATOS DE MINAS";"Demais falhas mecânicas ou elétricas";"Colisão lateral sentido oposto";"Com Vítimas Feridas";"Plena Noite";"Crescente";"Céu Claro";"Simples";"Reta";"Não";2;0;1;0;1;0;1;2;-18,63481872;-46,34836686;"SPRF-MG";"DEL10-MG";"UOP01-DEL10-MG"
344564;2021-03-06;"sábado";"07:00:00";"SP";116;349,4;"MIRACATU";"Demais falhas mecânicas ou elétricas";"Incêndio";"Sem Vítimas";"Pleno dia";"Crescente";"Garoa/Chuvisco";"Dupla";"Declive;Reta";"Não";4;0;0;0;2;2;0;3;-24,056093;-47,215323;"SPRF-SP";"DEL04-SP";"UOP02-DEL04-SP"
344575;2021-03-06;"sábado";"10:00:00";"MG";153;147;"CAMPO FLORIDO";"Ausência de reação do condutor";"Atropelamento de Pedestre";"Com Vítimas Feridas";"Pleno dia";"Decrescente";"Nublado";"Dupla";"Reta";"Não";4;0;1;0;2;1;1;3;-19,62432356;-48,84561218;"SPRF-MG";"DEL13-MG";"UOP02-DEL13-MG"
344587;2021-03-06;"sábado";"10:00:00";"RJ";101;15,1;"MACAE";"Reação tardia ou ineficiente do condutor";"Colisão transversal";"Com Vítimas Feridas";"Pleno dia";"Crescente";"Nublado";"Simples";"Curva";"Não";4;0;0;1;2;2;1;4;-22,38429307;-41,97541237;"SPRF-RJ";"DEL08-RJ";"UOP01-DEL08-RJ"
344591;2021-03-06;"sábado";"11:30:00";"MG";267;251,7;"CARVALHOS";"Velocidade Incompatível";"Tombamento";"Com Vítimas Feridas";"Pleno dia";"Decrescente";"Nublado";"Simples";"Curva";"Não";2;0;1;0;0;1;1;2;-21,93968682;-44,49100577;"SPRF-MG";"DEL17-MG";"UOP01-DEL17-MG"
344592;2021-02-23;"terça-feira";"15:00:00";"PR";153;91,9;"JAPIRA";"Problema com o freio";"Incêndio";"Sem Vítimas";"Pleno dia";"Decrescente";"Céu Claro";"Simples";"Reta";"Não";2;0;0;0;1;1;0;2;-23,70552845;-50,17430305;"SPRF-PR";"DEL07-PR";"UOP04-DEL07-PR"
344593;2021-03-06;"sábado";"11:50:00";"ES";101;297,7;"VIANA";"Manobra de mudança de faixa";"Colisão lateral mesmo sentido";"Com Vítimas Feridas";"Pleno dia";"Decrescente";"Céu Claro";"Dupla";"Reta";"Sim";3;0;1;0;1;3;1;5;-20,34529844;-40,41026774;"SPRF-ES";"DEL01-ES";"UOP01-DEL01-ES"
344594;2021-03-06;"sábado";"09:55:00";"BA";116;620;"JAGUAQUARA";"Obras na pista";"Saída de leito carroçável";"Com Vítimas Feridas";"Pleno dia";"Crescente";"Céu Claro";"Simples";"Reta";"Não";2;0;1;0;0;1;1;2;-13,36571005;-40,01844065;"SPRF-BA";"DEL03-BA";"UOP01-DEL03-BA"
344600;2021-01-21;"quinta-feira";"11:20:00";"RS";470;158;"NOVA PRATA";"Mal súbito do condutor";"Colisão transversal";"Com Vítimas Feridas";"Pleno dia";"Crescente";"Chuva";"Simples";"Curva";"Não";2;0;0;1;1;0;1;2;-28,80000398;-51,61054097;"SPRF-RS";"DEL06-RS";"UOP02-DEL06-RS"
344602;2021-03-06;"sábado";"13:10:00";"SP";116;346;"MIRACATU";"Demais falhas mecânicas ou elétricas";"Incêndio";"Sem Vítimas";"Pleno dia";"Decrescente";"Garoa/Chuvisco";"Dupla";"Curva";"Não";1;0;0;0;1;0;0;1;-24,04051503;-47,19268341;"SPRF-SP";"DEL04-SP";"UOP02-DEL04-SP"
344606;2021-03-06;"sábado";"10:45:00";"PR";277;611,9;"SANTA TEREZA DO OESTE";"Reação tardia ou ineficiente do condutor";"Colisão traseira";"Com Vítimas Feridas";"Pleno dia";"Decrescente";"Céu Claro";"Simples";"Reta";"Não";4;0;1;1;1;2;2;4;-25,05215123;-53,63184497;"SPRF-PR";"DEL05-PR";"UOP02-DEL05-PR"
344607;2021-03-06;"sábado";"12:00:00";"SP";116;226;"GUARULHOS";"Ultrapassagem Indevida";"Colisão lateral mesmo sentido";"Com Vítimas Feridas";"Pleno dia";"Crescente";"Nublado";"Múltipla";"Reta";"Sim";3;0;2;0;0;1;2;2;-23,49102507;-46,54878195;"SPRF-SP";"DEL01-SP";"UOP01-DEL01-SP"
344612;2021-03-06;"sábado";"12:30:00";"PR";376;451;"TIBAGI";"Velocidade Incompatível";"Colisão lateral mesmo sentido";"Sem Vítimas";"Pleno dia";"Decrescente";"Chuva";"Dupla";"Curva";"Não";3;0;0;0;2;1;0;3;-24,94239016;-50,40224704;"SPRF-PR";"DEL03-PR";"UOP02-DEL03-PR"
344620;2021-03-06;"sábado";"13:45:00";"RS";290;127,9;"ELDORADO DO SUL";"Reação tardia ou ineficiente do condutor";"Colisão lateral sentido oposto";"Com Vítimas Feridas";"Pleno dia";"Decrescente";"Céu Claro";"Simples";"Reta";"Não";3;0;1;0;1;4;1;6;-30,056417;-51,479671;"SPRF-RS";"DEL02-RS";"UOP01-DEL02-RS"
344622;2021-03-06;"sábado";"13:50:00";"MT";163;663;"LUCAS DO RIO VERDE";"Reação tardia ou ineficiente do condutor";"Tombamento";"Sem Vítimas";"Pleno dia";"Decrescente";"Céu Claro";"Simples";"Reta";"Não";2;0;0;0;1;1;0;2;-13,37562091;-56,08095608;"SPRF-MT";"DEL06-MT";"UOP01-DEL06-MT"
344628;2021-03-06;"sábado";"14:35:00";"SP";381;85;"SAO PAULO";"Reação tardia ou ineficiente do condutor";"Colisão traseira";"Sem Vítimas";"Pleno dia";"Decrescente";"Nublado";"Múltipla";"Reta";"Sim";3;0;0;0;3;0;0;2;-23,449343;-46,56983501;"SPRF-SP";"DEL03-SP";"UOP01-DEL03-SP"
344629;2021-03-06;"sábado";"14:27:00";"PR";369;495,3;"CORBELIA";"Retorno proibido";"Colisão transversal";"Sem Vítimas";"Pleno dia";"Decrescente";"Nublado";"Simples";"Em Obras;Reta";"Não";2;0;0;0;1;1;0;2;-24,75164453;-53,28074098;"SPRF-PR";"DEL09-PR";"UOP03-DEL09-PR"
344635;2021-03-06;"sábado";"14:25:00";"PR";373;443,1;"CHOPINZINHO";"Ingestão de álcool pelo condutor";"Colisão lateral mesmo sentido";"Sem Vítimas";"Pleno dia";"Crescente";"Céu Claro";"Simples";"Reta";"Não";4;0;0;0;2;2;0;4;-25,8298906;-52,3079941;"SPRF-PR";"DEL02-PR";"UOP01-DEL02-PR"
344636;2021-03-06;"sábado";"15:20:00";"SC";101;119;"ITAJAI";"Acessar a via sem observar a presença dos outros veículos";"Colisão transversal";"Com Vítimas Feridas";"Pleno dia";"Decrescente";"Céu Claro";"Dupla";"Reta";"Não";3;0;0;1;1;1;1;3;-26,9043179;-48,71555481;"SPRF-SC";"DEL04-SC";"UOP04-DEL04-SC"
344638;2021-03-06;"sábado";"16:00:00";"SC";101;106;"PENHA";"Ingestão de substâncias psicoativas pelo condutor";"Colisão traseira";"Com Vítimas Feridas";"Pleno dia";"Crescente";"Sol";"Dupla";"Reta";"Sim";3;0;0;2;1;0;2;2;-26,81031601;-48,68293896;"SPRF-SC";"DEL03-SC";"UOP02-DEL03-SC"
344639;2021-03-06;"sábado";"16:10:00";"SP";116;437;"REGISTRO";"Chuva";"Colisão lateral mesmo sentido";"Com Vítimas Feridas";"Pleno dia";"Decrescente";"Chuva";"Dupla";"Reta";"Não";5;0;1;1;2;1;2;3;-24,44201718;-47,79888683;"SPRF-SP";"DEL05-SP";"UOP01-DEL05-SP"
344640;2021-03-06;"sábado";"15:40:00";"PR";277;32,5;"MORRETES";"Velocidade Incompatível";"Saída de leito carroçável";"Sem Vítimas";"Pleno dia";"Crescente";"Garoa/Chuvisco";"Simples";"Curva;Aclive";"Não";2;0;0;0;1;1;0;2;-25,547373;-48,790559;"SPRF-PR";"DEL01-PR";"UOP05-DEL01-PR"
344646;2021-03-06;"sábado";"14:40:00";"MA";230;406;"BALSAS";"Desrespeitar a preferência no cruzamento";"Colisão transversal";"Sem Vítimas";"Pleno dia";"Decrescente";"Céu Claro";"Dupla";"Reta";"Sim";3;0;0;0;2;3;0;5;-7,51971965;-46,05845601;"SPRF-MA";"DEL05-MA";"UOP01-DEL05-MA"
344650;2021-03-06;"sábado";"16:14:00";"RO";364;343;"JI-PARANA";"Reação tardia ou ineficiente do condutor";"Colisão lateral mesmo sentido";"Sem Vítimas";"Pleno dia";"Crescente";"Céu Claro";"Dupla";"Interseção de Vias;Reta";"Sim";2;0;0;0;2;0;0;2;-10,877597;-61,946829;"SPRF-RO";"DEL02-RO";"UOP01-DEL02-RO"
344651;2021-03-06;"sábado";"16:15:00";"MS";376;108;"IVINHEMA";"Ingestão de álcool pelo condutor";"Tombamento";"Com Vítimas Fatais";"Pleno dia";"Decrescente";"Céu Claro";"Simples";"Reta";"Não";4;1;0;0;1;4;0;6;-22,29325783;-53,93562101;"SPRF-MS";"DEL04-MS";"UOP04-DEL04-MS"
344652;2021-03-06;"sábado";"16:45:00";"PR";376;671,5;"GUARATUBA";"Condutor Dormindo";"Saída de leito carroçável";"Com Vítimas Feridas";"Pleno dia";"Decrescente";"Nublado";"Dupla";"Reta";"Não";2;0;1;0;0;1;1;2;-25,97334162;-48,64581436;"SPRF-PR";"DEL01-PR";"UOP04-DEL01-PR"
344655;2021-03-06;"sábado";"16:00:00";"MG";50;27;"ARAGUARI";"Reação tardia ou ineficiente do condutor";"Saída de leito carroçável";"Com Vítimas Feridas";"Pleno dia";"Crescente";"Chuva";"Dupla";"Aclive;Curva";"Não";2;0;1;0;0;1;1;2;-18,61943321;-48,09375199;"SPRF-MG";"DEL15-MG";"UOP02-DEL15-MG"
344660;2021-03-06;"sábado";"17:15:00";"BA";116;903,4;"CANDIDO SALES";"Velocidade Incompatível";"Colisão traseira";"Sem Vítimas";"Pleno dia";"Crescente";"Sol";"Simples";"Reta;Declive";"Não";3;0;0;0;2;3;0;5;-15,40449212;-41,20958671;"SPRF-BA";"DEL08-BA";"UOP03-DEL08-BA"
344661;2021-03-06;"sábado";"17:20:00";"RJ";393;146;"SAPUCAIA";"Pista Escorregadia";"Colisão frontal";"Com Vítimas Fatais";"Pleno dia";"Decrescente";"Garoa/Chuvisco";"Simples";"Curva";"Sim";2;1;0;0;1;0;0;2;-22,04231888;-42,99312113;"SPRF-RJ";"DEL05-RJ";"UOP01-DEL05-RJ"
344662;2021-03-06;"sábado";"15:15:00";"MG";381;686,4;"LAVRAS";"Velocidade Incompatível";"Saída de leito carroçável";"Com Vítimas Feridas";"Pleno dia";"Crescente";"Chuva";"Dupla";"Reta";"Não";3;0;2;0;0;1;2;2;-21,20030689;-45,11944438;"SPRF-MG";"DEL04-MG";"UOP02-DEL04-MG"
344665;2021-03-06;"sábado";"18:20:00";"CE";20;220,2;"BOA VIAGEM";"Animais na Pista";"Atropelamento de Animal";"Sem Vítimas";"Plena Noite";"Decrescente";"Céu Claro";"Simples";"Em Obras;Reta";"Não";1;0;0;0;1;0;0;1;-4,99665318;-39,66230663;"SPRF-CE";"DEL02-CE";"UOP02-DEL02-CE"
344668;2021-03-06;"sábado";"17:25:00";"MT";364;521;"VARZEA GRANDE";"Ingestão de álcool pelo condutor";"Colisão lateral sentido oposto";"Sem Vítimas";"Plena Noite";"Decrescente";"Chuva";"Simples";"Reta";"Sim";2;0;0;0;2;0;0;2;-15,66965155;-56,18099213;"SPRF-MT";"DEL01-MT";"UOP01-DEL01-MT"
344669;2021-03-06;"sábado";"17:10:00";"SP";116;513;"CAJATI";"Velocidade Incompatível";"Colisão lateral mesmo sentido";"Com Vítimas Feridas";"Pleno dia";"Decrescente";"Chuva";"Simples";"Curva";"Não";3;0;1;0;1;2;1;4;-24,85109616;-48,21802405;"SPRF-SP";"DEL05-SP";"UOP02-DEL05-SP"
344673;2021-02-24;"quarta-feira";"12:00:00";"PA";163;503;"ITAITUBA";"Transitar na contramão";"Colisão frontal";"Com Vítimas Feridas";"Pleno dia";"Decrescente";"Ignorado";"Simples";"Curva";"Não";3;0;0;1;1;5;1;7;-5,4769077;-55,84505081;"SPRF-PA";"DEL05-PA";"UOP01-DEL05-PA"
344676;2021-03-06;"sábado";"16:30:00";"PE";232;224;"PESQUEIRA";"Reação tardia ou ineficiente do condutor";"Capotamento";"Sem Vítimas";"Pleno dia";"Decrescente";"Céu Claro";"Simples";"Curva";"Não";2;0;0;0;1;1;0;2;-8,40514489;-36,81936399;"SPRF-PE";"DEL03-PE";"UOP02-DEL03-PE"
344678;2021-03-06;"sábado";"16:10:00";"SC";101;113;"ITAJAI";"Ingestão de substâncias psicoativas pelo condutor";"Colisão lateral mesmo sentido";"Sem Vítimas";"Pleno dia";"Crescente";"Sol";"Dupla";"Reta";"Sim";4;0;0;0;3;1;0;4;-26,85311393;-48,72689927;"SPRF-SC";"DEL04-SC";"UOP04-DEL04-SC"
344679;2021-03-06;"sábado";"19:45:00";"SC";470;113,1;"APIUNA";"Ingestão de álcool pelo condutor";"Colisão lateral sentido oposto";"Com Vítimas Feridas";"Plena Noite";"Crescente";"Céu Claro";"Simples";"Reta";"Não";3;0;1;0;1;1;1;3;-27,091105;-49,470123;"SPRF-SC";"DEL04-SC";"UOP02-DEL04-SC"
344680;2021-03-06;"sábado";"07:00:00";"SC";101;59;"ARAQUARI";"Velocidade Incompatível";"Saída de leito carroçável";"Sem Vítimas";"Pleno dia";"Crescente";"Nublado";"Dupla";"Reta";"Não";1;0;0;0;0;1;0;1;-26,44651734;-48,79426826;"SPRF-SC";"DEL03-SC";"UOP02-DEL03-SC"
344689;2021-02-26;"sexta-feira";"06:15:00";"MT";364;458,7;"VARZEA GRANDE";"Condutor deixou de manter distância do veículo da frente";"Colisão traseira";"Sem Vítimas";"Pleno dia";"Decrescente";"Céu Claro";"Simples";"Reta";"Não";3;0;0;0;2;4;0;6;-15,479738;-56,2911;"SPRF-MT";"DEL01-MT";"UOP02-DEL01-MT"
344694;2021-03-06;"sábado";"19:25:00";"PR";376;354,6;"ORTIGUEIRA";"Ultrapassagem Indevida";"Colisão lateral mesmo sentido";"Com Vítimas Feridas";"Plena Noite";"Crescente";"Céu Claro";"Simples";"Reta";"Não";6;0;1;0;3;5;1;8;-24,237185;-50,917986;"SPRF-PR";"DEL07-PR";"UOP02-DEL07-PR"
344700;2021-03-06;"sábado";"21:00:00";"PR";153;507,9;"GENERAL CARNEIRO";"Velocidade Incompatível";"Tombamento";"Com Vítimas Fatais";"Plena Noite";"Decrescente";"Céu Claro";"Simples";"Curva";"Não";2;1;0;0;0;1;0;2;-26,541094;-51,388063;"SPRF-PR";"DEL02-PR";"UOP03-DEL02-PR"
344702;2021-03-06;"sábado";"19:30:00";"PR";376;672,7;"GUARATUBA";"Velocidade Incompatível";"Colisão traseira";"Com Vítimas Feridas";"Plena Noite";"Crescente";"Garoa/Chuvisco";"Dupla";"Reta";"Não";5;0;1;0;3;1;1;4;-25,89358488;-48,93146782;"SPRF-PR";"DEL01-PR";"UOP04-DEL01-PR"
344703;2021-03-06;"sábado";"18:30:00";"BA";101;115,3;"ALAGOINHAS";"Manobra de mudança de faixa";"Colisão frontal";"Com Vítimas Fatais";"Anoitecer";"Decrescente";"Céu Claro";"Simples";"Reta";"Não";4;2;0;0;1;1;0;3;-12,16;-38,45;"SPRF-BA";"DEL01-BA";"UOP04-DEL01-BA"
344708;2021-03-06;"sábado";"18:30:00";"BA";110;286;"INHAMBUPE";"Ingestão de álcool pelo condutor";"Colisão traseira";"Com Vítimas Feridas";"Plena Noite";"Crescente";"Céu Claro";"Simples";"Reta";"Não";5;0;2;0;1;2;2;4;-11,82090111;-38,35767177;"SPRF-BA";"DEL01-BA";"UOP04-DEL01-BA"
344716;2021-03-06;"sábado";"19:45:00";"RN";406;129,5;"TAIPU";"Pedestre andava na pista";"Atropelamento de Pedestre";"Com Vítimas Fatais";"Plena Noite";"Crescente";"Céu Claro";"Simples";"Reta";"Sim";2;1;0;0;0;1;0;2;-5,6219933;-35,6040879;"SPRF-RN";"DEL02-RN";"UOP01-DEL02-RN"
344724;2021-03-06;"sábado";"15:50:00";"BA";242;539;"OLIVEIRA DOS BREJINHOS";"Acostamento em desnível";"Tombamento";"Com Vítimas Feridas";"Pleno dia";"Decrescente";"Sol";"Simples";"Reta";"Não";3;0;1;0;1;2;1;3;-12,2337279;-42,77792091;"SPRF-BA";"DEL06-BA";"UOP03-DEL06-BA"
344727;2021-03-06;"sábado";"21:45:00";"SP";381;9;"VARGEM";"Ingestão de álcool pelo condutor";"Colisão lateral mesmo sentido";"Com Vítimas Feridas";"Plena Noite";"Crescente";"Chuva";"Dupla";"Reta";"Sim";4;0;0;1;0;3;1;3;-22,91848925;-46,43468788;"SPRF-SP";"DEL03-SP";"UOP01-DEL03-SP"
344743;2021-03-06;"sábado";"18:00:00";"MT";364;349;"SANTO ANTONIO DO LEVERGER";"Velocidade Incompatível";"Saída de leito carroçável";"Com Vítimas Feridas";"Anoitecer";"Crescente";"Chuva";"Dupla";"Curva";"Não";2;0;2;0;0;0;2;1;-15,80502622;-55,5546431;"SPRF-MT";"DEL05-MT";"UOP02-DEL05-MT"
344750;2021-03-06;"sábado";"22:15:00";"RJ";116;214;"PARACAMBI";"Chuva";"Colisão com objeto";"Com Vítimas Feridas";"Plena Noite";"Crescente";"Chuva";"Dupla";"Curva";"Sim";5;0;2;0;2;1;2;2;-22,713438;-43,734085;"SPRF-RJ";"DEL01-RJ";"UOP03-DEL01-RJ"
344764;2021-03-07;"domingo";"02:00:00";"SC";101;85;"BARRA VELHA";"Desrespeitar a preferência no cruzamento";"Colisão transversal";"Sem Vítimas";"Plena Noite";"Crescente";"Nublado";"Simples";"Reta";"Sim";3;0;0;0;2;1;0;3;-26,63149673;-48,70417541;"SPRF-SC";"DEL03-SC";"UOP02-DEL03-SC"
344771;2021-03-07;"domingo";"03:00:00";"ES";101;67;"SAO MATEUS";"Condutor desrespeitou a iluminação vermelha do semáforo";"Colisão transversal";"Com Vítimas Feridas";"Plena Noite";"Decrescente";"Nublado";"Dupla";"Reta";"Sim";4;0;1;0;1;2;1;4;-18,72054021;-39,8658931;"SPRF-ES";"DEL04-ES";"UOP02-DEL04-ES"
344772;2021-03-07;"domingo";"01:40:00";"GO";60;217,9;"VARJAO";"Condutor Dormindo";"Saída de leito carroçável";"Com Vítimas Feridas";"Plena Noite";"Crescente";"Chuva";"Dupla";"Reta;Ponte";"Não";2;0;0;1;0;1;1;2;-16,97274102;-49,73716736;"SPRF-GO";"DEL01-GO";"UOP02-DEL01-GO"
344788;2021-03-07;"domingo";"06:15:00";"ES";101;149;"LINHARES";"Condutor desrespeitou a iluminação vermelha do semáforo";"Colisão transversal";"Com Vítimas Feridas";"Pleno dia";"Crescente";"Nublado";"Simples";"Reta";"Sim";3;0;1;0;1;1;1;3;-19,39619083;-40,06435871;"SPRF-ES";"DEL04-ES";"UOP01-DEL04-ES"
344796;2021-03-07;"domingo";"06:45:00";"PR";153;13,9;"JACAREZINHO";"Ingestão de álcool pelo condutor";"Colisão lateral sentido oposto";"Sem Vítimas";"Amanhecer";"Crescente";"Céu Claro";"Simples";"Reta";"Não";3;0;0;0;2;2;0;4;-23,10169596;-49,94026617;"SPRF-PR";"DEL07-PR";"UOP04-DEL07-PR"
344799;2021-03-07;"domingo";"07:00:00";"RS";101;65,5;"MAQUINE";"Velocidade Incompatível";"Colisão traseira";"Com Vítimas Feridas";"Pleno dia";"Decrescente";"Céu Claro";"Dupla";"Reta";"Não";3;0;0;1;1;1;1;3;-29,69621105;-50,16781159;"SPRF-RS";"DEL03-RS";"UOP02-DEL03-RS"
344803;2021-03-06;"sábado";"22:06:00";"MT";163;766;"SORRISO";"Acessar a via sem observar a presença dos outros veículos";"Colisão transversal";"Com Vítimas Feridas";"Plena Noite";"Decrescente";"Nublado";"Simples";"Reta";"Não";5;0;0;1;2;2;1;5;-12,44658196;-55,65761805;"SPRF-MT";"DEL06-MT";"UOP01-DEL06-MT"
344805;2021-03-07;"domingo";"03:40:00";"RO";364;112,9;"CHUPINGUAIA";"Velocidade Incompatível";"Saída de leito carroçável";"Com Vítimas Feridas";"Plena Noite";"Crescente";"Garoa/Chuvisco";"Simples";"Curva";"Não";3;0;2;0;0;1;2;2;-12,18794199;-60,70796013;"SPRF-RO";"DEL04-RO";"UOP01-DEL04-RO"
344807;2021-02-07;"domingo";"22:00:00";"SC";470;205,7;"PONTE ALTA";"Manobra de mudança de faixa";"Colisão frontal";"Com Vítimas Fatais";"Plena Noite";"Decrescente";"Céu Claro";"Simples";"Curva";"Não";2;1;1;0;0;0;1;2;-27,29212;-50,175362;"SPRF-SC";"DEL05-SC";"UOP03-DEL05-SC"
344810;2021-03-07;"domingo";"09:27:00";"MG";116;277;"TEOFILO OTONI";"Reação tardia ou ineficiente do condutor";"Colisão com objeto";"Com Vítimas Feridas";"Pleno dia";"Decrescente";"Céu Claro";"Simples";"Reta";"Sim";2;0;1;0;1;0;1;2;-17,859945;-41,515144;"SPRF-MG";"DEL11-MG";"UOP01-DEL11-MG"
344814;2021-03-07;"domingo";"09:50:00";"SC";280;52,1;"GUARAMIRIM";"Manobra de mudança de faixa";"Colisão frontal";"Com Vítimas Fatais";"Pleno dia";"Crescente";"Céu Claro";"Dupla";"Reta";"Sim";3;1;0;0;1;1;0;3;-26,4692225;-48,966173;"SPRF-SC";"DEL03-SC";"UOP03-DEL03-SC"
344818;2021-03-07;"domingo";"10:30:00";"PE";316;218;"BELEM DE SAO FRANCISCO";"Velocidade Incompatível";"Saída de leito carroçável";"Com Vítimas Feridas";"Pleno dia";"Decrescente";"Céu Claro";"Simples";"Rotatória";"Não";2;0;1;0;0;1;1;2;-8,5471118;-39,22861041;"SPRF-PE";"DEL05-PE";"UOP03-DEL05-PE"
344825;2021-03-07;"domingo";"08:37:00";"RJ";40;30,5;"AREAL";"Ausência de reação do condutor";"Tombamento";"Com Vítimas Fatais";"Pleno dia";"Decrescente";"Chuva";"Dupla";"Curva";"Não";2;1;0;0;0;1;0;2;-22,18633705;-43,16660309;"SPRF-RJ";"DEL05-RJ";"UOP02-DEL05-RJ"
344831;2021-03-07;"domingo";"11:20:00";"TO";153;698;"CARIRI DO TOCANTINS";"Avarias e/ou desgaste excessivo no pneu";"Tombamento";"Com Vítimas Feridas";"Pleno dia";"Decrescente";"Céu Claro";"Simples";"Declive";"Não";3;0;1;0;1;3;1;5;-11,93641718;-49,18778261;"SPRF-TO";"DEL01-TO";"UOP02-DEL01-TO"
344834;2021-03-07;"domingo";"12:45:00";"SP";116;514;"CAJATI";"Velocidade Incompatível";"Tombamento";"Com Vítimas Feridas";"Pleno dia";"Decrescente";"Céu Claro";"Dupla";"Curva";"Não";2;0;1;0;0;1;1;2;-24,85874304;-48,21731282;"SPRF-SP";"DEL05-SP";"UOP02-DEL05-SP"
344840;2021-03-07;"domingo";"13:30:00";"RJ";40;96;"DUQUE DE CAXIAS";"Curva acentuada";"Tombamento";"Com Vítimas Feridas";"Pleno dia";"Decrescente";"Céu Claro";"Simples";"Curva";"Não";2;0;1;0;0;1;1;2;-22,56876595;-43,27693723;"SPRF-RJ";"DEL01-RJ";"UOP01-DEL01-RJ"
344841;2021-03-07;"domingo";"12:35:00";"BA";101;480;"URUCUCA";"Velocidade Incompatível";"Colisão lateral sentido oposto";"Com Vítimas Feridas";"Pleno dia";"Crescente";"Sol";"Simples";"Curva";"Não";3;0;0;1;1;2;1;4;-14,61246376;-39,33088059;"SPRF-BA";"DEL05-BA";"UOP01-DEL05-BA"
344842;2021-03-07;"domingo";"13:05:00";"MS";163;563,9;"BANDEIRANTES";"Manobra de mudança de faixa";"Colisão lateral mesmo sentido";"Com Vítimas Fatais";"Pleno dia";"Crescente";"Céu Claro";"Simples";"Reta";"Não";4;1;0;0;1;2;0;4;-19,79312509;-54,36765367;"SPRF-MS";"DEL01-MS";"UOP02-DEL01-MS"
344848;2021-03-07;"domingo";"14:25:00";"SP";116;280;"EMBU DAS ARTES";"Ausência de reação do condutor";"Colisão lateral mesmo sentido";"Sem Vítimas";"Pleno dia";"Decrescente";"Céu Claro";"Dupla";"Reta";"Sim";2;0;0;0;1;1;0;2;-23,66996108;-46,85590758;"SPRF-SP";"DEL04-SP";"UOP01-DEL04-SP"
344857;2021-03-07;"domingo";"14:30:00";"MG";262;156;"SAO DOMINGOS DO PRATA";"Problema com o freio";"Tombamento";"Com Vítimas Fatais";"Pleno dia";"Crescente";"Nublado";"Simples";"Declive;Reta";"Não";1;1;0;0;0;0;0;1;-19,96918809;-42,80367008;"SPRF-MG";"DEL03-MG";"UOP03-DEL03-MG"
344865;2021-03-07;"domingo";"14:20:00";"MG";116;764,9;"LEOPOLDINA";"Pista Escorregadia";"Colisão frontal";"Com Vítimas Feridas";"Pleno dia";"Decrescente";"Chuva";"Simples";"Reta;Aclive";"Não";3;0;1;0;1;1;1;3;-21,52171912;-42,64030314;"SPRF-MG";"DEL07-MG";"UOP01-DEL07-MG"