"id";"data_inversa";"dia_semana";"horario";"uf";"br";"km";"municipio";"causa_acidente";"tipo_acidente";"classificacao_acidente";"fase_dia";"sentido_via";"condicao_metereologica";"tipo_pista";"tracado_via";"uso_solo";"pessoas";"mortos";"feridos_leves";"feridos_graves";"ilesos";"ignorados";"feridos";"veiculos";"latitude";"longitude";"regional";"delegacia";"uop"
344868;2021-03-07;"domingo";"15:05:00";"RS";285;370;"SALDANHA MARINHO";"Ingestão de álcool pelo condutor";"Saída de leito carroçável";"Com Vítimas Feridas";"Pleno dia";"Decrescente";"Sol";"Simples";"Curva;Declive";"Não";2;0;1;0;0;1;1;2;-28,399773;-53,064205;"SPRF-RS";"DEL08-RS";"UOP03-DEL08-RS"
344869;2021-03-07;"domingo";"14:30:00";"RS";470;28,2;"BARRACAO";"Ausência de reação do condutor";"Colisão transversal";"Sem Vítimas";"Pleno dia";"Crescente";"Céu Claro";"Simples";"Reta";"Não";3;0;0;0;1;2;0;3;-27,66229079;-51,45618168;"SPRF-RS";"DEL08-RS";"UOP05-DEL08-RS"
344870;2021-03-07;"domingo";"16:00:00";"RJ";393;164;"TRES RIOS";"Velocidade Incompatível";"Tombamento";"Com Vítimas Feridas";"Pleno dia";"Crescente";"Nublado";"Simples";"Curva";"Não";2;0;1;0;0;1;1;2;-22,11074015;-43,11764107;"SPRF-RJ";"DEL05-RJ";"UOP01-DEL05-RJ"
344872;2021-03-07;"domingo";"15:20:00";"BA";116;481;"RAFAEL JAMBEIRO";"Demais falhas mecânicas ou elétricas";"Saída de leito carroçável";"Sem Vítimas";"Pleno dia";"Decrescente";"Céu Claro";"Dupla";"Reta";"Não";2;0;0;0;1;1;0;2;-12,51286544;-39,37630378;"SPRF-BA";"DEL02-BA";"UOP01-DEL02-BA"
344877;2021-03-07;"domingo";"16:15:00";"PR";376;489;"PONTA GROSSA";"Velocidade Incompatível";"Colisão frontal";"Com Vítimas Feridas";"Pleno dia";"Crescente";"Céu Claro";"Dupla";"Declive";"Sim";6;0;2;0;3;2;2;6;-25,14172584;-50,1586859;"SPRF-PR";"DEL03-PR";"UOP01-DEL03-PR"
344884;2021-03-07;"domingo";"17:25:00";"GO";60;98,3;"ANAPOLIS";"Ingestão de álcool pelo condutor";"Colisão lateral mesmo sentido";"Com Vítimas Feridas";"Pleno dia";"Crescente";"Nublado";"Dupla";"Reta";"Sim";3;0;0;1;1;1;1;3;-16,3846;-48,9541;"SPRF-GO";"DEL02-GO";"UOP01-DEL02-GO"
344888;2021-03-07;"domingo";"15:00:00";"CE";222;239;"SOBRAL";"Ausência de reação do condutor";"Colisão transversal";"Sem Vítimas";"Pleno dia";"Crescente";"Nublado";"Simples";"Reta";"Não";3;0;0;0;1;3;0;4;-3,72695793;-40,46878703;"SPRF-CE";"DEL04-CE";"UOP01-DEL04-CE"
344891;2021-03-07;"domingo";"15:00:00";"PR";376;338,9;"ORTIGUEIRA";"Velocidade Incompatível";"Saída de leito carroçável";"Com Vítimas Feridas";"Pleno dia";"Crescente";"Nublado";"Simples";"Curva";"Não";3;0;1;1;0;1;2;2;-24,139267;-51,006037;"SPRF-PR";"DEL07-PR";"UOP02-DEL07-PR"
344900;2021-03-07;"domingo";"16:30:00";"MT";174;306;"PONTES E LACERDA";"Transitar na contramão";"Colisão lateral sentido oposto";"Com Vítimas Feridas";"Pleno dia";"Crescente";"Céu Claro";"Simples";"Reta";"Não";7;0;2;0;3;3;2;5;-15,08374502;-59,29660595;"SPRF-MT";"DEL04-MT";"UOP01-DEL04-MT"
344910;2021-03-07;"domingo";"15:30:00";"RO";364;385;"OURO PRETO DO OESTE";"Pedestre cruzava a pista fora da faixa";"Atropelamento de Pedestre";"Com Vítimas Fatais";"Pleno dia";"Decrescente";"Nublado";"Simples";"Interseção de Vias";"Sim";4;1;0;0;1;2;0;3;-10,70172544;-62,26226807;"SPRF-RO";"DEL02-RO";"UOP01-DEL02-RO"
344911;2021-03-07;"domingo";"19:00:00";"MG";459;24,7;"CALDAS";"Ausência de reação do condutor";"Colisão frontal";"Com Vítimas Feridas";"Plena Noite";"Decrescente";"Garoa/Chuvisco";"Simples";"Reta";"Não";4;0;1;1;1;1;2;3;-21,877081;-46,385975;"SPRF-MG";"DEL09-MG";"UOP01-DEL09-MG"
344914;2021-03-07;"domingo";"16:35:00";"MG";381;767,9;"CAMPANHA";"Demais falhas mecânicas ou elétricas";"Colisão traseira";"Com Vítimas Feridas";"Pleno dia";"Decrescente";"Chuva";"Dupla";"Aclive;Curva";"Não";3;0;1;1;1;0;2;2;-21,75236505;-45,39385557;"SPRF-MG";"DEL16-MG";"UOP02-DEL16-MG"
344916;2021-03-07;"domingo";"19:20:00";"RJ";101;93;"CAMPOS DOS GOYTACAZES";"Frear bruscamente";"Tombamento";"Com Vítimas Feridas";"Plena Noite";"Decrescente";"Chuva";"Dupla";"Reta;Viaduto";"Não";2;0;2;0;0;0;2;1;-21,86012905;-41,53283293;"SPRF-RJ";"DEL08-RJ";"UOP02-DEL08-RJ"
344919;2021-03-07;"domingo";"16:40:00";"BA";101;121;"ALAGOINHAS";"Demais falhas mecânicas ou elétricas";"Tombamento";"Com Vítimas Feridas";"Pleno dia";"Crescente";"Céu Claro";"Simples";"Curva";"Não";3;0;1;0;1;1;1;2;-12,16798601;-38,57040997;"SPRF-BA";"DEL01-BA";"UOP04-DEL01-BA"
344920;2021-03-07;"domingo";"19:50:00";"GO";452;146,8;"BOM JESUS DE GOIAS";"Acessar a via sem observar a presença dos outros veículos";"Colisão lateral sentido oposto";"Com Vítimas Fatais";"Plena Noite";"Decrescente";"Chuva";"Simples";"Reta";"Não";7;1;0;0;3;3;0;4;-18,28356456;-49,6162008;"SPRF-GO";"DEL03-GO";"UOP02-DEL03-GO"
344928;2021-03-07;"domingo";"19:50:00";"RS";290;49;"GLORINHA";"Demais falhas mecânicas ou elétricas";"Incêndio";"Sem Vítimas";"Pleno dia";"Decrescente";"Céu Claro";"Dupla";"Reta";"Não";2;0;0;0;1;2;0;3;-29,91149574;-50,7752037;"SPRF-RS";"DEL03-RS";"UOP01-DEL03-RS"
344929;2021-03-07;"domingo";"18:20:00";"SC";101;115,1;"ITAJAI";"Ingestão de álcool pelo condutor";"Saída de leito carroçável";"Sem Vítimas";"Anoitecer";"Crescente";"Céu Claro";"Múltipla";"Reta";"Sim";3;0;0;0;2;1;0;3;-26,87064015;-48,72954134;"SPRF-SC";"DEL04-SC";"UOP04-DEL04-SC"
344937;2021-03-07;"domingo";"21:30:00";"BA";101;107;"ALAGOINHAS";"Acessar a via sem observar a presença dos outros veículos";"Colisão transversal";"Com Vítimas Fatais";"Plena Noite";"Crescente";"Céu Claro";"Simples";"Reta";"Sim";2;1;0;0;1;0;0;2;-12,16492;-38,477026;"SPRF-BA";"DEL01-BA";"UOP04-DEL01-BA"
344940;2021-03-07;"domingo";"20:00:00";"SP";116;218;"GUARULHOS";"Manobra de mudança de faixa";"Colisão lateral mesmo sentido";"Com Vítimas Feridas";"Anoitecer";"Decrescente";"Céu Claro";"Múltipla";"Reta";"Sim";4;0;2;0;1;1;2;3;-23,460771;-46,487104;"SPRF-SP";"DEL01-SP";"UOP01-DEL01-SP"
344949;2021-03-07;"domingo";"21:30:00";"MS";267;196,5;"NOVA ALVORADA DO SUL";"Transitar na contramão";"Colisão lateral sentido oposto";"Com Vítimas Feridas";"Plena Noite";"Crescente";"Garoa/Chuvisco";"Simples";"Curva";"Não";3;0;1;0;1;4;1;6;-21,58477785;-53,91557693;"SPRF-MS";"DEL02-MS";"UOP03-DEL02-MS"
344959;2021-03-07;"domingo";"21:27:00";"SC";470;245,3;"CURITIBANOS";"Manobra de mudança de faixa";"Colisão frontal";"Com Vítimas Feridas";"Plena Noite";"Decrescente";"Nublado";"Simples";"Reta";"Não";3;0;0;1;1;1;1;3;-27,316158;-50,524006;"SPRF-SC";"DEL05-SC";"UOP03-DEL05-SC"
344964;2021-03-07;"domingo";"20:30:00";"RO";364;375;"OURO PRETO DO OESTE";"Pista Escorregadia";"Colisão lateral sentido oposto";"Com Vítimas Fatais";"Plena Noite";"Crescente";"Chuva";"Simples";"Aclive";"Não";15;1;1;1;11;3;2;8;-10,73949672;-62,18555898;"SPRF-RO";"DEL02-RO";"UOP01-DEL02-RO"
344967;2021-03-07;"domingo";"23:00:00";"GO";60;440,2;"JATAI";"Reação tardia ou ineficiente do condutor";"Saída de leito carroçável";"Com Vítimas Feridas";"Plena Noite";"Crescente";"Chuva";"Dupla";"Aclive";"Não";2;0;1;0;1;0;1;1;-17,8397;-51,4315;"SPRF-GO";"DEL05-GO";"UOP01-DEL05-GO"
344968;2021-03-08;"segunda-feira";"02:00:00";"SP";116;359,5;"MIRACATU";"Ausência de reação do condutor";"Tombamento";"Com Vítimas Feridas";"Plena Noite";"Decrescente";"Nublado";"Dupla";"Aclive;Curva";"Não";1;0;1;0;0;0;1;1;-24,10862227;-47,26589989;"SPRF-SP";"DEL04-SP";"UOP02-DEL04-SP"
344971;2021-03-08;"segunda-feira";"02:20:00";"AL";104;7,5;"SAO JOSE DA LAJE";"Problema com o freio";"Saída de leito carroçável";"Com Vítimas Feridas";"Plena Noite";"Crescente";"Céu Claro";"Simples";"Curva";"Não";2;0;1;0;0;1;1;2;-8,95590995;-36,02384445;"SPRF-AL";"DEL01-AL";"UOP02-DEL01-AL"
344973;2021-03-08;"segunda-feira";"02:30:00";"CE";116;169,3;"RUSSAS";"Ultrapassagem Indevida";"Colisão lateral sentido oposto";"Com Vítimas Feridas";"Plena Noite";"Crescente";"Vento";"Simples";"Reta";"Não";3;0;0;1;2;0;1;3;-4,98024754;-38,02157127;"SPRF-CE";"DEL03-CE";"UOP01-DEL03-CE"
344978;2021-03-08;"segunda-feira";"05:30:00";"SC";101;17,6;"JOINVILLE";"Manobra de mudança de faixa";"Colisão lateral mesmo sentido";"Com Vítimas Feridas";"Amanhecer";"Crescente";"Nublado";"Dupla";"Reta";"Não";2;0;1;0;0;1;1;2;-26,12654374;-48,8870573;"SPRF-SC";"DEL03-SC";"UOP01-DEL03-SC"
344980;2021-03-08;"segunda-feira";"06:05:00";"MG";251;469,7;"GRAO MOGOL";"Chuva";"Colisão lateral sentido oposto";"Com Vítimas Feridas";"Amanhecer";"Decrescente";"Chuva";"Simples";"Curva;Declive";"Não";3;0;1;0;1;1;1;3;-16,47944366;-43,41831927;"SPRF-MG";"DEL12-MG";"UOP01-DEL12-MG"
344988;2021-03-08;"segunda-feira";"06:50:00";"MG";381;363;"JOAO MONLEVADE";"Velocidade Incompatível";"Capotamento";"Com Vítimas Feridas";"Amanhecer";"Crescente";"Nublado";"Simples";"Curva";"Não";2;0;1;1;0;0;2;2;-19,85130197;-43,24808594;"SPRF-MG";"DEL03-MG";"UOP01-DEL03-MG"
344989;2021-03-08;"segunda-feira";"05:30:00";"MG";381;428;"CAETE";"Demais falhas mecânicas ou elétricas";"Tombamento";"Sem Vítimas";"Amanhecer";"Decrescente";"Céu Claro";"Dupla";"Curva;Declive";"Sim";2;0;0;0;1;1;0;2;-19,78885371;-43,70613892;"SPRF-MG";"DEL01-MG";"UOP01-DEL01-MG"
344991;2021-03-08;"segunda-feira";"07:30:00";"GO";153;629,9;"MORRINHOS";"Condutor Dormindo";"Saída de leito carroçável";"Com Vítimas Feridas";"Amanhecer";"Decrescente";"Nublado";"Dupla";"Reta;Declive";"Não";2;0;1;0;0;2;1;3;-17,7881;-49,1948;"SPRF-GO";"DEL03-GO";"UOP01-DEL03-GO"
344994;2021-03-08;"segunda-feira";"06:40:00";"MS";463;39,9;"PONTA PORA";"Condutor deixou de manter distância do veículo da frente";"Colisão traseira";"Com Vítimas Feridas";"Pleno dia";"Decrescente";"Céu Claro";"Simples";"Reta";"Não";2;0;0;1;1;0;1;2;-22,31198256;-55,15181425;"SPRF-MS";"DEL04-MS";"UOP03-DEL04-MS"
344997;2021-03-08;"segunda-feira";"06:25:00";"MG";40;527,9;"CONTAGEM";"Reação tardia ou ineficiente do condutor";"Colisão traseira";"Sem Vítimas";"Amanhecer";"Crescente";"Chuva";"Dupla";"Reta;Aclive";"Sim";6;0;0;0;3;3;0;3;-19,90993091;-44,04436111;"SPRF-MG";"DEL01-MG";"UOP02-DEL01-MG"
345001;2021-03-08;"segunda-feira";"06:30:00";"MT";163;752,6;"SORRISO";"Ausência de reação do condutor";"Colisão traseira";"Sem Vítimas";"Pleno dia";"Decrescente";"Céu Claro";"Múltipla";"Retorno Regulamentado";"Sim";4;0;0;0;3;6;0;9;-12,55087;-55,71353;"SPRF-MT";"DEL06-MT";"UOP01-DEL06-MT"
345010;2021-03-08;"segunda-feira";"06:40:00";"PR";376;619;"SAO JOSE DOS PINHAIS";"Desrespeitar a preferência no cruzamento";"Colisão transversal";"Sem Vítimas";"Pleno dia";"Decrescente";"Céu Claro";"Simples";"Interseção de Vias";"Sim";3;0;0;0;2;1;0;3;-25,60034699;-49,17355691;"SPRF-PR";"DEL01-PR";"UOP04-DEL01-PR"
345011;2021-03-08;"segunda-feira";"08:05:00";"PR";277;649,6;"MATELANDIA";"Condutor deixou de manter distância do veículo da frente";"Colisão traseira";"Com Vítimas Feridas";"Pleno dia";"Crescente";"Céu Claro";"Simples";"Aclive";"Não";10;0;4;2;4;0;6;4;-25,18405201;-53,93053899;"SPRF-PR";"DEL05-PR";"UOP02-DEL05-PR"
345013;2021-03-08;"segunda-feira";"06:30:00";"MS";163;490;"CAMPO GRANDE";"Condutor deixou de manter distância do veículo da frente";"Colisão traseira";"Sem Vítimas";"Amanhecer";"Decrescente";"Céu Claro";"Simples";"Declive;Reta";"Sim";3;0;0;0;2;1;0;3;-20,40017983;-54,55539878;"SPRF-MS";"DEL01-MS";"UOP02-DEL01-MS"
345018;2021-03-08;"segunda-feira";"09:10:00";"RJ";116;190;"QUEIMADOS";"Ausência de reação do condutor";"Colisão lateral mesmo sentido";"Com Vítimas Feridas";"Pleno dia";"Crescente";"Céu Claro";"Dupla";"Reta";"Sim";2;0;1;0;1;0;1;2;-22,74123776;-43,5007311;"SPRF-RJ";"DEL01-RJ";"UOP02-DEL01-RJ"
345019;2021-03-08;"segunda-feira";"05:30:00";"MG";116;512,7;"UBAPORANGA";"Ausência de reação do condutor";"Atropelamento de Pedestre";"Com Vítimas Fatais";"Plena Noite";"Decrescente";"Chuva";"Simples";"Curva";"Não";2;1;0;0;1;0;0;2;-19,66095102;-42,11695495;"SPRF-MG";"DEL06-MG";"UOP02-DEL06-MG"
345024;2021-03-08;"segunda-feira";"10:00:00";"RS";285;513,2;"VITORIA DAS MISSOES";"Acessar a via sem observar a presença dos outros veículos";"Colisão frontal";"Com Vítimas Feridas";"Pleno dia";"Decrescente";"Sol";"Simples";"Reta";"Não";3;0;1;0;2;0;1;2;-28,39663382;-54,35984731;"SPRF-RS";"DEL10-RS";"UOP01-DEL10-RS"
345027;2021-03-08;"segunda-feira";"10:00:00";"PE";101;71,3;"RECIFE";"Acessar a via sem observar a presença dos outros veículos";"Colisão traseira";"Com Vítimas Feridas";"Pleno dia";"Decrescente";"Céu Claro";"Dupla";"Reta";"Sim";4;0;2;0;1;1;2;3;-8,07663102;-34,94277871;"SPRF-PE";"DEL01-PE";"UOP01-DEL01-PE"
345034;2021-02-24;"quarta-feira";"06:40:00";"MS";262;527;"MIRANDA";"Demais falhas mecânicas ou elétricas";"Saída de leito carroçável";"Sem Vítimas";"Pleno dia";"Crescente";"Céu Claro";"Simples";"Reta";"Não";1;0;0;0;1;0;0;1;-20,36643897;-56,12100994;"SPRF-MS";"DEL03-MS";"UOP01-DEL03-MS"
345036;2021-03-08;"segunda-feira";"11:10:00";"RS";116;314,4;"GUAIBA";"Ausência de reação do condutor";"Colisão traseira";"Sem Vítimas";"Pleno dia";"Decrescente";"Sol";"Dupla";"Em Obras;Desvio Temporário";"Não";3;0;0;0;2;1;0;3;-30,23652496;-51,40721575;"SPRF-RS";"DEL02-RS";"UOP01-DEL02-RS"
345043;2021-03-08;"segunda-feira";"10:09:00";"RO";364;208;"PIMENTA BUENO";"Velocidade Incompatível";"Saída de leito carroçável";"Sem Vítimas";"Pleno dia";"Decrescente";"Garoa/Chuvisco";"Simples";"Reta";"Não";2;0;0;0;1;3;0;4;-11,59809433;-61,23748617;"SPRF-RO";"DEL02-RO";"UOP02-DEL02-RO"
345050;2021-02-05;"sexta-feira";"09:15:00";"PA";316;62;"CASTANHAL";"Trafegar com motocicleta (ou similar) entre as faixas";"Colisão lateral mesmo sentido";"Com Vítimas Feridas";"Pleno dia";"Crescente";"Céu Claro";"Dupla";"Reta";"Sim";4;0;0;1;1;3;1;5;-1,29786885;-47,93764104;"SPRF-PA";"DEL01-PA";"UOP01-DEL01-PA"
345054;2021-01-16;"sábado";"02:30:00";"SC";116;47,8;"PAPANDUVA";"Transitar na contramão";"Colisão frontal";"Com Vítimas Feridas";"Plena Noite";"Decrescente";"Nublado";"Simples";"Reta";"Não";3;0;0;2;1;0;2;2;-26,35635207;-50,11354592;"SPRF-SC";"DEL06-SC";"UOP01-DEL06-SC"
345058;2021-03-08;"segunda-feira";"15:00:00";"RS";392;61;"PELOTAS";"Pedestre andava na pista";"Atropelamento de Pedestre";"Com Vítimas Feridas";"Pleno dia";"Decrescente";"Céu Claro";"Múltipla";"Reta";"Sim";3;0;1;0;1;1;1;3;-31,78636127;-52,3528092;"SPRF-RS";"DEL07-RS";"UOP01-DEL07-RS"
345060;2021-03-08;"segunda-feira";"07:10:00";"MG";381;182,1;"GOVERNADOR VALADARES";"Transitar na contramão";"Colisão com objeto";"Com Vítimas Feridas";"Pleno dia";"Crescente";"Céu Claro";"Simples";"Curva";"Não";2;0;1;0;0;1;1;2;-19,05474801;-42,16027093;"SPRF-MG";"DEL06-MG";"UOP01-DEL06-MG"
345064;2021-03-08;"segunda-feira";"15:10:00";"RJ";116;84;"TERESOPOLIS";"Velocidade Incompatível";"Colisão frontal";"Com Vítimas Feridas";"Pleno dia";"Crescente";"Chuva";"Simples";"Reta";"Sim";3;0;2;0;1;0;2;2;-22,4226117;-42,95115115;"SPRF-RJ";"DEL04-RJ";"UOP01-DEL04-RJ"
345067;2021-03-08;"segunda-feira";"15:20:00";"RS";158;327;"SANTA MARIA";"Conversão proibida";"Colisão transversal";"Com Vítimas Feridas";"Pleno dia";"Crescente";"Céu Claro";"Simples";"Reta;Interseção de Vias";"Sim";2;0;1;0;1;0;1;2;-29,714945;-53,81083;"SPRF-RS";"DEL09-RS";"UOP01-DEL09-RS"
345070;2021-03-08;"segunda-feira";"15:00:00";"PB";230;8;"CABEDELO";"Desvio temporário";"Colisão lateral mesmo sentido";"Sem Vítimas";"Pleno dia";"Crescente";"Nublado";"Dupla";"Em Obras";"Sim";2;0;0;0;2;0;0;2;-7,0355;-34,8429;"SPRF-PB";"DEL01-PB";"UOP01-DEL01-PB"
345073;2021-03-08;"segunda-feira";"13:00:00";"MG";365;18;"MONTES CLAROS";"Chuva";"Saída de leito carroçável";"Sem Vítimas";"Pleno dia";"Decrescente";"Chuva";"Simples";"Declive;Curva";"Não";2;0;0;0;1;1;0;2;-16,87824584;-44,00270102;"SPRF-MG";"DEL12-MG";"UOP01-DEL12-MG"
345075;2021-03-08;"segunda-feira";"15:15:00";"MS";163;174;"JUTI";"Reação tardia ou ineficiente do condutor";"Saída de leito carroçável";"Com Vítimas Feridas";"Pleno dia";"Crescente";"Sol";"Simples";"Reta;Declive";"Não";2;0;0;1;0;1;1;2;-22,85963099;-54,62834999;"SPRF-MS";"DEL09-MS";"UOP01-DEL09-MS"
345076;2021-02-27;"sábado";"16:20:00";"RO";364;440,3;"JARU";"Ingestão de álcool pelo condutor";"Colisão frontal";"Com Vítimas Feridas";"Pleno dia";"Decrescente";"Chuva";"Simples";"Reta";"Não";5;0;1;0;4;0;1;2;-10,35487178;-62,58147084;"SPRF-RO";"DEL03-RO";"UOP02-DEL03-RO"
345080;2021-03-08;"segunda-feira";"14:05:00";"PI";135;125;"BERTOLINIA";"Falta de acostamento";"Tombamento";"Com Vítimas Feridas";"Pleno dia";"Decrescente";"Sol";"Simples";"Reta";"Não";2;0;1;0;0;2;1;3;-7,6506515;-43,952908;"SPRF-PI";"DEL03-PI";"UOP01-DEL03-PI"
345082;2021-01-26;"terça-feira";"12:00:00";"PA";10;290;"MAE DO RIO";"Manobra de mudança de faixa";"Tombamento";"Sem Vítimas";"Pleno dia";"Crescente";"Céu Claro";"Simples";"Reta";"Não";2;0;0;0;1;11;0;12;-1,89647104;-47,52105933;"SPRF-PA";"DEL02-PA";"UOP01-DEL02-PA"
345084;2021-03-08;"segunda-feira";"16:27:00";"PR";277;330,8;"GUARAPUAVA";"Velocidade Incompatível";"Tombamento";"Com Vítimas Fatais";"Pleno dia";"Decrescente";"Nublado";"Simples";"Curva";"Não";5;1;0;0;3;3;0;7;-25,37353503;-51,308405;"SPRF-PR";"DEL08-PR";"UOP01-DEL08-PR"
345100;2021-03-08;"segunda-feira";"18:30:00";"ES";101;310;"VIANA";"Ultrapassagem Indevida";"Colisão frontal";"Com Vítimas Fatais";"Plena Noite";"Crescente";"Chuva";"Simples";"Em Obras;Reta";"Não";2;1;0;0;1;0;0;2;-20,430046;-40,459397;"SPRF-ES";"DEL01-ES";"UOP01-DEL01-ES"
345101;2021-03-08;"segunda-feira";"19:10:00";"PB";230;287;"SANTA LUZIA";"Acessar a via sem observar a presença dos outros veículos";"Colisão transversal";"Com Vítimas Feridas";"Plena Noite";"Decrescente";"Céu Claro";"Simples";"Reta";"Não";5;0;1;1;3;0;2;2;-6,8929;-36,8861;"SPRF-PB";"DEL03-PB";"UOP01-DEL03-PB"
345106;2021-03-08;"segunda-feira";"14:15:00";"SC";282;121,6;"BOM RETIRO";"Transitar na contramão";"Colisão frontal";"Com Vítimas Fatais";"Pleno dia";"Crescente";"Céu Claro";"Simples";"Reta";"Não";3;1;1;0;0;1;1;3;-27,799594;-49,4226043;"SPRF-SC";"DEL05-SC";"UOP01-DEL05-SC"
345109;2021-03-08;"segunda-feira";"18:40:00";"MG";40;522;"CONTAGEM";"Transitar no acostamento";"Colisão com objeto";"Com Vítimas Feridas";"Plena Noite";"Decrescente";"Nublado";"Dupla";"Reta";"Sim";5;0;2;1;1;1;3;3;-19,8638731;-44,06749809;"SPRF-MG";"DEL01-MG";"UOP02-DEL01-MG"
345112;2021-03-08;"segunda-feira";"16:50:00";"MG";116;397,9;"GOVERNADOR VALADARES";"Velocidade Incompatível";"Colisão frontal";"Com Vítimas Feridas";"Pleno dia";"Decrescente";"Sol";"Simples";"Curva";"Não";7;0;0;5;1;1;5;3;-18,74551449;-41,98339462;"SPRF-MG";"DEL06-MG";"UOP01-DEL06-MG"
345113;2021-03-08;"segunda-feira";"09:30:00";"MG";354;712,5;"CAXAMBU";"Carga excessiva e/ou mal acondicionada";"Tombamento";"Com Vítimas Feridas";"Pleno dia";"Decrescente";"Nublado";"Simples";"Curva;Declive";"Não";2;0;1;0;0;2;1;3;-22,04873198;-44,92665648;"SPRF-MG";"DEL17-MG";"UOP01-DEL17-MG"
345117;2021-03-08;"segunda-feira";"20:20:00";"MG";40;672,7;"CARANDAI";"Velocidade Incompatível";"Tombamento";"Com Vítimas Feridas";"Plena Noite";"Crescente";"Chuva";"Simples";"Reta";"Não";2;0;1;0;0;1;1;2;-20,99196931;-43,77995079;"SPRF-MG";"DEL05-MG";"UOP02-DEL05-MG"
345124;2021-03-08;"segunda-feira";"19:50:00";"PI";343;206,2;"PIRIPIRI";"Condutor Dormindo";"Saída de leito carroçável";"Sem Vítimas";"Plena Noite";"Decrescente";"Céu Claro";"Simples";"Curva";"Não";1;0;0;0;1;0;0;1;-4,417403;-41,88747;"SPRF-PI";"DEL02-PI";"UOP01-DEL02-PI"
345125;2021-03-08;"segunda-feira";"13:45:00";"MG";251;333;"FRUTA DE LEITE";"Velocidade Incompatível";"Saída de leito carroçável";"Sem Vítimas";"Pleno dia";"Decrescente";"Céu Claro";"Simples";"Curva";"Não";1;0;0;0;1;0;0;1;-16,25683842;-42,43114276;"SPRF-MG";"DEL12-MG";"UOP01-DEL12-MG"
345127;2021-03-08;"segunda-feira";"19:00:00";"PR";376;434;"TIBAGI";"Condutor deixou de manter distância do veículo da frente";"Colisão traseira";"Com Vítimas Feridas";"Plena Noite";"Crescente";"Ignorado";"Dupla";"Reta";"Não";4;0;1;0;2;2;1;5;-24,82041516;-50,48309022;"SPRF-PR";"DEL03-PR";"UOP02-DEL03-PR"
345132;2021-03-08;"segunda-feira";"20:30:00";"MT";364;440,5;"VARZEA GRANDE";"Chuva";"Saída de leito carroçável";"Com Vítimas Feridas";"Plena Noite";"Crescente";"Chuva";"Simples";"Curva";"Não";2;0;1;0;0;1;1;2;-15,600324;-56,206614;"SPRF-MT";"DEL01-MT";"UOP02-DEL01-MT"
345133;2021-03-08;"segunda-feira";"20:30:00";"MT";163;1019;"TERRA NOVA DO NORTE";"Pista esburacada";"Saída de leito carroçável";"Com Vítimas Feridas";"Plena Noite";"Decrescente";"Ignorado";"Simples";"Reta";"Não";2;0;1;0;0;1;1;2;-10,45737609;-55,0639565;"SPRF-MT";"DEL06-MT";"NPF/DEL06-MT"
345135;2021-03-08;"segunda-feira";"22:20:00";"RN";226;3;"NATAL";"Restrição de visibilidade em curvas verticais";"Colisão lateral sentido oposto";"Com Vítimas Feridas";"Plena Noite";"Crescente";"Céu Claro";"Simples";"Curva";"Sim";2;0;1;0;1;0;1;2;-5,82085671;-35,25187091;"SPRF-RN";"DEL01-RN";"UOP02-DEL01-RN"
345137;2021-03-08;"segunda-feira";"22:20:00";"RS";290;109;"ELDORADO DO SUL";"Acessar a via sem observar a presença dos outros veículos";"Colisão traseira";"Sem Vítimas";"Plena Noite";"Decrescente";"Céu Claro";"Dupla";"Reta";"Sim";2;0;0;0;2;0;0;2;-30,015047;-51,317017;"SPRF-RS";"DEL02-RS";"UOP01-DEL02-RS"
345138;2021-03-08;"segunda-feira";"20:00:00";"SC";280;98,8;"SAO BENTO DO SUL";"Reação tardia ou ineficiente do condutor";"Colisão com objeto";"Sem Vítimas";"Plena Noite";"Crescente";"Garoa/Chuvisco";"Simples";"Curva";"Não";2;0;0;0;1;1;0;2;-26,38347399;-49,32297199;"SPRF-SC";"DEL06-SC";"UOP03-DEL06-SC"
345140;2021-03-08;"segunda-feira";"20:10:00";"RS";290;210,2;"PANTANO GRANDE";"Acessar a via sem observar a presença dos outros veículos";"Colisão transversal";"Com Vítimas Feridas";"Plena Noite";"Crescente";"Céu Claro";"Simples";"Reta";"Não";3;0;0;1;1;2;1;4;-30,171396;-52,318607;"SPRF-RS";"DEL02-RS";"UOP03-DEL02-RS"
345145;2021-03-08;"segunda-feira";"21:40:00";"RS";285;526,2;"VITORIA DAS MISSOES";"Carga excessiva e/ou mal acondicionada";"Derramamento de carga";"Sem Vítimas";"Plena Noite";"Crescente";"Céu Claro";"Simples";"Curva";"Não";2;0;0;0;1;1;0;2;-28,40366955;-54,53759193;"SPRF-RS";"DEL10-RS";"UOP01-DEL10-RS"
345146;2021-03-08;"segunda-feira";"22:00:00";"MG";381;287;"JAGUARACU";"Condutor Dormindo";"Colisão lateral sentido oposto";"Sem Vítimas";"Plena Noite";"Crescente";"Nublado";"Simples";"Reta";"Não";2;0;0;0;2;0;0;2;-19,634349;-42,80726132;"SPRF-MG";"DEL03-MG";"UOP02-DEL03-MG"
345152;2021-03-08;"segunda-feira";"22:55:00";"SP";116;366;"MIRACATU";"Demais falhas mecânicas ou elétricas";"Incêndio";"Sem Vítimas";"Plena Noite";"Crescente";"Céu Claro";"Dupla";"Curva";"Não";2;0;0;0;1;1;0;2;-24,14329764;-47,28459396;"SPRF-SP";"DEL04-SP";"UOP02-DEL04-SP"