"id";"data_inversa";"dia_semana";"horario";"uf";"br";"km";"municipio";"causa_acidente";"tipo_acidente";"classificacao_acidente";"fase_dia";"sentido_via";"condicao_metereologica";"tipo_pista";"tracado_via";"uso_solo";"pessoas";"mortos";"feridos_leves";"feridos_graves";"ilesos";"ignorados";"feridos";"veiculos";"latitude";"longitude";"regional";"delegacia";"uop"
345153;2021-03-09;"terça-feira";"01:40:00";"PA";10;189,3;"IPIXUNA DO PARA";"Ausência de reação do condutor";"Colisão traseira";"Com Vítimas Feridas";"Plena Noite";"Decrescente";"Ignorado";"Simples";"Reta;Aclive";"Não";2;0;2;0;0;0;2;2;-2,77880807;-47,45440041;"SPRF-PA";"DEL02-PA";"UOP01-DEL02-PA"
345155;2021-03-08;"segunda-feira";"23:00:00";"RO";0;0;"VILHENA";"Ingestão de álcool pelo condutor";"Colisão com objeto";"Sem Vítimas";"Plena Noite";"Não Informado";"Céu Claro";"Simples";"Reta";"Não";6;0;0;0;1;7;0;7;-12,599901;-60,345067;"SPRF-RO";"DEL04-RO";"UOP01-DEL04-RO"
345158;2021-03-09;"terça-feira";"04:30:00";"MG";262;549;"LUZ";"Chuva";"Colisão frontal";"Com Vítimas Feridas";"Plena Noite";"Decrescente";"Garoa/Chuvisco";"Simples";"Curva";"Não";3;0;0;1;2;0;1;2;-19,72508993;-45,86948395;"SPRF-MG";"DEL08-MG";"UOP02-DEL08-MG"
345161;2021-03-09;"terça-feira";"05:00:00";"PB";230;113,1;"INGA";"Demais falhas mecânicas ou elétricas";"Incêndio";"Sem Vítimas";"Amanhecer";"Crescente";"Céu Claro";"Dupla";"Reta";"Não";1;0;0;0;1;0;0;1;-7,2147;-35,5909;"SPRF-PB";"DEL01-PB";"UOP03-DEL01-PB"
345162;2021-03-09;"terça-feira";"05:10:00";"SC";101;407,8;"MARACAJA";"Ingestão de álcool pelo condutor";"Colisão traseira";"Sem Vítimas";"Amanhecer";"Crescente";"Céu Claro";"Dupla";"Reta";"Sim";2;0;0;0;2;0;0;2;-28,90009415;-49,47472781;"SPRF-SC";"DEL02-SC";"UOP02-DEL02-SC"
345167;2021-03-09;"terça-feira";"06:15:00";"MG";381;571;"ITAGUARA";"Reação tardia ou ineficiente do condutor";"Saída de leito carroçável";"Sem Vítimas";"Pleno dia";"Crescente";"Céu Claro";"Dupla";"Reta";"Não";2;0;0;0;1;1;0;2;-20,44411687;-44,56483443;"SPRF-MG";"DEL04-MG";"UOP03-DEL04-MG"
345171;2021-02-14;"domingo";"18:30:00";"CE";20;417,6;"MARACANAU";"Ausência de reação do condutor";"Colisão traseira";"Com Vítimas Fatais";"Plena Noite";"Crescente";"Nublado";"Dupla";"Reta;Interseção de Vias;Em Obras";"Sim";6;1;0;3;1;3;3;5;-3,84055595;-38,59789122;"SPRF-CE";"DEL01-CE";"UOP02-DEL01-CE"
345173;2021-03-09;"terça-feira";"07:10:00";"SC";470;57,5;"BLUMENAU";"Desrespeitar a preferência no cruzamento";"Colisão transversal";"Com Vítimas Feridas";"Pleno dia";"Crescente";"Céu Claro";"Simples";"Interseção de Vias";"Sim";3;0;1;0;2;0;1;2;-26,88414;-49,147075;"SPRF-SC";"DEL04-SC";"UOP01-DEL04-SC"
345178;2021-03-09;"terça-feira";"06:05:00";"SP";116;352,8;"MIRACATU";"Demais falhas mecânicas ou elétricas";"Incêndio";"Sem Vítimas";"Amanhecer";"Crescente";"Céu Claro";"Dupla";"Declive";"Não";2;0;0;0;1;1;0;2;-24,06507222;-47,23448591;"SPRF-SP";"DEL04-SP";"UOP02-DEL04-SP"
345179;2021-03-09;"terça-feira";"06:50:00";"CE";116;17;"ITAITINGA";"Afundamento ou ondulação no pavimento";"Colisão traseira";"Sem Vítimas";"Pleno dia";"Crescente";"Sol";"Dupla";"Reta";"Sim";2;0;0;0;1;1;0;2;-3,89617918;-38,50336042;"SPRF-CE";"DEL01-CE";"UOP02-DEL01-CE"
345181;2021-03-09;"terça-feira";"07:45:00";"SC";470;95,3;"APIUNA";"Condutor Dormindo";"Saída de leito carroçável";"Com Vítimas Feridas";"Pleno dia";"Decrescente";"Sol";"Simples";"Reta";"Não";1;0;0;1;0;0;1;1;-27,01656407;-49,37094927;"SPRF-SC";"DEL04-SC";"UOP01-DEL04-SC"
345197;2021-03-09;"terça-feira";"08:50:00";"GO";153;542,8;"PIRACANJUBA";"Demais falhas mecânicas ou elétricas";"Saída de leito carroçável";"Sem Vítimas";"Pleno dia";"Crescente";"Nublado";"Dupla";"Reta;Declive";"Não";2;0;0;0;1;1;0;2;-17,0814;-49,2246;"SPRF-GO";"DEL01-GO";"UOP03-DEL01-GO"
345208;2021-03-09;"terça-feira";"10:15:00";"MG";40;471,1;"SETE LAGOAS";"Estacionar ou parar em local proibido";"Colisão com objeto";"Com Vítimas Feridas";"Pleno dia";"Crescente";"Céu Claro";"Dupla";"Retorno Regulamentado";"Não";2;0;1;0;1;0;1;2;-19,47543632;-44,29066576;"SPRF-MG";"DEL02-MG";"UOP01-DEL02-MG"
345211;2021-03-09;"terça-feira";"06:50:00";"RJ";40;96;"DUQUE DE CAXIAS";"Curva acentuada";"Capotamento";"Sem Vítimas";"Pleno dia";"Decrescente";"Céu Claro";"Simples";"Curva";"Não";2;0;0;0;1;3;0;4;-22,56876595;-43,27693723;"SPRF-RJ";"DEL01-RJ";"UOP01-DEL01-RJ"
345214;2021-03-01;"segunda-feira";"13:20:00";"PB";101;107;"ALHANDRA";"Reação tardia ou ineficiente do condutor";"Colisão com objeto";"Sem Vítimas";"Pleno dia";"Crescente";"Nublado";"Dupla";"Reta";"Não";1;0;0;0;1;0;0;1;-7,32549201;-34,94709877;"SPRF-PB";"DEL01-PB";"UOP02-DEL01-PB"
345222;2021-03-09;"terça-feira";"10:35:00";"RJ";393;131;"SAPUCAIA";"Demais falhas mecânicas ou elétricas";"Tombamento";"Com Vítimas Feridas";"Pleno dia";"Crescente";"Nublado";"Simples";"Curva";"Sim";3;0;1;0;1;2;1;4;-21,96975292;-42,87664106;"SPRF-RJ";"DEL05-RJ";"UOP01-DEL05-RJ"
345224;2021-03-09;"terça-feira";"11:13:00";"DF";70;6;"BRASILIA";"Acessar a via sem observar a presença dos outros veículos";"Colisão transversal";"Com Vítimas Feridas";"Pleno dia";"Decrescente";"Céu Claro";"Dupla";"Reta;Retorno Regulamentado";"Sim";2;0;1;0;1;0;1;2;-15,791242;-48,105759;"SPRF-DF";"DEL03-DF";"UOP02-DEL03-DF"
345226;2021-03-09;"terça-feira";"06:50:00";"MG";116;515;"UBAPORANGA";"Chuva";"Colisão frontal";"Com Vítimas Fatais";"Pleno dia";"Crescente";"Chuva";"Simples";"Declive";"Não";12;2;4;0;6;0;4;3;-19,67441;-42,116812;"SPRF-MG";"DEL06-MG";"UOP02-DEL06-MG"
345227;2021-03-09;"terça-feira";"11:30:00";"MG";381;511,2;"IGARAPE";"Ausência de reação do condutor";"Colisão lateral mesmo sentido";"Com Vítimas Fatais";"Pleno dia";"Decrescente";"Nublado";"Múltipla";"Reta";"Sim";6;1;0;0;4;4;0;9;-20,08463223;-44,3099407;"SPRF-MG";"DEL01-MG";"UOP03-DEL01-MG"
345232;2021-03-09;"terça-feira";"11:00:00";"PR";476;356;"UNIAO DA VITORIA";"Velocidade Incompatível";"Colisão lateral mesmo sentido";"Sem Vítimas";"Pleno dia";"Crescente";"Céu Claro";"Simples";"Reta";"Sim";2;0;0;0;2;0;0;2;-26,196789;-51,032368;"SPRF-PR";"DEL02-PR";"UOP03-DEL02-PR"
345237;2021-03-09;"terça-feira";"09:25:00";"MG";365;413;"PATOS DE MINAS";"Reação tardia ou ineficiente do condutor";"Colisão com objeto";"Sem Vítimas";"Pleno dia";"Crescente";"Nublado";"Simples";"Reta";"Não";1;0;0;0;1;0;0;1;-18,6741811;-46,54412894;"SPRF-MG";"DEL10-MG";"UOP01-DEL10-MG"
345239;2021-03-09;"terça-feira";"08:30:00";"SC";280;91;"CORUPA";"Problema com o freio";"Tombamento";"Com Vítimas Feridas";"Pleno dia";"Decrescente";"Céu Claro";"Simples";"Curva;Declive";"Não";1;0;0;1;0;0;1;1;-26,40198057;-49,29053774;"SPRF-SC";"DEL06-SC";"UOP03-DEL06-SC"
345240;2021-03-09;"terça-feira";"07:00:00";"MG";116;636,5;"DIVINO";"Velocidade Incompatível";"Saída de leito carroçável";"Com Vítimas Feridas";"Amanhecer";"Crescente";"Céu Claro";"Simples";"Curva;Declive";"Não";2;0;0;1;0;1;1;2;-20,6269077;-42,22298361;"SPRF-MG";"DEL07-MG";"UOP03-DEL07-MG"
345249;2021-03-09;"terça-feira";"13:15:00";"RJ";116;181,9;"NOVA IGUACU";"Acessar a via sem observar a presença dos outros veículos";"Colisão lateral mesmo sentido";"Com Vítimas Feridas";"Pleno dia";"Decrescente";"Céu Claro";"Simples";"Reta";"Sim";2;0;2;0;0;0;2;2;-22,761312;-43,423492;"SPRF-RJ";"DEL01-RJ";"UOP02-DEL01-RJ"
345251;2021-03-09;"terça-feira";"10:30:00";"MT";158;577;"AGUA BOA";"Manobra de mudança de faixa";"Colisão traseira";"Com Vítimas Feridas";"Pleno dia";"Decrescente";"Nublado";"Simples";"Curva";"Não";3;0;2;0;0;1;2;2;-14,12724684;-52,18713907;"SPRF-MT";"DEL07-MT";"UOP02-DEL07-MT"
345252;2021-03-09;"terça-feira";"11:30:00";"MS";158;358,5;"BRASILANDIA";"Avarias e/ou desgaste excessivo no pneu";"Colisão lateral sentido oposto";"Sem Vítimas";"Pleno dia";"Decrescente";"Céu Claro";"Simples";"Curva";"Não";3;0;0;0;1;3;0;4;-21,26887972;-51,86481357;"SPRF-MS";"DEL07-MS";"UOP01-DEL07-MS"
345253;2021-03-09;"terça-feira";"14:30:00";"MG";50;73;"UBERLANDIA";"Manobra de mudança de faixa";"Colisão lateral mesmo sentido";"Com Vítimas Feridas";"Pleno dia";"Decrescente";"Nublado";"Dupla";"Interseção de Vias;Reta";"Sim";2;0;0;1;1;0;1;2;-18,85140204;-48,25345932;"SPRF-MG";"DEL15-MG";"UOP01-DEL15-MG"
345259;2021-03-09;"terça-feira";"14:20:00";"MT";364;536;"ROSARIO OESTE";"Acostamento em desnível";"Tombamento";"Com Vítimas Feridas";"Pleno dia";"Crescente";"Nublado";"Simples";"Reta";"Não";2;0;1;0;0;2;1;3;-14,95357719;-56,50745464;"SPRF-MT";"DEL01-MT";"UOP01-DEL01-MT"
345262;2021-03-06;"sábado";"23:45:00";"GO";70;341;"SANTA FE DE GOIAS";"Reação tardia ou ineficiente do condutor";"Colisão transversal";"Com Vítimas Feridas";"Plena Noite";"Decrescente";"Garoa/Chuvisco";"Simples";"Curva";"Não";7;0;5;0;1;1;5;3;-15,88638538;-51,08711243;"SPRF-GO";"DEL04-GO";"UOP01-DEL04-GO"
345263;2021-03-09;"terça-feira";"14:30:00";"RJ";101;85,1;"CAMPOS DOS GOYTACAZES";"Ausência de reação do condutor";"Colisão traseira";"Com Vítimas Feridas";"Pleno dia";"Decrescente";"Chuva";"Dupla";"Curva";"Não";10;0;1;0;8;1;1;9;-21,82176524;-41,47958594;"SPRF-RJ";"DEL08-RJ";"UOP02-DEL08-RJ"
345267;2021-02-19;"sexta-feira";"14:30:00";"RS";116;37,2;"VACARIA";"Problema com o freio";"Colisão transversal";"Com Vítimas Feridas";"Pleno dia";"Decrescente";"Céu Claro";"Simples";"Rotatória";"Sim";3;0;0;1;1;1;1;3;-28,49871957;-50,9176864;"SPRF-RS";"DEL05-RS";"UOP03-DEL05-RS"
345272;2021-03-09;"terça-feira";"16:30:00";"BA";101;950,8;"MUCURI";"Manobra de mudança de faixa";"Colisão frontal";"Com Vítimas Fatais";"Pleno dia";"Crescente";"Céu Claro";"Simples";"Reta";"Não";4;1;1;0;1;1;1;3;-18,128286;-39,893196;"SPRF-BA";"DEL09-BA";"UOP02-DEL09-BA"
345275;2021-03-09;"terça-feira";"12:00:00";"RJ";354;17;"RESENDE";"Velocidade Incompatível";"Tombamento";"Sem Vítimas";"Pleno dia";"Crescente";"Céu Claro";"Simples";"Curva";"Não";2;0;0;0;1;1;0;2;-22,457514;-44,717255;"SPRF-RJ";"DEL07-RJ";"UOP02-DEL07-RJ"
345278;2021-03-09;"terça-feira";"16:30:00";"PE";101;34,1;"IGARASSU";"Demais falhas mecânicas ou elétricas";"Incêndio";"Sem Vítimas";"Pleno dia";"Decrescente";"Céu Claro";"Dupla";"Reta";"Não";1;0;0;0;1;0;0;1;-7,77092801;-34,93524623;"SPRF-PE";"DEL01-PE";"UOP02-DEL01-PE"
345279;2021-03-09;"terça-feira";"15:30:00";"MT";364;464;"VARZEA GRANDE";"Ultrapassagem Indevida";"Colisão frontal";"Com Vítimas Feridas";"Pleno dia";"Crescente";"Céu Claro";"Simples";"Ponte";"Não";3;0;1;0;1;1;1;3;-15,49417155;-56,27739364;"SPRF-MT";"DEL01-MT";"UOP02-DEL01-MT"
345289;2021-03-09;"terça-feira";"16:30:00";"MT";163;666;"LUCAS DO RIO VERDE";"Ausência de reação do condutor";"Tombamento";"Com Vítimas Feridas";"Anoitecer";"Decrescente";"Nublado";"Simples";"Reta";"Não";1;0;1;0;0;0;1;1;-13,35614507;-56,06233985;"SPRF-MT";"DEL06-MT";"UOP01-DEL06-MT"
345290;2021-03-09;"terça-feira";"09:30:00";"MG";251;221,9;"CACHOEIRA DE PAJEU";"Ultrapassagem Indevida";"Colisão traseira";"Sem Vítimas";"Pleno dia";"Crescente";"Céu Claro";"Simples";"Reta";"Não";4;0;0;0;3;3;0;6;-15,95515343;-41,6268738;"SPRF-MG";"DEL11-MG";"UOP02-DEL11-MG"
345295;2021-03-09;"terça-feira";"17:30:00";"BA";330;796,5;"JEQUIE";"Acesso irregular";"Colisão frontal";"Com Vítimas Feridas";"Anoitecer";"Decrescente";"Céu Claro";"Simples";"Curva";"Não";2;0;1;0;1;0;1;2;-13,9330219;-39,99336485;"SPRF-BA";"DEL03-BA";"UOP01-DEL03-BA"
345303;2021-03-09;"terça-feira";"17:45:00";"PR";376;313,2;"ORTIGUEIRA";"Reação tardia ou ineficiente do condutor";"Colisão lateral mesmo sentido";"Sem Vítimas";"Anoitecer";"Decrescente";"Céu Claro";"Simples";"Reta";"Não";3;0;0;0;1;2;0;3;-24,01071301;-51,09287371;"SPRF-PR";"DEL07-PR";"UOP02-DEL07-PR"
345305;2021-03-09;"terça-feira";"15:30:00";"MT";364;135;"PEDRA PRETA";"Transitar na contramão";"Colisão frontal";"Com Vítimas Fatais";"Pleno dia";"Decrescente";"Céu Claro";"Simples";"Curva";"Não";3;1;0;0;1;1;0;3;-16,82037986;-54,07016991;"SPRF-MT";"DEL02-MT";"UOP01-DEL02-MT"
345308;2021-03-09;"terça-feira";"08:00:00";"TO";230;80;"CACHOEIRINHA";"Carga excessiva e/ou mal acondicionada";"Tombamento";"Sem Vítimas";"Pleno dia";"Crescente";"Sol";"Simples";"Curva";"Não";2;0;0;0;1;2;0;3;-6,10419709;-47,8850681;"SPRF-TO";"DEL02-TO";"UOP03-DEL02-TO"
345309;2021-03-09;"terça-feira";"19:30:00";"RS";285;191,2;"LAGOA VERMELHA";"Manobra de mudança de faixa";"Colisão frontal";"Com Vítimas Feridas";"Plena Noite";"Crescente";"Céu Claro";"Simples";"Reta";"Não";3;0;0;1;1;1;1;3;-28,27102203;-51,47080645;"SPRF-RS";"DEL08-RS";"UOP05-DEL08-RS"
345310;2021-03-09;"terça-feira";"18:00:00";"SP";116;157,5;"SAO JOSE DOS CAMPOS";"Manobra de mudança de faixa";"Colisão com objeto";"Com Vítimas Feridas";"Anoitecer";"Decrescente";"Nublado";"Dupla";"Interseção de Vias";"Não";3;0;1;0;1;1;1;3;-23,25558031;-45,9437828;"SPRF-SP";"DEL02-SP";"UOP01-DEL02-SP"
345312;2021-03-09;"terça-feira";"11:45:00";"SC";282;392;"JOACABA";"Velocidade Incompatível";"Tombamento";"Com Vítimas Feridas";"Pleno dia";"Crescente";"Céu Claro";"Simples";"Curva";"Não";2;0;0;1;0;1;1;2;-27,164942;-51,56567;"SPRF-SC";"DEL07-SC";"UOP05-DEL07-SC"
345318;2021-03-09;"terça-feira";"18:40:00";"RJ";116;173;"BELFORD ROXO";"Ausência de reação do condutor";"Colisão traseira";"Com Vítimas Feridas";"Plena Noite";"Crescente";"Céu Claro";"Múltipla";"Reta";"Não";2;0;1;0;0;1;1;2;-22,79810324;-43,35726614;"SPRF-RJ";"DEL01-RJ";"UOP02-DEL01-RJ"
345320;2021-03-09;"terça-feira";"19:00:00";"ES";262;57,8;"DOMINGOS MARTINS";"Velocidade Incompatível";"Colisão lateral sentido oposto";"Com Vítimas Feridas";"Plena Noite";"Crescente";"Chuva";"Simples";"Curva";"Não";2;0;1;0;1;0;1;2;-20,4167455;-40,76201981;"SPRF-ES";"DEL01-ES";"UOP01-DEL01-ES"
345324;2021-03-09;"terça-feira";"18:50:00";"AL";101;115;"PILAR";"Condutor Dormindo";"Colisão lateral mesmo sentido";"Sem Vítimas";"Plena Noite";"Crescente";"Céu Claro";"Simples";"Reta";"Não";3;0;0;0;2;1;0;3;-9,64267498;-36,02457883;"SPRF-AL";"DEL02-AL";"UOP01-DEL02-AL"
345325;2021-03-09;"terça-feira";"20:38:00";"GO";153;506;"APARECIDA DE GOIANIA";"Objeto estático sobre o leito carroçável";"Colisão com objeto";"Com Vítimas Feridas";"Plena Noite";"Crescente";"Garoa/Chuvisco";"Dupla";"Declive";"Sim";3;0;0;1;1;1;1;3;-16,7633;-49,24;"SPRF-GO";"DEL01-GO";"UOP01-DEL01-GO"
345326;2021-03-09;"terça-feira";"17:05:00";"SC";480;130;"CHAPECO";"Desrespeitar a preferência no cruzamento";"Colisão transversal";"Com Vítimas Feridas";"Pleno dia";"Crescente";"Céu Claro";"Simples";"Interseção de Vias";"Sim";3;0;1;0;2;0;1;2;-27,05534298;-52,63652069;"SPRF-SC";"DEL07-SC";"UOP01-DEL07-SC"
345327;2021-03-09;"terça-feira";"17:00:00";"MG";365;393;"PATOS DE MINAS";"Velocidade Incompatível";"Colisão lateral sentido oposto";"Sem Vítimas";"Pleno dia";"Decrescente";"Chuva";"Simples";"Curva";"Não";3;0;0;0;2;1;0;3;-18,63420854;-46,35904312;"SPRF-MG";"DEL10-MG";"UOP01-DEL10-MG"
345331;2021-03-09;"terça-feira";"19:20:00";"MS";163;335,9;"RIO BRILHANTE";"Ultrapassagem Indevida";"Colisão frontal";"Com Vítimas Fatais";"Plena Noite";"Crescente";"Céu Claro";"Simples";"Reta";"Não";5;1;0;1;2;2;1;6;-21,68829564;-54,48632924;"SPRF-MS";"DEL02-MS";"UOP02-DEL02-MS"
345336;2021-03-09;"terça-feira";"22:00:00";"SP";116;562;"BARRA DO TURVO";"Reação tardia ou ineficiente do condutor";"Tombamento";"Com Vítimas Feridas";"Plena Noite";"Decrescente";"Garoa/Chuvisco";"Dupla";"Curva";"Não";2;0;1;0;0;1;1;2;-25,02464023;-48,52213701;"SPRF-SP";"DEL05-SP";"UOP02-DEL05-SP"
345342;2021-03-09;"terça-feira";"21:45:00";"SP";153;100;"JOSE BONIFACIO";"Objeto estático sobre o leito carroçável";"Colisão com objeto";"Com Vítimas Feridas";"Plena Noite";"Decrescente";"Nublado";"Simples";"Reta";"Não";2;0;1;0;1;0;1;2;-21,00658524;-49,63430539;"SPRF-SP";"DEL09-SP";"UOP01-DEL09-SP"
345343;2021-03-09;"terça-feira";"15:35:00";"RJ";493;123,5;"ITAGUAI";"Velocidade Incompatível";"Tombamento";"Sem Vítimas";"Pleno dia";"Crescente";"Céu Claro";"Dupla";"Declive";"Não";2;0;0;0;1;2;0;3;-22,90147839;-43,82377625;"SPRF-RJ";"DEL03-RJ";"UOP01-DEL03-RJ"
345346;2021-03-09;"terça-feira";"23:00:00";"PR";116;32;"CAMPINA GRANDE DO SUL";"Velocidade Incompatível";"Colisão com objeto";"Com Vítimas Feridas";"Plena Noite";"Decrescente";"Nublado";"Dupla";"Curva";"Não";1;0;1;0;0;0;1;1;-25,10497579;-48,83973903;"SPRF-PR";"DEL01-PR";"UOP02-DEL01-PR"
345362;2021-03-10;"quarta-feira";"04:14:00";"SP";116;40,9;"CACHOEIRA PAULISTA";"Ausência de reação do condutor";"Colisão com objeto";"Sem Vítimas";"Plena Noite";"Crescente";"Céu Claro";"Dupla";"Reta";"Não";1;0;0;0;1;0;0;1;-22,68080728;-45,00688982;"SPRF-SP";"DEL08-SP";"UOP02-DEL08-SP"
345363;2021-03-10;"quarta-feira";"04:10:00";"MG";251;492,7;"FRANCISCO SA";"Velocidade Incompatível";"Saída de leito carroçável";"Com Vítimas Feridas";"Amanhecer";"Crescente";"Chuva";"Simples";"Declive";"Não";2;0;1;0;0;1;1;2;-16,52943789;-43,58177662;"SPRF-MG";"DEL12-MG";"UOP01-DEL12-MG"
345365;2021-03-10;"quarta-feira";"04:50:00";"MG";381;919,3;"CAMANDUCAIA";"Ausência de reação do condutor";"Colisão traseira";"Com Vítimas Feridas";"Plena Noite";"Crescente";"Céu Claro";"Dupla";"Curva";"Não";3;0;1;0;1;1;1;3;-22,75636463;-46,15345635;"SPRF-MG";"DEL16-MG";"UOP03-DEL16-MG"
345366;2021-03-10;"quarta-feira";"03:30:00";"MG";365;17,9;"MONTES CLAROS";"Chuva";"Saída de leito carroçável";"Com Vítimas Feridas";"Plena Noite";"Decrescente";"Chuva";"Simples";"Reta";"Não";3;0;3;0;0;0;3;1;-16,86592699;-43,98363496;"SPRF-MG";"DEL12-MG";"UOP01-DEL12-MG"
345368;2021-03-10;"quarta-feira";"06:10:00";"PR";376;369,1;"ORTIGUEIRA";"Condutor Dormindo";"Colisão lateral sentido oposto";"Com Vítimas Feridas";"Amanhecer";"Crescente";"Nublado";"Simples";"Reta";"Não";4;0;1;1;1;1;2;3;-24,335578;-50,838637;"SPRF-PR";"DEL07-PR";"UOP02-DEL07-PR"
345369;2021-03-10;"quarta-feira";"04:25:00";"MT";364;584;"DIAMANTINO";"Ingestão de álcool pelo condutor";"Saída de leito carroçável";"Sem Vítimas";"Plena Noite";"Crescente";"Nublado";"Dupla";"Curva";"Não";2;0;0;0;1;1;0;2;-14,62999923;-56,26966473;"SPRF-MT";"DEL01-MT";"UOP01-DEL01-MT"
345370;2021-03-10;"quarta-feira";"06:30:00";"ES";101;352;"ANCHIETA";"Frear bruscamente";"Colisão traseira";"Com Vítimas Feridas";"Pleno dia";"Decrescente";"Nublado";"Simples";"Reta";"Não";3;0;2;0;1;0;2;2;-20,66934502;-40,66332593;"SPRF-ES";"DEL03-ES";"UOP01-DEL03-ES"
345372;2021-03-10;"quarta-feira";"06:00:00";"ES";101;233;"FUNDAO";"Demais falhas mecânicas ou elétricas";"Incêndio";"Sem Vítimas";"Amanhecer";"Decrescente";"Nublado";"Dupla";"Aclive";"Não";2;0;0;0;1;1;0;2;-19,961042;-40,406889;"SPRF-ES";"DEL02-ES";"UOP01-DEL02-ES"
345373;2021-03-10;"quarta-feira";"06:40:00";"SC";470;119;"IBIRAMA";"Desrespeitar a preferência no cruzamento";"Colisão transversal";"Com Vítimas Feridas";"Pleno dia";"Crescente";"Céu Claro";"Simples";"Interseção de Vias";"Não";2;0;0;1;1;0;1;2;-27,081554;-49,520206;"SPRF-SC";"DEL04-SC";"UOP02-DEL04-SC"
345376;2021-01-20;"quarta-feira";"20:25:00";"SC";282;85,5;"ALFREDO WAGNER";"Velocidade Incompatível";"Colisão traseira";"Com Vítimas Feridas";"Pleno dia";"Crescente";"Chuva";"Simples";"Declive;Curva";"Não";2;0;1;1;0;0;2;2;-27,66560834;-49,18817282;"SPRF-SC";"DEL01-SC";"UOP03-DEL01-SC"
345380;2021-03-10;"quarta-feira";"07:10:00";"PB";230;23,8;"JOAO PESSOA";"Trafegar com motocicleta (ou similar) entre as faixas";"Colisão lateral mesmo sentido";"Com Vítimas Feridas";"Pleno dia";"Decrescente";"Sol";"Dupla";"Reta";"Sim";4;0;2;0;1;1;2;3;-7,1562;-34,8574;"SPRF-PB";"DEL01-PB";"UOP01-DEL01-PB"
345381;2021-03-10;"quarta-feira";"06:50:00";"SP";116;80,2;"ROSEIRA";"Entrada inopinada do pedestre";"Atropelamento de Pedestre";"Com Vítimas Fatais";"Pleno dia";"Crescente";"Nublado";"Dupla";"Reta";"Não";3;1;0;0;1;1;0;3;-22,89958454;-45,30245564;"SPRF-SP";"DEL08-SP";"UOP01-DEL08-SP"
345386;2021-03-10;"quarta-feira";"07:45:00";"SC";101;120;"ITAJAI";"Ausência de reação do condutor";"Colisão traseira";"Com Vítimas Feridas";"Pleno dia";"Decrescente";"Céu Claro";"Dupla";"Reta";"Sim";3;0;0;1;1;1;1;3;-26,912758;-48,711998;"SPRF-SC";"DEL04-SC";"UOP04-DEL04-SC"
345395;2021-03-10;"quarta-feira";"08:00:00";"MG";381;902;"CAMBUI";"Demais falhas mecânicas ou elétricas";"Saída de leito carroçável";"Com Vítimas Feridas";"Pleno dia";"Decrescente";"Céu Claro";"Dupla";"Reta";"Não";2;0;2;0;0;0;2;1;-22,67444472;-46,09767911;"SPRF-MG";"DEL16-MG";"UOP03-DEL16-MG"
345398;2021-03-10;"quarta-feira";"07:10:00";"RJ";116;80;"TERESOPOLIS";"Reação tardia ou ineficiente do condutor";"Colisão com objeto";"Com Vítimas Feridas";"Pleno dia";"Decrescente";"Céu Claro";"Simples";"Declive;Rotatória";"Sim";2;0;1;0;1;0;1;2;-22,39006974;-42,9533628;"SPRF-RJ";"DEL04-RJ";"UOP01-DEL04-RJ"
345404;2021-03-10;"quarta-feira";"07:10:00";"ES";101;66;"SAO MATEUS";"Acesso irregular";"Colisão lateral mesmo sentido";"Com Vítimas Feridas";"Pleno dia";"Decrescente";"Nublado";"Dupla";"Reta";"Não";2;0;1;0;1;0;1;2;-18,7165195;-39,87436378;"SPRF-ES";"DEL04-ES";"UOP02-DEL04-ES"
345408;2021-03-07;"domingo";"02:30:00";"PA";10;253;"AURORA DO PARA";"Manobra de mudança de faixa";"Tombamento";"Com Vítimas Feridas";"Plena Noite";"Crescente";"Céu Claro";"Simples";"Reta";"Não";2;0;1;0;0;2;1;3;-2,22259399;-47,56226424;"SPRF-PA";"DEL02-PA";"UOP01-DEL02-PA"
345409;2021-03-10;"quarta-feira";"07:55:00";"SC";470;145;"RIO DO SUL";"Trafegar com motocicleta (ou similar) entre as faixas";"Colisão transversal";"Com Vítimas Feridas";"Pleno dia";"Decrescente";"Céu Claro";"Simples";"Reta";"Sim";4;0;1;0;2;1;1;4;-27,237301;-49,682217;"SPRF-SC";"DEL04-SC";"UOP02-DEL04-SC"
345411;2021-03-10;"quarta-feira";"05:10:00";"MT";163;949;"NOVA SANTA HELENA";"Condutor deixou de manter distância do veículo da frente";"Colisão traseira";"Com Vítimas Feridas";"Amanhecer";"Decrescente";"Nevoeiro/Neblina";"Simples";"Aclive";"Não";4;0;1;0;2;7;1;10;-10,90647032;-55,19805908;"SPRF-MT";"DEL06-MT";"NPF/DEL06-MT"
345412;2021-03-10;"quarta-feira";"04:50:00";"BA";101;558;"ARATACA";"Carga excessiva e/ou mal acondicionada";"Saída de leito carroçável";"Com Vítimas Feridas";"Amanhecer";"Decrescente";"Céu Claro";"Simples";"Curva;Declive";"Não";2;0;0;1;0;1;1;2;-15,33579701;-39,50107108;"SPRF-BA";"DEL05-BA";"UOP02-DEL05-BA"
345416;2021-03-10;"quarta-feira";"09:10:00";"PR";376;314,3;"ORTIGUEIRA";"Acessar a via sem observar a presença dos outros veículos";"Colisão transversal";"Com Vítimas Feridas";"Pleno dia";"Crescente";"Céu Claro";"Simples";"Curva";"Não";2;0;1;0;1;0;1;2;-23,984452;-51,083039;"SPRF-PR";"DEL07-PR";"UOP02-DEL07-PR"