"id";"data_inversa";"dia_semana";"horario";"uf";"br";"km";"municipio";"causa_acidente";"tipo_acidente";"classificacao_acidente";"fase_dia";"sentido_via";"condicao_metereologica";"tipo_pista";"tracado_via";"uso_solo";"pessoas";"mortos";"feridos_leves";"feridos_graves";"ilesos";"ignorados";"feridos";"veiculos";"latitude";"longitude";"regional";"delegacia";"uop"
345419;2021-03-10;"quarta-feira";"10:00:00";"ES";101;141;"LINHARES";"Condutor deixou de manter distância do veículo da frente";"Colisão traseira";"Com Vítimas Feridas";"Pleno dia";"Crescente";"Céu Claro";"Simples";"Reta";"Não";2;0;1;0;1;0;1;2;-19,32655693;-40,07192387;"SPRF-ES";"DEL04-ES";"UOP01-DEL04-ES"
345420;2021-03-10;"quarta-feira";"08:00:00";"MT";364;55;"ALTO GARCAS";"Velocidade Incompatível";"Colisão lateral sentido oposto";"Com Vítimas Feridas";"Pleno dia";"Crescente";"Sol";"Simples";"Curva";"Não";3;0;1;0;1;3;1;5;-16,95930789;-53,5197869;"SPRF-MT";"DEL02-MT";"UOP02-DEL02-MT"
345426;2021-03-10;"quarta-feira";"10:40:00";"MG";40;626,5;"CONSELHEIRO LAFAIETE";"Acessar a via sem observar a presença dos outros veículos";"Colisão transversal";"Com Vítimas Feridas";"Pleno dia";"Decrescente";"Céu Claro";"Simples";"Reta";"Não";2;0;1;0;1;0;1;2;-20,62801922;-43,80896769;"SPRF-MG";"DEL05-MG";"UOP02-DEL05-MG"
345428;2021-03-10;"quarta-feira";"07:30:00";"BA";242;358;"LENCOIS";"Reação tardia ou ineficiente do condutor";"Tombamento";"Com Vítimas Feridas";"Pleno dia";"Decrescente";"Sol";"Simples";"Reta";"Não";2;0;1;0;0;2;1;3;-12,46712976;-41,37383602;"SPRF-BA";"DEL06-BA";"UOP01-DEL06-BA"
345429;2021-03-10;"quarta-feira";"10:50:00";"AL";104;88,2;"RIO LARGO";"Entrada inopinada do pedestre";"Atropelamento de Pedestre";"Com Vítimas Feridas";"Pleno dia";"Crescente";"Céu Claro";"Dupla";"Reta";"Sim";4;0;0;1;1;2;1;3;-9,48375193;-35,81815581;"SPRF-AL";"DEL01-AL";"UOP01-DEL01-AL"
345432;2021-01-29;"sexta-feira";"06:30:00";"RS";116;258;"ESTEIO";"Reação tardia ou ineficiente do condutor";"Colisão lateral mesmo sentido";"Com Vítimas Feridas";"Pleno dia";"Decrescente";"Céu Claro";"Dupla";"Reta";"Sim";3;0;0;1;1;1;1;3;-29,8661;-51,1805;"SPRF-RS";"DEL01-RS";"UOP02-DEL01-RS"
345436;2021-03-10;"quarta-feira";"07:20:00";"BA";101;74;"ENTRE RIOS";"Ultrapassagem Indevida";"Colisão traseira";"Com Vítimas Fatais";"Pleno dia";"Crescente";"Céu Claro";"Simples";"Reta";"Não";2;1;0;0;1;0;0;2;-11,99172968;-38,23078005;"SPRF-BA";"DEL01-BA";"UOP04-DEL01-BA"
345451;2021-03-10;"quarta-feira";"11:15:00";"PE";428;138,9;"LAGOA GRANDE";"Ultrapassagem Indevida";"Colisão frontal";"Com Vítimas Fatais";"Pleno dia";"Decrescente";"Sol";"Simples";"Reta";"Sim";3;1;0;1;0;1;1;3;-8,99202442;-40,2695784;"SPRF-PE";"DEL06-PE";"UOP03-DEL06-PE"
345454;2021-03-10;"quarta-feira";"12:50:00";"MG";365;631,4;"UBERLANDIA";"Manobra de mudança de faixa";"Colisão lateral mesmo sentido";"Sem Vítimas";"Pleno dia";"Crescente";"Céu Claro";"Dupla";"Reta";"Não";4;0;0;0;3;2;0;4;-18,89793861;-48,38105894;"SPRF-MG";"DEL15-MG";"UOP01-DEL15-MG"
345456;2021-03-10;"quarta-feira";"13:30:00";"MG";50;71;"UBERLANDIA";"Reação tardia ou ineficiente do condutor";"Colisão traseira";"Com Vítimas Feridas";"Pleno dia";"Decrescente";"Sol";"Dupla";"Aclive;Reta";"Sim";3;0;1;0;2;0;1;2;-18,89201037;-48,25376814;"SPRF-MG";"DEL15-MG";"UOP01-DEL15-MG"
345457;2021-03-10;"quarta-feira";"13:35:00";"MG";251;512;"FRANCISCO SA";"Reação tardia ou ineficiente do condutor";"Saída de leito carroçável";"Com Vítimas Feridas";"Pleno dia";"Decrescente";"Sol";"Simples";"Reta;Declive";"Não";2;0;1;0;0;1;1;2;-16,6553239;-43,71906108;"SPRF-MG";"DEL12-MG";"UOP01-DEL12-MG"
345462;2021-03-10;"quarta-feira";"09:10:00";"MG";381;602,1;"CARMOPOLIS DE MINAS";"Condutor Dormindo";"Saída de leito carroçável";"Com Vítimas Feridas";"Pleno dia";"Crescente";"Nublado";"Dupla";"Reta;Declive";"Não";1;0;1;0;0;0;1;1;-20,61095427;-44,73514795;"SPRF-MG";"DEL04-MG";"UOP01-DEL04-MG"
345464;2021-03-06;"sábado";"06:10:00";"RS";386;296,3;"POUSO NOVO";"Reação tardia ou ineficiente do condutor";"Saída de leito carroçável";"Com Vítimas Feridas";"Amanhecer";"Crescente";"Nevoeiro/Neblina";"Simples";"Reta";"Não";2;0;1;0;0;1;1;2;-29,136362;-52,24575;"SPRF-RS";"DEL04-RS";"UOP01-DEL04-RS"
345469;2021-03-10;"quarta-feira";"11:20:00";"MT";364;440;"VARZEA GRANDE";"Condutor deixou de manter distância do veículo da frente";"Colisão frontal";"Com Vítimas Feridas";"Pleno dia";"Crescente";"Céu Claro";"Simples";"Reta";"Não";2;0;1;0;1;0;1;2;-15,60313088;-56,20436138;"SPRF-MT";"DEL01-MT";"UOP02-DEL01-MT"
345470;2021-03-10;"quarta-feira";"14:55:00";"PR";158;533,5;"PATO BRANCO";"Velocidade Incompatível";"Colisão traseira";"Com Vítimas Feridas";"Pleno dia";"Decrescente";"Céu Claro";"Simples";"Reta";"Sim";4;0;1;0;3;0;1;4;-26,21972809;-52,68262891;"SPRF-PR";"DEL02-PR";"UOP01-DEL02-PR"
345475;2021-03-10;"quarta-feira";"13:20:00";"SC";101;278;"IMBITUBA";"Entrada inopinada do pedestre";"Atropelamento de Pedestre";"Com Vítimas Feridas";"Pleno dia";"Crescente";"Céu Claro";"Simples";"Reta";"Sim";2;0;1;0;1;0;1;2;-28,16300604;-48,6939345;"SPRF-SC";"DEL02-SC";"UOP03-DEL02-SC"
345477;2021-03-10;"quarta-feira";"14:50:00";"SC";101;127,7;"CAMBORIU";"Demais falhas mecânicas ou elétricas";"Colisão traseira";"Sem Vítimas";"Pleno dia";"Crescente";"Céu Claro";"Dupla";"Curva";"Não";3;0;0;0;2;1;0;3;-26,9639319;-48,68328024;"SPRF-SC";"DEL04-SC";"UOP04-DEL04-SC"
345484;2021-03-10;"quarta-feira";"14:00:00";"AC";364;149,6;"RIO BRANCO";"Condutor deixou de manter distância do veículo da frente";"Colisão traseira";"Com Vítimas Feridas";"Pleno dia";"Decrescente";"Céu Claro";"Dupla";"Reta";"Sim";2;0;1;0;1;0;1;2;-9,87942293;-67,9051469;"SPRF-AC";"DEL01-AC";"UOP01-DEL01-AC"
345489;2021-03-10;"quarta-feira";"16:15:00";"MG";40;380,3;"CURVELO";"Ingestão de álcool pelo condutor";"Colisão lateral mesmo sentido";"Com Vítimas Feridas";"Pleno dia";"Decrescente";"Nublado";"Simples";"Reta;Declive";"Não";4;0;0;1;1;2;1;4;-18,87668502;-44,72217602;"SPRF-MG";"DEL02-MG";"UOP01-DEL02-MG"
345491;2021-03-10;"quarta-feira";"16:40:00";"RN";101;124;"SAO JOSE DE MIPIBU";"Ausência de reação do condutor";"Colisão transversal";"Sem Vítimas";"Pleno dia";"Crescente";"Céu Claro";"Dupla";"Reta";"Sim";3;0;0;0;3;0;0;3;-6,07054896;-35,23785797;"SPRF-RN";"DEL01-RN";"UOP01-DEL01-RN"
345494;2021-03-10;"quarta-feira";"16:49:00";"SC";282;511,2;"XANXERE";"Condutor deixou de manter distância do veículo da frente";"Colisão traseira";"Com Vítimas Feridas";"Pleno dia";"Crescente";"Céu Claro";"Simples";"Reta";"Não";4;0;1;0;2;1;1;3;-26,905405;-52,464199;"SPRF-SC";"DEL07-SC";"UOP01-DEL07-SC"
345503;2021-03-10;"quarta-feira";"18:30:00";"MG";365;18;"MONTES CLAROS";"Transitar na contramão";"Colisão frontal";"Com Vítimas Feridas";"Plena Noite";"Crescente";"Chuva";"Simples";"Curva;Declive";"Não";2;0;0;1;1;0;1;2;-16,87824584;-44,00270102;"SPRF-MG";"DEL12-MG";"UOP01-DEL12-MG"
345505;2021-03-10;"quarta-feira";"15:30:00";"PE";101;52;"ABREU E LIMA";"Carga excessiva e/ou mal acondicionada";"Tombamento";"Com Vítimas Feridas";"Pleno dia";"Decrescente";"Céu Claro";"Dupla";"Curva";"Sim";1;0;1;0;0;0;1;1;-7,92358799;-34,89607201;"SPRF-PE";"DEL01-PE";"UOP02-DEL01-PE"
345508;2021-03-10;"quarta-feira";"17:54:00";"RJ";116;236;"PIRAI";"Velocidade Incompatível";"Incêndio";"Com Vítimas Feridas";"Anoitecer";"Crescente";"Céu Claro";"Dupla";"Reta";"Não";2;0;1;0;0;1;1;2;-22,665695;-43,864075;"SPRF-RJ";"DEL07-RJ";"UOP01-DEL07-RJ"
345520;2021-01-30;"sábado";"13:20:00";"BA";116;921,9;"ENCRUZILHADA";"Acessar a via sem observar a presença dos outros veículos";"Colisão lateral";"Com Vítimas Fatais";"Pleno dia";"Crescente";"Céu Claro";"Simples";"Reta";"Não";3;1;0;0;1;1;0;3;-15,518794;-41,241226;"SPRF-BA";"DEL08-BA";"UOP03-DEL08-BA"
345538;2021-03-10;"quarta-feira";"22:10:00";"MG";381;411,8;"NOVA UNIAO";"Pista Escorregadia";"Saída de leito carroçável";"Com Vítimas Feridas";"Plena Noite";"Crescente";"Chuva";"Dupla";"Reta";"Não";1;0;1;0;0;0;1;1;-19,72550384;-43,5688591;"SPRF-MG";"DEL01-MG";"UOP01-DEL01-MG"
345542;2021-03-07;"domingo";"14:30:00";"MG";116;430;"ALPERCATA";"Ultrapassagem Indevida";"Colisão lateral sentido oposto";"Sem Vítimas";"Pleno dia";"Decrescente";"Chuva";"Simples";"Reta";"Não";2;0;0;0;1;1;0;2;-18,99809891;-41,97757268;"SPRF-MG";"DEL06-MG";"UOP01-DEL06-MG"
345543;2021-03-10;"quarta-feira";"22:35:00";"RS";386;214;"TIO HUGO";"Transitar na contramão";"Colisão frontal";"Com Vítimas Feridas";"Plena Noite";"Decrescente";"Céu Claro";"Simples";"Reta";"Sim";6;0;3;0;2;1;3;3;-28,568123;-52,596741;"SPRF-RS";"DEL04-RS";"UOP03-DEL04-RS"
345551;2021-03-10;"quarta-feira";"23:50:00";"MT";364;251,3;"JUSCIMEIRA";"Condutor deixou de manter distância do veículo da frente";"Colisão traseira";"Com Vítimas Feridas";"Plena Noite";"Decrescente";"Céu Claro";"Dupla";"Reta";"Não";3;0;1;0;1;3;1;5;-16,11396214;-54,85939336;"SPRF-MT";"DEL02-MT";"UOP01-DEL02-MT"
345553;2021-03-10;"quarta-feira";"23:15:00";"MG";116;813;"ALEM PARAIBA";"Velocidade Incompatível";"Colisão lateral sentido oposto";"Com Vítimas Feridas";"Plena Noite";"Crescente";"Chuva";"Simples";"Curva";"Não";3;0;1;0;1;1;1;3;-21,8449291;-42,67297203;"SPRF-MG";"DEL07-MG";"UOP01-DEL07-MG"
345554;2021-03-10;"quarta-feira";"21:30:00";"RO";364;264,9;"CACOAL";"Demais falhas mecânicas ou elétricas";"Incêndio";"Com Vítimas Feridas";"Plena Noite";"Crescente";"Nublado";"Simples";"Reta";"Não";2;0;0;1;0;3;1;4;-11,3875938;-61,66451172;"SPRF-RO";"DEL02-RO";"UOP02-DEL02-RO"
345555;2021-01-29;"sexta-feira";"09:30:00";"RS";101;44,8;"TERRA DE AREIA";"Reação tardia ou ineficiente do condutor";"Colisão traseira";"Com Vítimas Feridas";"Pleno dia";"Decrescente";"Sol";"Dupla";"Reta";"Sim";2;0;0;1;1;0;1;2;-29,571215;-50,057872;"SPRF-RS";"DEL03-RS";"UOP02-DEL03-RS"
345557;2021-03-11;"quinta-feira";"02:00:00";"MG";153;7,5;"ARAPORA";"Ingestão de álcool pelo condutor";"Saída de leito carroçável";"Sem Vítimas";"Plena Noite";"Crescente";"Céu Claro";"Dupla";"Reta";"Não";2;0;0;0;1;2;0;3;-18,478658;-49,188442;"SPRF-MG";"DEL15-MG";"UOP03-DEL15-MG"
345559;2021-03-11;"quinta-feira";"04:30:00";"RJ";116;285,7;"BARRA MANSA";"Pedestre andava na pista";"Atropelamento de Pedestre";"Com Vítimas Fatais";"Plena Noite";"Crescente";"Céu Claro";"Dupla";"Reta";"Não";2;1;0;0;1;0;0;2;-22,50496778;-44,22509483;"SPRF-RJ";"DEL07-RJ";"UOP02-DEL07-RJ"
345561;2021-03-11;"quinta-feira";"05:40:00";"SC";101;130;"CAMBORIU";"Reação tardia ou ineficiente do condutor";"Colisão frontal";"Com Vítimas Feridas";"Amanhecer";"Crescente";"Nublado";"Simples";"Reta";"Sim";2;0;0;1;1;0;1;2;-26,98407618;-48,66977107;"SPRF-SC";"DEL04-SC";"UOP03-DEL04-SC"
345563;2021-03-11;"quinta-feira";"06:00:00";"SC";470;4;"NAVEGANTES";"Ausência de reação do condutor";"Colisão traseira";"Com Vítimas Feridas";"Amanhecer";"Decrescente";"Céu Claro";"Dupla";"Reta";"Sim";3;0;1;0;1;1;1;3;-26,861937;-48,681618;"SPRF-SC";"DEL04-SC";"UOP04-DEL04-SC"
345567;2021-03-10;"quarta-feira";"21:50:00";"SC";280;216;"TRES BARRAS";"Ausência de reação do condutor";"Colisão lateral sentido oposto";"Com Vítimas Feridas";"Plena Noite";"Decrescente";"Ignorado";"Simples";"Curva";"Não";3;0;0;1;1;1;1;3;-26,18126336;-50,22376299;"SPRF-SC";"DEL06-SC";"UOP04-DEL06-SC"
345572;2021-03-11;"quinta-feira";"06:30:00";"BA";242;469;"PALMEIRAS";"Acostamento em desnível";"Tombamento";"Sem Vítimas";"Pleno dia";"Crescente";"Céu Claro";"Simples";"Curva";"Não";3;0;0;0;1;2;0;3;-12,46103463;-41,46851962;"SPRF-BA";"DEL06-BA";"UOP01-DEL06-BA"
345573;2021-03-11;"quinta-feira";"08:15:00";"MG";459;93,1;"CONGONHAL";"Velocidade Incompatível";"Saída de leito carroçável";"Com Vítimas Feridas";"Pleno dia";"Decrescente";"Céu Claro";"Simples";"Curva";"Não";2;0;1;0;0;2;1;3;-22,17944;-45,995041;"SPRF-MG";"DEL09-MG";"UOP01-DEL09-MG"
345581;2021-02-21;"domingo";"00:40:00";"BA";242;570;"IBOTIRAMA";"Pista Escorregadia";"Tombamento";"Sem Vítimas";"Plena Noite";"Crescente";"Chuva";"Simples";"Curva";"Não";2;0;0;0;1;2;0;3;-12,087364;-43,158223;"SPRF-BA";"DEL06-BA";"UOP03-DEL06-BA"
345583;2021-03-11;"quinta-feira";"08:10:00";"PE";423;76,1;"JUCATI";"Reação tardia ou ineficiente do condutor";"Colisão lateral mesmo sentido";"Com Vítimas Feridas";"Pleno dia";"Crescente";"Céu Claro";"Simples";"Curva";"Não";2;0;1;0;0;1;1;2;-8,73183901;-36,43146015;"SPRF-PE";"DEL03-PE";"UOP01-DEL03-PE"
345602;2021-03-11;"quinta-feira";"10:13:00";"MT";163;826;"SINOP";"Deficiência do Sistema de Iluminação/Sinalização";"Colisão traseira";"Com Vítimas Feridas";"Pleno dia";"Decrescente";"Nublado";"Simples";"Retorno Regulamentado";"Não";4;0;1;1;1;3;2;5;-11,93915816;-55,51565409;"SPRF-MT";"DEL06-MT";"UOP01-DEL06-MT"
345603;2021-02-28;"domingo";"20:20:00";"TO";153;728,5;"FIGUEIROPOLIS";"Pista esburacada";"Colisão frontal";"Com Vítimas Feridas";"Plena Noite";"Decrescente";"Chuva";"Simples";"Reta";"Não";3;0;0;1;1;1;1;3;-12,18968002;-49,15574263;"SPRF-TO";"DEL01-TO";"UOP02-DEL01-TO"
345605;2021-03-11;"quinta-feira";"07:20:00";"MG";50;81;"UBERLANDIA";"Condutor deixou de manter distância do veículo da frente";"Colisão traseira";"Com Vítimas Feridas";"Pleno dia";"Crescente";"Céu Claro";"Dupla";"Reta";"Não";2;0;1;0;1;0;1;2;-18,986906;-48,211853;"SPRF-MG";"DEL15-MG";"UOP01-DEL15-MG"
345606;2021-03-11;"quinta-feira";"10:40:00";"SC";101;354,8;"SANGAO";"Condutor deixou de manter distância do veículo da frente";"Colisão traseira";"Com Vítimas Feridas";"Pleno dia";"Decrescente";"Céu Claro";"Múltipla";"Reta;Aclive";"Não";3;0;1;0;2;0;1;2;-28,62845265;-49,08532619;"SPRF-SC";"DEL02-SC";"UOP01-DEL02-SC"
345608;2021-03-11;"quinta-feira";"10:50:00";"MA";316;421;"PERITORO";"Avarias e/ou desgaste excessivo no pneu";"Colisão com objeto";"Com Vítimas Feridas";"Pleno dia";"Crescente";"Céu Claro";"Simples";"Reta";"Não";2;0;1;0;0;1;1;2;-4,35627;-44,363815;"SPRF-MA";"DEL03-MA";"UOP01-DEL03-MA"
345611;2021-03-11;"quinta-feira";"12:55:00";"GO";20;0,9;"FORMOSA";"Velocidade Incompatível";"Colisão frontal";"Com Vítimas Fatais";"Pleno dia";"Crescente";"Chuva";"Simples";"Reta";"Não";24;1;0;23;0;0;23;2;-15,581744;-47,343241;"SPRF-DF";"DEL02-DF";"UOP01-DEL02-DF"
345613;2021-03-11;"quinta-feira";"12:50:00";"SC";470;140,8;"RIO DO SUL";"Velocidade Incompatível";"Colisão lateral mesmo sentido";"Com Vítimas Feridas";"Pleno dia";"Crescente";"Céu Claro";"Simples";"Reta";"Não";2;0;0;1;0;1;1;2;-27,222485;-49,662827;"SPRF-SC";"DEL04-SC";"UOP02-DEL04-SC"
345617;2021-03-11;"quinta-feira";"12:40:00";"SC";282;598;"CUNHA PORA";"Acessar a via sem observar a presença dos outros veículos";"Colisão lateral sentido oposto";"Com Vítimas Feridas";"Pleno dia";"Decrescente";"Sol";"Simples";"Reta";"Não";2;0;0;1;1;0;1;2;-26,825783;-53,147213;"SPRF-SC";"DEL07-SC";"UOP02-DEL07-SC"
345625;2021-03-11;"quinta-feira";"10:55:00";"MG";381;371;"SAO GONCALO DO RIO ABAIXO";"Velocidade Incompatível";"Saída de leito carroçável";"Com Vítimas Feridas";"Pleno dia";"Decrescente";"Sol";"Simples";"Curva;Declive";"Não";1;0;0;1;0;0;1;1;-19,84407789;-43,30732499;"SPRF-MG";"DEL01-MG";"UOP01-DEL01-MG"
345626;2021-03-11;"quinta-feira";"11:30:00";"AL";316;35,5;"CANAPI";"Carga excessiva e/ou mal acondicionada";"Colisão com objeto";"Sem Vítimas";"Pleno dia";"Crescente";"Céu Claro";"Simples";"Reta";"Sim";2;0;0;0;1;1;0;2;-9,11644666;-37,60902992;"SPRF-AL";"DEL03-AL";"UOP02-DEL03-AL"
345651;2021-03-11;"quinta-feira";"14:20:00";"MT";163;94;"RONDONOPOLIS";"Ausência de reação do condutor";"Colisão traseira";"Com Vítimas Feridas";"Pleno dia";"Crescente";"Céu Claro";"Dupla";"Reta";"Não";3;0;1;0;1;2;1;4;-16,70836002;-54,65600904;"SPRF-MT";"DEL02-MT";"UOP01-DEL02-MT"
345653;2021-03-11;"quinta-feira";"16:00:00";"PR";277;68,2;"SAO JOSE DOS PINHAIS";"Transitar no acostamento";"Colisão lateral mesmo sentido";"Com Vítimas Feridas";"Pleno dia";"Decrescente";"Céu Claro";"Dupla";"Reta";"Sim";3;0;1;0;1;2;1;4;-25,5208544;-49,1073499;"SPRF-PR";"DEL01-PR";"UOP01-DEL01-PR"
345654;2021-03-11;"quinta-feira";"16:45:00";"BA";324;609;"SIMOES FILHO";"Reação tardia ou ineficiente do condutor";"Saída de leito carroçável";"Sem Vítimas";"Pleno dia";"Decrescente";"Céu Claro";"Dupla";"Reta";"Não";3;0;0;0;2;1;0;2;-12,82066;-38,40798;"SPRF-BA";"DEL01-BA";"UOP01-DEL01-BA"
345655;2021-03-11;"quinta-feira";"12:20:00";"BA";101;422;"MARAU";"Velocidade Incompatível";"Tombamento";"Com Vítimas Feridas";"Pleno dia";"Decrescente";"Céu Claro";"Simples";"Curva";"Não";2;0;1;0;0;1;1;2;-14,25647613;-39,32308968;"SPRF-BA";"DEL05-BA";"UOP03-DEL05-BA"
345656;2021-03-11;"quinta-feira";"16:00:00";"MG";40;199;"JOAO PINHEIRO";"Transitar na contramão";"Colisão frontal";"Com Vítimas Fatais";"Pleno dia";"Crescente";"Chuva";"Simples";"Curva";"Não";3;1;0;0;1;2;0;4;-18,01130432;-45,81564903;"SPRF-MG";"DEL14-MG";"UOP02-DEL14-MG"
345657;2021-03-11;"quinta-feira";"14:45:00";"RO";364;425,9;"JARU";"Manobra de mudança de faixa";"Colisão lateral mesmo sentido";"Sem Vítimas";"Pleno dia";"Decrescente";"Céu Claro";"Dupla";"Reta";"Sim";3;0;0;0;2;2;0;4;-10,43184122;-62,48095393;"SPRF-RO";"DEL03-RO";"UOP02-DEL03-RO"
345659;2021-03-11;"quinta-feira";"06:40:00";"MG";153;42,7;"CANAPOLIS";"Reação tardia ou ineficiente do condutor";"Saída de leito carroçável";"Sem Vítimas";"Amanhecer";"Decrescente";"Céu Claro";"Dupla";"Reta";"Não";2;0;0;0;1;2;0;3;-18,7557052;-49,07788634;"SPRF-MG";"DEL15-MG";"UOP03-DEL15-MG"
345660;2021-03-11;"quinta-feira";"17:04:00";"BA";324;356;"CAPIM GROSSO";"Desrespeitar a preferência no cruzamento";"Colisão transversal";"Sem Vítimas";"Pleno dia";"Crescente";"Céu Claro";"Simples";"Reta";"Sim";3;0;0;0;1;2;0;3;-11,38126896;-40,00429774;"SPRF-BA";"DEL04-BA";"UOP02-DEL04-BA"
345661;2021-03-11;"quinta-feira";"17:30:00";"RN";101;168,9;"BAIA FORMOSA";"Demais falhas mecânicas ou elétricas";"Incêndio";"Sem Vítimas";"Pleno dia";"Decrescente";"Céu Claro";"Simples";"Interseção de Vias";"Não";2;0;0;0;1;1;0;2;-6,43745838;-35,11451483;"SPRF-RN";"DEL01-RN";"UOP01-DEL01-RN"
345662;2021-03-11;"quinta-feira";"12:25:00";"BA";101;421;"MARAU";"Demais falhas mecânicas ou elétricas";"Incêndio";"Sem Vítimas";"Pleno dia";"Decrescente";"Céu Claro";"Simples";"Reta";"Não";1;0;0;0;1;0;0;1;-14,24784202;-39,32036393;"SPRF-BA";"DEL05-BA";"UOP03-DEL05-BA"
345667;2021-03-11;"quinta-feira";"16:20:00";"SC";282;442,4;"PONTE SERRADA";"Manobra de mudança de faixa";"Saída de leito carroçável";"Com Vítimas Feridas";"Pleno dia";"Decrescente";"Céu Claro";"Simples";"Reta";"Não";3;0;1;0;1;1;1;3;-26,92168;-51,880993;"SPRF-SC";"DEL07-SC";"UOP04-DEL07-SC"
345670;2021-03-11;"quinta-feira";"17:45:00";"RS";153;541,7;"CACAPAVA DO SUL";"Condutor Dormindo";"Saída de leito carroçável";"Com Vítimas Feridas";"Plena Noite";"Decrescente";"Céu Claro";"Simples";"Reta";"Não";1;0;1;0;0;0;1;1;-30,7713567;-53,55305428;"SPRF-RS";"DEL09-RS";"UOP02-DEL09-RS"
345673;2021-03-11;"quinta-feira";"18:20:00";"ES";101;311;"VIANA";"Velocidade Incompatível";"Colisão frontal";"Com Vítimas Feridas";"Plena Noite";"Crescente";"Chuva";"Simples";"Reta";"Não";2;0;1;0;1;0;1;2;-20,43478198;-40,45963937;"SPRF-ES";"DEL01-ES";"UOP01-DEL01-ES"
345679;2021-03-05;"sexta-feira";"06:15:00";"PR";116;54;"CAMPINA GRANDE DO SUL";"Velocidade Incompatível";"Colisão traseira";"Com Vítimas Fatais";"Amanhecer";"Crescente";"Chuva";"Dupla";"Reta";"Não";4;1;0;1;1;2;1;4;-25,2656158;-48,91632335;"SPRF-PR";"DEL01-PR";"UOP02-DEL01-PR"
345684;2021-03-11;"quinta-feira";"19:50:00";"GO";80;142;"BARRO ALTO";"Velocidade Incompatível";"Queda de ocupante de veículo";"Com Vítimas Feridas";"Plena Noite";"Crescente";"Céu Claro";"Simples";"Reta";"Não";3;0;1;0;1;1;1;3;-14,87378726;-49,00314331;"SPRF-GO";"DEL07-GO";"UOP01-DEL07-GO"
345693;2021-03-11;"quinta-feira";"09:20:00";"SP";116;513;"CAJATI";"Demais falhas mecânicas ou elétricas";"Colisão com objeto";"Sem Vítimas";"Pleno dia";"Decrescente";"Nublado";"Dupla";"Curva";"Não";2;0;0;0;2;0;0;2;-24,84551388;-48,21225643;"SPRF-SP";"DEL05-SP";"UOP02-DEL05-SP"
345696;2021-03-11;"quinta-feira";"18:45:00";"MG";116;526;"ALPERCATA";"Velocidade Incompatível";"Colisão lateral sentido oposto";"Com Vítimas Feridas";"Plena Noite";"Crescente";"Chuva";"Simples";"Curva";"Não";3;0;1;0;2;0;1;3;-18,96571441;-41,97154999;"SPRF-MG";"DEL06-MG";"UOP02-DEL06-MG"
345698;2021-03-11;"quinta-feira";"19:25:00";"PR";277;361,5;"GUARAPUAVA";"Manobra de mudança de faixa";"Tombamento";"Sem Vítimas";"Anoitecer";"Decrescente";"Céu Claro";"Simples";"Curva";"Não";1;0;0;0;1;0;0;1;-25,439379;-51,623851;"SPRF-PR";"DEL08-PR";"UOP01-DEL08-PR"
345701;2021-03-11;"quinta-feira";"20:10:00";"PR";369;73;"SANTA MARIANA";"Pedestre andava na pista";"Atropelamento de Pedestre";"Com Vítimas Fatais";"Plena Noite";"Crescente";"Céu Claro";"Simples";"Reta";"Sim";2;1;0;0;1;0;0;2;-23,15457656;-50,51664948;"SPRF-PR";"DEL07-PR";"UOP01-DEL07-PR"
345702;2021-03-11;"quinta-feira";"21:40:00";"MG";50;84;"UBERLANDIA";"Condutor usando celular";"Colisão traseira";"Com Vítimas Fatais";"Plena Noite";"Crescente";"Céu Claro";"Dupla";"Aclive";"Não";2;1;0;0;1;0;0;2;-18,99589703;-48,21049418;"SPRF-MG";"DEL15-MG";"UOP01-DEL15-MG"
345707;2021-03-11;"quinta-feira";"17:00:00";"GO";364;323;"PORTELANDIA";"Condutor deixou de manter distância do veículo da frente";"Colisão traseira";"Com Vítimas Feridas";"Anoitecer";"Crescente";"Céu Claro";"Simples";"Ponte";"Não";2;0;0;1;1;0;1;2;-17,400496;-52,652561;"SPRF-GO";"DEL05-GO";"UOP01-DEL05-GO"
345715;2021-03-11;"quinta-feira";"20:00:00";"GO";60;282;"JANDAIA";"Condutor deixou de manter distância do veículo da frente";"Colisão traseira";"Com Vítimas Feridas";"Plena Noite";"Decrescente";"Nublado";"Dupla";"Reta";"Não";2;0;1;1;0;0;2;2;-17,2511;-50,2196;"SPRF-GO";"DEL04-GO";"UOP01-DEL04-GO"
345717;2021-03-11;"quinta-feira";"22:40:00";"SC";282;530,4;"CORDILHEIRA ALTA";"Ingestão de álcool pelo condutor";"Colisão traseira";"Com Vítimas Feridas";"Plena Noite";"Decrescente";"Céu Claro";"Simples";"Reta";"Não";2;0;0;1;1;0;1;2;-26,986555;-52,60524;"SPRF-SC";"DEL07-SC";"UOP01-DEL07-SC"
345718;2021-03-11;"quinta-feira";"23:30:00";"MG";381;559,9;"ITAGUARA";"Velocidade Incompatível";"Tombamento";"Sem Vítimas";"Plena Noite";"Crescente";"Céu Claro";"Dupla";"Curva";"Não";3;0;0;0;2;1;0;3;-20,38230203;-44,48068397;"SPRF-MG";"DEL04-MG";"UOP03-DEL04-MG"