"id";"data_inversa";"dia_semana";"horario";"uf";"br";"km";"municipio";"causa_acidente";"tipo_acidente";"classificacao_acidente";"fase_dia";"sentido_via";"condicao_metereologica";"tipo_pista";"tracado_via";"uso_solo";"pessoas";"mortos";"feridos_leves";"feridos_graves";"ilesos";"ignorados";"feridos";"veiculos";"latitude";"longitude";"regional";"delegacia";"uop"
345725;2021-03-12;"sexta-feira";"01:30:00";"RJ";101;398;"ITAGUAI";"Acessar a via sem observar a presença dos outros veículos";"Colisão traseira";"Com Vítimas Feridas";"Plena Noite";"Decrescente";"Nublado";"Dupla";"Reta";"Sim";3;0;0;1;1;1;1;3;-22,86787912;-43,74862922;"SPRF-RJ";"DEL03-RJ";"UOP01-DEL03-RJ"
345726;2021-03-11;"quinta-feira";"22:30:00";"MA";316;498,8;"CODO";"Demais falhas mecânicas ou elétricas";"Incêndio";"Sem Vítimas";"Plena Noite";"Crescente";"Céu Claro";"Simples";"Reta";"Sim";2;0;0;0;1;1;0;2;-4,70182;-43,78171;"SPRF-MA";"DEL03-MA";"UOP02-DEL03-MA"
345727;2021-03-11;"quinta-feira";"19:30:00";"MT";70;58,7;"BARRA DO GARCAS";"Velocidade Incompatível";"Capotamento";"Com Vítimas Feridas";"Plena Noite";"Crescente";"Céu Claro";"Simples";"Curva";"Não";5;0;5;0;0;0;5;1;-15,693;-52,694;"SPRF-MT";"DEL07-MT";"UOP01-DEL07-MT"
345729;2021-03-12;"sexta-feira";"03:00:00";"AL";316;239;"ATALAIA";"Ausência de reação do condutor";"Capotamento";"Com Vítimas Feridas";"Plena Noite";"Decrescente";"Céu Claro";"Simples";"Curva";"Sim";2;0;2;0;0;0;2;1;-9,50625459;-36,04053891;"SPRF-AL";"DEL01-AL";"UOP01-DEL01-AL"
345731;2021-03-12;"sexta-feira";"02:10:00";"PR";163;164;"LINDOESTE";"Demais falhas mecânicas ou elétricas";"Incêndio";"Sem Vítimas";"Plena Noite";"Decrescente";"Céu Claro";"Simples";"Reta";"Sim";3;0;0;0;2;2;0;3;-25,30707401;-53,58023998;"SPRF-PR";"DEL05-PR";"UOP05-DEL05-PR"
345735;2021-03-12;"sexta-feira";"04:50:00";"PR";376;405,4;"TIBAGI";"Velocidade Incompatível";"Colisão traseira";"Com Vítimas Feridas";"Plena Noite";"Crescente";"Céu Claro";"Dupla";"Aclive";"Não";3;0;0;1;1;4;1;6;-24,634064;-50,636837;"SPRF-PR";"DEL03-PR";"UOP02-DEL03-PR"
345736;2021-03-12;"sexta-feira";"04:00:00";"PR";369;180;"ARAPONGAS";"Ausência de reação do condutor";"Colisão traseira";"Com Vítimas Feridas";"Amanhecer";"Crescente";"Céu Claro";"Dupla";"Reta";"Sim";2;0;1;0;1;0;1;2;-23,367105;-51,405942;"SPRF-PR";"DEL07-PR";"UOP02-DEL07-PR"
345747;2021-03-12;"sexta-feira";"06:50:00";"SC";282;37,6;"AGUAS MORNAS";"Condutor Dormindo";"Colisão lateral sentido oposto";"Com Vítimas Feridas";"Pleno dia";"Decrescente";"Céu Claro";"Simples";"Curva";"Não";2;0;1;1;0;0;2;2;-27,707325;-48,842983;"SPRF-SC";"DEL01-SC";"UOP03-DEL01-SC"
345748;2021-03-12;"sexta-feira";"06:20:00";"MS";163;117,5;"NAVIRAI";"Condutor deixou de manter distância do veículo da frente";"Colisão traseira";"Com Vítimas Fatais";"Pleno dia";"Decrescente";"Céu Claro";"Dupla";"Reta";"Sim";2;1;0;0;1;0;0;2;-23,130681;-54,199784;"SPRF-MS";"DEL09-MS";"UOP01-DEL09-MS"
345749;2021-03-12;"sexta-feira";"07:35:00";"PR";376;594;"CURITIBA";"Demais falhas mecânicas ou elétricas";"Colisão traseira";"Com Vítimas Feridas";"Pleno dia";"Decrescente";"Nublado";"Dupla";"Reta";"Sim";3;0;1;0;1;2;1;4;-25,48479613;-49,34730331;"SPRF-PR";"DEL01-PR";"UOP01-DEL01-PR"
345752;2021-03-11;"quinta-feira";"21:00:00";"MS";267;386;"MARACAJU";"Estacionar ou parar em local proibido";"Colisão com objeto";"Sem Vítimas";"Plena Noite";"Crescente";"Céu Claro";"Simples";"Reta";"Não";3;0;0;0;2;1;0;3;-21,63328004;-55,34030301;"SPRF-MS";"DEL05-MS";"UOP01-DEL05-MS"
345761;2021-03-12;"sexta-feira";"07:50:00";"GO";153;519,4;"HIDROLANDIA";"Reação tardia ou ineficiente do condutor";"Saída de leito carroçável";"Sem Vítimas";"Pleno dia";"Decrescente";"Nublado";"Dupla";"Reta";"Não";1;0;0;0;1;0;0;1;-16,86963107;-49,2493183;"SPRF-GO";"DEL01-GO";"UOP03-DEL01-GO"
345767;2021-03-12;"sexta-feira";"07:50:00";"MG";40;41,2;"PARACATU";"Reação tardia ou ineficiente do condutor";"Colisão traseira";"Com Vítimas Feridas";"Pleno dia";"Crescente";"Céu Claro";"Simples";"Reta";"Sim";3;0;2;1;0;0;3;3;-17,21271307;-46,87295209;"SPRF-MG";"DEL14-MG";"UOP01-DEL14-MG"
345771;2021-03-12;"sexta-feira";"09:00:00";"SC";470;45,4;"GASPAR";"Condutor Dormindo";"Colisão lateral sentido oposto";"Com Vítimas Feridas";"Pleno dia";"Crescente";"Sol";"Simples";"Reta";"Sim";2;0;1;0;1;0;1;2;-26,867064;-49,031109;"SPRF-SC";"DEL04-SC";"UOP01-DEL04-SC"
345774;2021-03-12;"sexta-feira";"09:55:00";"CE";20;427;"FORTALEZA";"Condutor deixou de manter distância do veículo da frente";"Colisão traseira";"Sem Vítimas";"Pleno dia";"Crescente";"Chuva";"Dupla";"Reta";"Sim";3;0;0;0;2;1;0;3;-3,76999035;-38,67006282;"SPRF-CE";"DEL01-CE";"UOP02-DEL01-CE"
345775;2021-03-12;"sexta-feira";"09:30:00";"RJ";465;9;"SEROPEDICA";"Acesso irregular";"Colisão lateral mesmo sentido";"Com Vítimas Feridas";"Pleno dia";"Crescente";"Céu Claro";"Simples";"Reta";"Sim";3;0;1;0;2;0;1;3;-22,771765;-43,670528;"SPRF-RJ";"DEL01-RJ";"UOP03-DEL01-RJ"
345779;2021-03-12;"sexta-feira";"10:15:00";"ES";101;294,9;"VIANA";"Condutor deixou de manter distância do veículo da frente";"Colisão traseira";"Com Vítimas Feridas";"Pleno dia";"Crescente";"Céu Claro";"Múltipla";"Reta";"Não";2;0;1;0;1;0;1;2;-20,32415948;-40,3952903;"SPRF-ES";"DEL01-ES";"UOP01-DEL01-ES"
345780;2021-03-12;"sexta-feira";"10:20:00";"RS";116;238,4;"NOVO HAMBURGO";"Acesso irregular";"Colisão traseira";"Com Vítimas Feridas";"Pleno dia";"Decrescente";"Sol";"Dupla";"Reta";"Sim";4;0;3;0;1;0;3;3;-29,68739789;-51,14197352;"SPRF-RS";"DEL01-RS";"UOP02-DEL01-RS"
345781;2021-02-05;"sexta-feira";"09:00:00";"MT";163;610;"NOVA MUTUM";"Chuva";"Colisão lateral";"Com Vítimas Feridas";"Pleno dia";"Crescente";"Chuva";"Simples";"Reta";"Não";3;0;2;0;1;0;2;3;-13,81986214;-56,07693366;"SPRF-MT";"DEL01-MT";"UOP01-DEL01-MT"
345783;2021-03-12;"sexta-feira";"10:40:00";"PR";369;165,5;"CAMBE";"Reação tardia ou ineficiente do condutor";"Colisão lateral mesmo sentido";"Com Vítimas Feridas";"Pleno dia";"Crescente";"Sol";"Dupla";"Reta";"Não";3;0;0;1;1;1;1;3;-23,28472991;-51,25963211;"SPRF-PR";"DEL07-PR";"UOP01-DEL07-PR"
345787;2021-03-12;"sexta-feira";"10:45:00";"PR";373;470;"CORONEL VIVIDA";"Ultrapassagem Indevida";"Colisão frontal";"Com Vítimas Feridas";"Pleno dia";"Crescente";"Céu Claro";"Simples";"Reta";"Não";5;0;2;0;2;1;2;4;-25,96660806;-52,46896505;"SPRF-PR";"DEL02-PR";"UOP01-DEL02-PR"
345789;2021-03-12;"sexta-feira";"11:10:00";"MG";381;502,7;"BETIM";"Acessar a via sem observar a presença dos outros veículos";"Colisão traseira";"Com Vítimas Feridas";"Pleno dia";"Decrescente";"Sol";"Múltipla";"Reta";"Sim";6;0;5;0;1;0;5;2;-20,01948419;-44,22786713;"SPRF-MG";"DEL01-MG";"UOP03-DEL01-MG"
345790;2021-03-12;"sexta-feira";"08:20:00";"BA";242;233;"ITABERABA";"Condutor Dormindo";"Colisão frontal";"Com Vítimas Fatais";"Pleno dia";"Crescente";"Sol";"Simples";"Reta";"Não";6;1;2;1;1;1;3;3;-12,52746915;-40,34332083;"SPRF-BA";"DEL06-BA";"UOP02-DEL06-BA"
345799;2021-03-12;"sexta-feira";"11:00:00";"PR";277;43,5;"MORRETES";"Manobra de mudança de faixa";"Colisão lateral mesmo sentido";"Com Vítimas Feridas";"Pleno dia";"Decrescente";"Sol";"Dupla";"Curva";"Não";4;0;1;0;2;3;1;5;-25,59354237;-48,88469696;"SPRF-PR";"DEL01-PR";"UOP05-DEL01-PR"
345800;2021-03-12;"sexta-feira";"09:40:00";"AL";101;31;"JOAQUIM GOMES";"Frear bruscamente";"Tombamento";"Sem Vítimas";"Pleno dia";"Crescente";"Céu Claro";"Simples";"Reta";"Não";2;0;0;0;1;1;0;2;-9,09275579;-35,74995409;"SPRF-AL";"DEL01-AL";"UOP02-DEL01-AL"
345815;2021-03-12;"sexta-feira";"05:30:00";"PI";135;553;"SAO GONCALO DO GURGUEIA";"Chuva";"Saída de leito carroçável";"Sem Vítimas";"Pleno dia";"Crescente";"Nublado";"Simples";"Curva";"Não";2;0;0;0;1;1;0;2;-10,12697426;-45,224383;"SPRF-PI";"DEL03-PI";"UOP02-DEL03-PI"
345818;2021-03-12;"sexta-feira";"12:50:00";"ES";259;48,5;"COLATINA";"Condutor deixou de manter distância do veículo da frente";"Colisão traseira";"Com Vítimas Feridas";"Pleno dia";"Crescente";"Céu Claro";"Simples";"Reta";"Não";4;0;0;1;2;2;1;5;-19,52284802;-40,59357119;"SPRF-ES";"DEL02-ES";"UOP01-DEL02-ES"
345823;2021-03-08;"segunda-feira";"00:40:00";"MG";365;647,4;"UBERLANDIA";"Chuva";"Colisão traseira";"Com Vítimas Fatais";"Plena Noite";"Decrescente";"Chuva";"Dupla";"Reta";"Não";11;1;2;0;8;0;2;2;-18,87453984;-48,53093797;"SPRF-MG";"DEL15-MG";"UOP01-DEL15-MG"
345825;2021-02-24;"quarta-feira";"13:00:00";"SP";116;362,8;"MIRACATU";"Carga excessiva e/ou mal acondicionada";"Derramamento de carga";"Sem Vítimas";"Pleno dia";"Crescente";"Nublado";"Dupla";"Curva";"Não";2;0;0;0;1;1;0;2;-24,1220177;-47,27047772;"SPRF-SP";"DEL04-SP";"UOP02-DEL04-SP"
345828;2021-03-12;"sexta-feira";"14:25:00";"PR";277;9,3;"PARANAGUA";"Demais falhas mecânicas ou elétricas";"Colisão transversal";"Com Vítimas Feridas";"Pleno dia";"Crescente";"Sol";"Dupla";"Declive;Reta";"Não";3;0;1;0;1;2;1;4;-25,566339;-48,606391;"SPRF-PR";"DEL01-PR";"UOP05-DEL01-PR"
345829;2021-03-12;"sexta-feira";"13:40:00";"PR";376;8;"MANDAGUARI";"Velocidade Incompatível";"Tombamento";"Com Vítimas Feridas";"Pleno dia";"Crescente";"Céu Claro";"Simples";"Rotatória";"Não";2;0;1;0;0;2;1;3;-23,547966;-51,671265;"SPRF-PR";"DEL09-PR";"UOP01-DEL09-PR"
345831;2021-03-12;"sexta-feira";"13:30:00";"RJ";116;96;"GUAPIMIRIM";"Demais falhas mecânicas ou elétricas";"Saída de leito carroçável";"Com Vítimas Feridas";"Pleno dia";"Decrescente";"Nublado";"Simples";"Curva";"Não";2;0;0;1;0;1;1;2;-22,48025217;-42,99744482;"SPRF-RJ";"DEL04-RJ";"UOP02-DEL04-RJ"
345832;2021-03-12;"sexta-feira";"10:30:00";"BA";242;467;"IBITIARA";"Ausência de reação do condutor";"Tombamento";"Com Vítimas Fatais";"Pleno dia";"Crescente";"Céu Claro";"Simples";"Reta;Rotatória";"Não";3;1;0;0;1;1;0;3;-12,45584058;-42,20177497;"SPRF-BA";"DEL06-BA";"UOP01-DEL06-BA"
345835;2021-03-09;"terça-feira";"01:00:00";"PR";277;220;"TEIXEIRA SOARES";"Reação tardia ou ineficiente do condutor";"Tombamento";"Com Vítimas Feridas";"Plena Noite";"Crescente";"Céu Claro";"Simples";"Aclive";"Não";2;0;1;0;0;1;1;2;-25,46362638;-50,37796805;"SPRF-PR";"DEL03-PR";"UOP03-DEL03-PR"
345837;2021-03-12;"sexta-feira";"15:10:00";"RS";386;280,7;"SAO JOSE DO HERVAL";"Conversão proibida";"Colisão frontal";"Com Vítimas Feridas";"Pleno dia";"Crescente";"Sol";"Simples";"Reta";"Sim";7;0;4;0;1;2;4;6;-29,025167;-52,311798;"SPRF-RS";"DEL04-RS";"UOP03-DEL04-RS"
345839;2021-03-12;"sexta-feira";"13:30:00";"PR";376;52,4;"LOANDA";"Condutor Dormindo";"Colisão traseira";"Com Vítimas Feridas";"Pleno dia";"Crescente";"Céu Claro";"Simples";"Reta";"Não";3;0;1;0;1;4;1;6;-22,90587281;-52,90109587;"SPRF-PR";"DEL09-PR";"UOP02-DEL09-PR"
345840;2021-03-12;"sexta-feira";"15:10:00";"SC";280;50;"GUARAMIRIM";"Ultrapassagem Indevida";"Colisão lateral sentido oposto";"Com Vítimas Feridas";"Pleno dia";"Crescente";"Céu Claro";"Simples";"Reta";"Sim";3;0;0;1;2;0;1;2;-26,4619489;-48,94618404;"SPRF-SC";"DEL03-SC";"UOP03-DEL03-SC"
345843;2021-03-12;"sexta-feira";"14:50:00";"SC";101;212,1;"PALHOCA";"Acessar a via sem observar a presença dos outros veículos";"Colisão lateral mesmo sentido";"Com Vítimas Feridas";"Pleno dia";"Decrescente";"Sol";"Múltipla";"Reta";"Sim";4;0;1;0;2;1;1;3;-27,62996929;-48,65903871;"SPRF-SC";"DEL01-SC";"UOP02-DEL01-SC"
345844;2021-03-12;"sexta-feira";"15:30:00";"RN";101;80,8;"NATAL";"Acessar a via sem observar a presença dos outros veículos";"Colisão traseira";"Com Vítimas Feridas";"Pleno dia";"Decrescente";"Céu Claro";"Dupla";"Reta";"Sim";2;0;1;0;1;0;1;2;-5,75852229;-35,28806121;"SPRF-RN";"DEL02-RN";"UOP01-DEL02-RN"
345845;2021-03-12;"sexta-feira";"15:20:00";"BA";101;926;"MUCURI";"Condutor deixou de manter distância do veículo da frente";"Colisão traseira";"Com Vítimas Feridas";"Pleno dia";"Crescente";"Sol";"Simples";"Reta";"Não";6;0;1;0;4;1;1;4;-18,1306881;-39,89419875;"SPRF-BA";"DEL09-BA";"UOP02-DEL09-BA"
345848;2021-02-25;"quinta-feira";"21:15:00";"GO";158;126,1;"CAIAPONIA";"Ingestão de álcool pelo condutor";"Colisão traseira";"Com Vítimas Fatais";"Plena Noite";"Crescente";"Nublado";"Simples";"Reta";"Não";5;1;1;0;2;4;1;7;-16,675802;-51,697437;"SPRF-GO";"DEL04-GO";"UOP01-DEL04-GO"
345849;2021-03-12;"sexta-feira";"15:40:00";"AL";101;51;"FLEXEIRAS";"Reação tardia ou ineficiente do condutor";"Tombamento";"Com Vítimas Feridas";"Pleno dia";"Decrescente";"Céu Claro";"Dupla";"Curva";"Não";2;0;1;0;0;1;1;2;-9,241987;-35,760014;"SPRF-AL";"DEL01-AL";"UOP02-DEL01-AL"
345856;2021-03-12;"sexta-feira";"13:47:00";"BA";116;494,2;"RAFAEL JAMBEIRO";"Condutor deixou de manter distância do veículo da frente";"Colisão traseira";"Com Vítimas Feridas";"Pleno dia";"Crescente";"Céu Claro";"Simples";"Reta";"Sim";3;0;1;0;1;2;1;4;-12,56514628;-39,48244286;"SPRF-BA";"DEL02-BA";"UOP01-DEL02-BA"
345864;2021-03-12;"sexta-feira";"16:40:00";"GO";364;62;"CACHOEIRA ALTA";"Ausência de reação do condutor";"Colisão traseira";"Com Vítimas Feridas";"Pleno dia";"Crescente";"Céu Claro";"Simples";"Reta";"Não";3;0;1;0;1;2;1;4;-18,71615;-50,958336;"SPRF-GO";"DEL05-GO";"UOP02-DEL05-GO"
345865;2021-03-12;"sexta-feira";"16:10:00";"MS";163;500,4;"JARAGUARI";"Manobra de mudança de faixa";"Colisão traseira";"Com Vítimas Feridas";"Pleno dia";"Decrescente";"Céu Claro";"Simples";"Aclive";"Não";3;0;2;0;1;0;2;2;-20,32607304;-54,51856683;"SPRF-MS";"DEL01-MS";"UOP02-DEL01-MS"
345866;2021-03-12;"sexta-feira";"12:40:00";"RJ";101;333;"RIO DE JANEIRO";"Problema com o freio";"Colisão traseira";"Com Vítimas Feridas";"Pleno dia";"Decrescente";"Céu Claro";"Dupla";"Reta";"Sim";3;0;1;0;2;0;1;3;-22,87827816;-43,21053578;"SPRF-RJ";"DEL02-RJ";"UOP02-DEL02-RJ"
345869;2021-03-03;"quarta-feira";"07:00:00";"PA";163;653;"ITAITUBA";"Reação tardia ou ineficiente do condutor";"Tombamento";"Com Vítimas Feridas";"Pleno dia";"Crescente";"Céu Claro";"Simples";"Curva";"Não";2;0;1;0;0;2;1;3;-4,50995;-55,863647;"SPRF-PA";"DEL05-PA";"UOP01-DEL05-PA"
345870;2021-03-12;"sexta-feira";"17:30:00";"BA";235;65,5;"JEREMOABO";"Manobra de mudança de faixa";"Colisão lateral sentido oposto";"Com Vítimas Feridas";"Pleno dia";"Crescente";"Céu Claro";"Simples";"Reta";"Não";3;0;2;0;1;0;2;3;-10,09011691;-38,226509;"SPRF-SE";"DEL01-SE";"UOP02-DEL01-SE"
345871;2021-03-12;"sexta-feira";"06:00:00";"GO";452;154,5;"ITUMBIARA";"Objeto estático sobre o leito carroçável";"Colisão com objeto";"Sem Vítimas";"Amanhecer";"Crescente";"Céu Claro";"Simples";"Aclive";"Não";2;0;0;0;1;2;0;3;-18,29856164;-49,55412505;"SPRF-GO";"DEL03-GO";"UOP02-DEL03-GO"
345875;2021-03-12;"sexta-feira";"15:40:00";"SP";116;359,2;"MIRACATU";"Curva acentuada";"Tombamento";"Com Vítimas Feridas";"Pleno dia";"Decrescente";"Céu Claro";"Dupla";"Curva";"Não";2;0;1;0;0;1;1;2;-24,10862227;-47,26589989;"SPRF-SP";"DEL04-SP";"UOP02-DEL04-SP"
345882;2021-03-12;"sexta-feira";"18:15:00";"RS";386;332,3;"MARQUES DE SOUZA";"Transitar na contramão";"Colisão lateral mesmo sentido";"Com Vítimas Feridas";"Pleno dia";"Decrescente";"Céu Claro";"Simples";"Reta";"Não";3;0;0;1;2;0;1;3;-29,363659;-52,065296;"SPRF-RS";"DEL04-RS";"UOP01-DEL04-RS"
345893;2021-03-12;"sexta-feira";"14:15:00";"MT";163;718,3;"SORRISO";"Condutor deixou de manter distância do veículo da frente";"Colisão transversal";"Com Vítimas Feridas";"Pleno dia";"Decrescente";"Garoa/Chuvisco";"Simples";"Reta";"Não";5;0;0;3;1;2;3;4;-12,93757589;-55,86235328;"SPRF-MT";"DEL06-MT";"UOP01-DEL06-MT"
345900;2021-03-12;"sexta-feira";"17:40:00";"MA";10;272,4;"IMPERATRIZ";"Ingestão de álcool pelo condutor";"Colisão lateral sentido oposto";"Com Vítimas Feridas";"Anoitecer";"Crescente";"Céu Claro";"Simples";"Reta";"Não";3;0;1;0;2;0;1;3;-5,356215;-47,483128;"SPRF-MA";"DEL04-MA";"UOP01-DEL04-MA"
345912;2021-03-12;"sexta-feira";"19:30:00";"SP";116;568;"BARRA DO TURVO";"Demais falhas mecânicas ou elétricas";"Incêndio";"Sem Vítimas";"Plena Noite";"Crescente";"Céu Claro";"Simples";"Curva";"Não";3;0;0;0;2;2;0;3;-25,055473;-48,55555216;"SPRF-SP";"DEL05-SP";"UOP02-DEL05-SP"
345915;2021-03-12;"sexta-feira";"18:00:00";"PA";316;89;"SAO FRANCISCO DO PARA";"Acessar a via sem observar a presença dos outros veículos";"Colisão lateral mesmo sentido";"Com Vítimas Feridas";"Anoitecer";"Decrescente";"Chuva";"Simples";"Reta";"Não";5;0;1;0;4;0;1;2;-1,3179079;-47,70074398;"SPRF-PA";"DEL01-PA";"UOP02-DEL01-PA"
345918;2021-03-12;"sexta-feira";"20:00:00";"DF";20;20;"BRASILIA";"Velocidade Incompatível";"Colisão traseira";"Com Vítimas Feridas";"Pleno dia";"Crescente";"Chuva";"Dupla";"Aclive;Reta";"Sim";5;0;1;1;1;3;2;6;-15,607905;-47,692791;"SPRF-DF";"DEL02-DF";"UOP01-DEL02-DF"
345933;2021-03-12;"sexta-feira";"20:40:00";"MG";50;169;"UBERABA";"Ausência de reação do condutor";"Colisão traseira";"Sem Vítimas";"Plena Noite";"Crescente";"Céu Claro";"Dupla";"Declive";"Não";2;0;0;0;1;1;0;2;-19,72771598;-47,98120608;"SPRF-MG";"DEL13-MG";"UOP01-DEL13-MG"
345940;2021-03-12;"sexta-feira";"20:10:00";"PR";163;247;"TOLEDO";"Transitar na contramão";"Colisão frontal";"Com Vítimas Fatais";"Plena Noite";"Decrescente";"Céu Claro";"Simples";"Reta";"Sim";4;1;0;1;1;2;1;4;-24,717822;-53,711597;"SPRF-PR";"DEL06-PR";"UOP02-DEL06-PR"
345943;2021-03-12;"sexta-feira";"22:35:00";"SC";282;16,3;"PALHOCA";"Ingestão de álcool pelo condutor";"Colisão transversal";"Sem Vítimas";"Plena Noite";"Crescente";"Nublado";"Simples";"Interseção de Vias";"Sim";2;0;0;0;2;0;0;2;-27,658611;-48,681847;"SPRF-SC";"DEL01-SC";"UOP02-DEL01-SC"
345952;2021-03-12;"sexta-feira";"23:01:00";"RJ";101;22;"CAMPOS DOS GOYTACAZES";"Reação tardia ou ineficiente do condutor";"Colisão traseira";"Com Vítimas Feridas";"Plena Noite";"Crescente";"Céu Claro";"Simples";"Reta";"Não";3;0;1;0;1;1;1;3;-21,39961503;-41,34568125;"SPRF-RJ";"DEL08-RJ";"UOP01-DEL08-RJ"
345963;2021-03-13;"sábado";"03:16:00";"TO";153;234;"COLINAS DO TOCANTINS";"Transitar na contramão";"Colisão lateral sentido oposto";"Sem Vítimas";"Plena Noite";"Crescente";"Garoa/Chuvisco";"Simples";"Reta";"Não";2;0;0;0;1;1;0;2;-7,94085204;-48,46543729;"SPRF-TO";"DEL02-TO";"UOP01-DEL02-TO"
345965;2021-03-13;"sábado";"04:00:00";"PR";376;596;"CURITIBA";"Pedestre andava na pista";"Atropelamento de Pedestre";"Com Vítimas Fatais";"Plena Noite";"Decrescente";"Nublado";"Dupla";"Reta";"Sim";3;2;0;0;0;1;0;3;-25,50194708;-49,3415524;"SPRF-PR";"DEL01-PR";"UOP01-DEL01-PR"
345968;2021-03-13;"sábado";"03:20:00";"RJ";116;92;"GUAPIMIRIM";"Acessar a via sem observar a presença dos outros veículos";"Colisão frontal";"Com Vítimas Fatais";"Plena Noite";"Decrescente";"Céu Claro";"Simples";"Reta";"Não";2;1;0;0;1;0;0;2;-22,46152095;-42,98311201;"SPRF-RJ";"DEL04-RJ";"UOP02-DEL04-RJ"
345970;2021-03-13;"sábado";"00:30:00";"RS";290;80;"GRAVATAI";"Ausência de reação do condutor";"Saída de leito carroçável";"Com Vítimas Feridas";"Plena Noite";"Crescente";"Céu Claro";"Dupla";"Curva";"Sim";1;0;1;0;0;0;1;1;-29,95343;-51,058449;"SPRF-RS";"DEL01-RS";"UOP01-DEL01-RS"
345971;2021-03-13;"sábado";"05:35:00";"RS";386;116,6;"SARANDI";"Transitar na contramão";"Colisão lateral sentido oposto";"Com Vítimas Feridas";"Amanhecer";"Crescente";"Céu Claro";"Simples";"Reta";"Não";4;0;2;0;1;1;2;4;-27,846354;-53,017323;"SPRF-RS";"DEL08-RS";"UOP01-DEL08-RS"
345973;2021-03-12;"sexta-feira";"23:00:00";"BA";116;733,9;"BOA NOVA";"Reação tardia ou ineficiente do condutor";"Saída de leito carroçável";"Sem Vítimas";"Plena Noite";"Decrescente";"Céu Claro";"Simples";"Reta";"Não";2;0;0;0;1;1;0;2;-14,29800003;-40,31404596;"SPRF-BA";"DEL08-BA";"UOP02-DEL08-BA"
345976;2021-03-13;"sábado";"06:40:00";"SC";101;133,7;"BALNEARIO CAMBORIU";"Reação tardia ou ineficiente do condutor";"Colisão traseira";"Com Vítimas Feridas";"Pleno dia";"Crescente";"Sol";"Múltipla";"Reta";"Sim";3;0;1;0;1;1;1;3;-26,99936;-48,64609;"SPRF-SC";"DEL04-SC";"UOP03-DEL04-SC"
345977;2021-03-12;"sexta-feira";"23:00:00";"MA";10;294,8;"SAO FRANCISCO DO BREJAO";"Acessar a via sem observar a presença dos outros veículos";"Colisão transversal";"Com Vítimas Fatais";"Plena Noite";"Decrescente";"Céu Claro";"Simples";"Interseção de Vias";"Não";2;1;0;0;0;1;0;2;-5,165295;-47,534004;"SPRF-MA";"DEL04-MA";"UOP01-DEL04-MA"
345978;2021-03-12;"sexta-feira";"23:35:00";"ES";262;6,9;"CARIACICA";"Reação tardia ou ineficiente do condutor";"Colisão lateral mesmo sentido";"Com Vítimas Feridas";"Plena Noite";"Crescente";"Nublado";"Dupla";"Viaduto;Desvio Temporário";"Sim";4;0;1;1;2;0;2;3;-20,34301741;-40,40402412;"SPRF-ES";"DEL01-ES";"UOP01-DEL01-ES"
345982;2021-03-13;"sábado";"05:50:00";"PR";153;18,5;"JACAREZINHO";"Condutor Dormindo";"Colisão lateral sentido oposto";"Sem Vítimas";"Pleno dia";"Decrescente";"Céu Claro";"Simples";"Reta";"Sim";4;0;0;0;3;1;0;3;-23,14321582;-49,94911225;"SPRF-PR";"DEL07-PR";"UOP04-DEL07-PR"
345984;2021-03-13;"sábado";"07:00:00";"PR";163;272;"GUAIRA";"Ingestão de álcool pelo condutor";"Colisão frontal";"Sem Vítimas";"Pleno dia";"Crescente";"Sol";"Simples";"Reta";"Não";2;0;0;0;2;0;0;2;-24,106023;-54,238248;"SPRF-PR";"DEL06-PR";"UOP02-DEL06-PR"
345987;2021-03-13;"sábado";"06:30:00";"CE";304;60;"ARACATI";"Acumulo de água sobre o pavimento";"Saída de leito carroçável";"Com Vítimas Feridas";"Pleno dia";"Crescente";"Chuva";"Simples";"Curva";"Não";2;0;1;0;0;1;1;2;-4,59660876;-37,67775791;"SPRF-CE";"DEL03-CE";"UOP03-DEL03-CE"
345989;2021-03-13;"sábado";"07:40:00";"CE";116;13;"FORTALEZA";"Reação tardia ou ineficiente do condutor";"Colisão lateral mesmo sentido";"Com Vítimas Feridas";"Pleno dia";"Decrescente";"Céu Claro";"Múltipla";"Reta";"Sim";2;0;1;0;0;1;1;2;-3,86088501;-38,49715296;"SPRF-CE";"DEL01-CE";"UOP02-DEL01-CE"
345991;2021-03-13;"sábado";"04:00:00";"BA";110;8,8;"PAULO AFONSO";"Acessar a via sem observar a presença dos outros veículos";"Atropelamento de Pedestre";"Com Vítimas Fatais";"Plena Noite";"Crescente";"Céu Claro";"Simples";"Reta";"Não";2;1;0;0;0;1;0;2;-9,52339808;-38,21951951;"SPRF-BA";"DEL07-BA";"UOP01-DEL07-BA"
345992;2021-03-13;"sábado";"07:40:00";"PE";232;384;"CALUMBI";"Acostamento em desnível";"Tombamento";"Sem Vítimas";"Pleno dia";"Crescente";"Céu Claro";"Simples";"Declive";"Não";2;0;0;0;1;3;0;4;-8,03828375;-38,08568995;"SPRF-PE";"DEL04-PE";"UOP01-DEL04-PE"
345993;2021-03-13;"sábado";"07:50:00";"RS";290;316,6;"CACAPAVA DO SUL";"Problema com o freio";"Colisão lateral sentido oposto";"Com Vítimas Feridas";"Pleno dia";"Crescente";"Céu Claro";"Simples";"Interseção de Vias";"Não";4;0;1;0;1;2;1;4;-30,364492;-53,349144;"SPRF-RS";"DEL09-RS";"UOP02-DEL09-RS"
345997;2021-03-13;"sábado";"08:15:00";"MG";146;510;"POCOS DE CALDAS";"Velocidade Incompatível";"Tombamento";"Com Vítimas Feridas";"Pleno dia";"Decrescente";"Céu Claro";"Simples";"Curva;Declive";"Não";2;0;2;0;0;0;2;1;-21,772579;-46,421833;"SPRF-MG";"DEL09-MG";"UOP01-DEL09-MG"