"id";"data_inversa";"dia_semana";"horario";"uf";"br";"km";"municipio";"causa_acidente";"tipo_acidente";"classificacao_acidente";"fase_dia";"sentido_via";"condicao_metereologica";"tipo_pista";"tracado_via";"uso_solo";"pessoas";"mortos";"feridos_leves";"feridos_graves";"ilesos";"ignorados";"feridos";"veiculos";"latitude";"longitude";"regional";"delegacia";"uop"
345999;2021-01-28;"quinta-feira";"10:40:00";"PR";277;108;"CAMPO LARGO";"Acessar a via sem observar a presença dos outros veículos";"Colisão transversal";"Com Vítimas Feridas";"Pleno dia";"Crescente";"Garoa/Chuvisco";"Dupla";"Retorno Regulamentado";"Sim";3;0;0;1;2;0;1;3;-25,43794;-49,445692;"SPRF-PR";"DEL01-PR";"UOP03-DEL03-PR"
346000;2021-03-13;"sábado";"08:20:00";"PA";163;980;"SANTAREM";"Acostamento em desnível";"Tombamento";"Com Vítimas Feridas";"Pleno dia";"Decrescente";"Nublado";"Simples";"Curva";"Não";2;0;1;0;0;1;1;2;-2,63482156;-54,74836014;"SPRF-PA";"DEL05-PA";"UOP01-DEL05-PA"
346002;2021-03-13;"sábado";"07:45:00";"MG";262;390,2;"MATEUS LEME";"Condutor Dormindo";"Saída de leito carroçável";"Com Vítimas Feridas";"Pleno dia";"Crescente";"Céu Claro";"Dupla";"Reta";"Não";1;0;1;0;0;0;1;1;-19,93170721;-44,45941636;"SPRF-MG";"DEL01-MG";"UOP03-DEL01-MG"
346006;2021-03-13;"sábado";"09:25:00";"ES";101;259;"SERRA";"Pedestre andava na pista";"Atropelamento de Pedestre";"Com Vítimas Fatais";"Pleno dia";"Crescente";"Céu Claro";"Dupla";"Aclive";"Sim";3;1;0;0;1;1;0;3;-20,138397;-40,292213;"SPRF-ES";"DEL02-ES";"UOP01-DEL02-ES"
346010;2021-03-13;"sábado";"09:50:00";"PR";277;720;"FOZ DO IGUACU";"Reação tardia ou ineficiente do condutor";"Colisão frontal";"Com Vítimas Feridas";"Pleno dia";"Decrescente";"Céu Claro";"Dupla";"Reta";"Sim";3;0;2;0;0;1;2;3;-25,48750984;-54,50317706;"SPRF-PR";"DEL05-PR";"UOP03-DEL05-PR"
346011;2021-03-13;"sábado";"10:15:00";"PR";376;590;"CURITIBA";"Reação tardia ou ineficiente do condutor";"Colisão traseira";"Com Vítimas Feridas";"Pleno dia";"Decrescente";"Céu Claro";"Dupla";"Reta";"Não";3;0;1;0;1;1;1;3;-25,45155592;-49,36237578;"SPRF-PR";"DEL01-PR";"UOP01-DEL01-PR"
346012;2021-03-13;"sábado";"02:20:00";"BA";242;512;"OLIVEIRA DOS BREJINHOS";"Manobra de mudança de faixa";"Colisão frontal";"Com Vítimas Fatais";"Plena Noite";"Decrescente";"Céu Claro";"Simples";"Reta";"Não";3;1;0;1;1;0;1;2;-12,32962784;-42,55392094;"SPRF-BA";"DEL06-BA";"UOP01-DEL06-BA"
346022;2021-03-13;"sábado";"11:40:00";"RS";386;350,1;"ESTRELA";"Reação tardia ou ineficiente do condutor";"Saída de leito carroçável";"Com Vítimas Fatais";"Pleno dia";"Decrescente";"Sol";"Dupla";"Ponte;Reta";"Não";2;1;0;0;0;1;0;2;-29,47583018;-51,95296705;"SPRF-RS";"DEL04-RS";"UOP02-DEL04-RS"
346023;2021-03-13;"sábado";"12:17:00";"MG";381;654;"SANTO ANTONIO DO AMPARO";"Velocidade Incompatível";"Tombamento";"Com Vítimas Feridas";"Pleno dia";"Decrescente";"Céu Claro";"Dupla";"Aclive;Curva";"Não";2;0;1;0;0;2;1;3;-20,99437964;-44,96041633;"SPRF-MG";"DEL04-MG";"UOP02-DEL04-MG"
346024;2021-03-13;"sábado";"07:00:00";"MT";163;650,3;"LUCAS DO RIO VERDE";"Condutor deixou de manter distância do veículo da frente";"Colisão frontal";"Sem Vítimas";"Pleno dia";"Crescente";"Garoa/Chuvisco";"Simples";"Reta";"Não";4;0;0;0;3;4;0;7;-13,47948624;-56,06252934;"SPRF-MT";"DEL06-MT";"UOP01-DEL06-MT"
346028;2021-03-13;"sábado";"13:14:00";"SC";101;134,3;"BALNEARIO CAMBORIU";"Acessar a via sem observar a presença dos outros veículos";"Colisão lateral mesmo sentido";"Com Vítimas Feridas";"Pleno dia";"Decrescente";"Céu Claro";"Simples";"Reta";"Sim";2;0;1;0;1;0;1;2;-27,00218;-48,636433;"SPRF-SC";"DEL04-SC";"UOP03-DEL04-SC"
346035;2021-03-13;"sábado";"10:30:00";"MG";381;172,9;"GOVERNADOR VALADARES";"Velocidade Incompatível";"Tombamento";"Com Vítimas Feridas";"Pleno dia";"Decrescente";"Céu Claro";"Simples";"Curva";"Não";2;0;1;0;0;1;1;2;-18,98622096;-42,10906603;"SPRF-MG";"DEL06-MG";"UOP01-DEL06-MG"
346036;2021-03-13;"sábado";"14:00:00";"MT";364;439;"VARZEA GRANDE";"Pista Escorregadia";"Tombamento";"Com Vítimas Fatais";"Pleno dia";"Crescente";"Chuva";"Simples";"Curva";"Não";3;1;0;0;1;5;0;7;-15,60584291;-56,20262146;"SPRF-MT";"DEL01-MT";"UOP02-DEL01-MT"
346039;2021-03-13;"sábado";"15:00:00";"RS";471;163,7;"RIO PARDO";"Manobra de mudança de faixa";"Saída de leito carroçável";"Sem Vítimas";"Pleno dia";"Decrescente";"Céu Claro";"Simples";"Declive";"Sim";1;0;0;0;1;0;0;1;-29,89328522;-52,3927474;"SPRF-RS";"DEL02-RS";"UOP03-DEL02-RS"
346040;2021-03-13;"sábado";"14:45:00";"MT";163;539;"DIAMANTINO";"Manobra de mudança de faixa";"Colisão lateral sentido oposto";"Com Vítimas Fatais";"Pleno dia";"Crescente";"Chuva";"Simples";"Declive";"Não";3;1;0;0;1;4;0;6;-14,39101303;-56,11636404;"SPRF-MT";"DEL01-MT";"UOP01-DEL01-MT"
346042;2021-02-19;"sexta-feira";"00:40:00";"CE";304;2,8;"BEBERIBE";"Animais na Pista";"Atropelamento de Animal";"Com Vítimas Fatais";"Plena Noite";"Crescente";"Céu Claro";"Simples";"Reta";"Não";2;1;0;0;0;1;0;2;-4,5901699;-38,193499;"SPRF-CE";"DEL03-CE";"UOP03-DEL03-CE"
346047;2021-03-13;"sábado";"14:45:00";"SC";101;310,9;"LAGUNA";"Manobra de mudança de faixa";"Colisão lateral mesmo sentido";"Com Vítimas Feridas";"Pleno dia";"Crescente";"Céu Claro";"Dupla";"Curva;Viaduto;Aclive";"Sim";7;0;4;1;1;1;5;3;-28,41679416;-48,79529064;"SPRF-SC";"DEL02-SC";"UOP01-DEL02-SC"
346052;2021-03-13;"sábado";"16:30:00";"RS";472;577;"URUGUAIANA";"Manobra de mudança de faixa";"Colisão transversal";"Com Vítimas Feridas";"Pleno dia";"Decrescente";"Céu Claro";"Simples";"Reta";"Sim";4;0;1;0;1;2;1;4;-29,78333772;-57,07090616;"SPRF-RS";"DEL13-RS";"UOP01-DEL13-RS"
346055;2021-03-13;"sábado";"16:00:00";"BA";242;780;"BARREIRAS";"Chuva";"Saída de leito carroçável";"Com Vítimas Feridas";"Pleno dia";"Crescente";"Chuva";"Simples";"Curva";"Não";3;0;1;0;1;2;1;3;-12,14540327;-44,71263885;"SPRF-BA";"DEL10-BA";"UOP01-DEL10-BA"
346057;2021-03-13;"sábado";"12:30:00";"MG";381;737;"TRES CORACOES";"Velocidade Incompatível";"Tombamento";"Com Vítimas Feridas";"Pleno dia";"Crescente";"Céu Claro";"Dupla";"Declive;Curva";"Não";2;0;1;0;0;1;1;2;-21,59740119;-45,23880352;"SPRF-MG";"DEL16-MG";"UOP02-DEL16-MG"
346059;2021-03-13;"sábado";"17:15:00";"MG";262;893;"CAMPO FLORIDO";"Demais falhas mecânicas ou elétricas";"Saída de leito carroçável";"Com Vítimas Feridas";"Anoitecer";"Decrescente";"Céu Claro";"Simples";"Aclive";"Não";1;0;1;0;0;0;1;1;-19,76694276;-48,58091387;"SPRF-MG";"DEL13-MG";"UOP02-DEL13-MG"
346060;2021-03-13;"sábado";"16:00:00";"SC";101;368,8;"ICARA";"Ausência de reação do condutor";"Colisão traseira";"Com Vítimas Feridas";"Pleno dia";"Crescente";"Sol";"Dupla";"Aclive";"Sim";2;0;1;0;1;0;1;2;-28,6957326;-49,17347228;"SPRF-SC";"DEL02-SC";"UOP01-DEL02-SC"
346066;2021-03-13;"sábado";"15:50:00";"RJ";101;210;"CASIMIRO DE ABREU";"Condutor deixou de manter distância do veículo da frente";"Colisão traseira";"Sem Vítimas";"Pleno dia";"Crescente";"Nublado";"Dupla";"Curva";"Não";2;0;0;0;2;0;0;2;-22,48164701;-42,23710101;"SPRF-RJ";"DEL08-RJ";"UOP04-DEL08-RJ"
346070;2021-03-13;"sábado";"11:10:00";"MG";40;213;"JOAO PINHEIRO";"Frear bruscamente";"Colisão lateral sentido oposto";"Com Vítimas Feridas";"Pleno dia";"Crescente";"Céu Claro";"Simples";"Curva";"Não";4;0;1;0;2;3;1;6;-17,96471403;-45,71192059;"SPRF-MG";"DEL14-MG";"UOP02-DEL14-MG"
346071;2021-03-13;"sábado";"16:00:00";"ES";101;183,5;"ARACRUZ";"Carga excessiva e/ou mal acondicionada";"Derramamento de carga";"Com Vítimas Feridas";"Pleno dia";"Decrescente";"Céu Claro";"Simples";"Curva;Aclive";"Não";2;0;1;0;0;1;1;2;-19,65202676;-40,23156881;"SPRF-ES";"DEL04-ES";"UOP01-DEL04-ES"
346073;2021-03-13;"sábado";"18:50:00";"PE";101;66;"RECIFE";"Condutor deixou de manter distância do veículo da frente";"Colisão traseira";"Sem Vítimas";"Plena Noite";"Decrescente";"Céu Claro";"Dupla";"Viaduto";"Sim";2;0;0;0;0;2;0;2;-8,03368534;-34,94184125;"SPRF-PE";"DEL01-PE";"UOP01-DEL01-PE"
346077;2021-03-13;"sábado";"16:00:00";"MA";10;375,9;"ITINGA DO MARANHAO";"Condutor deixou de manter distância do veículo da frente";"Colisão traseira";"Com Vítimas Fatais";"Pleno dia";"Crescente";"Céu Claro";"Simples";"Reta";"Sim";2;1;0;0;0;1;0;2;-4,471299;-47,516045;"SPRF-MA";"DEL04-MA";"UOP03-DEL04-MA"
346081;2021-03-13;"sábado";"19:00:00";"BA";116;467;"SANTO ESTEVAO";"Transitar no acostamento";"Colisão traseira";"Com Vítimas Feridas";"Plena Noite";"Decrescente";"Céu Claro";"Dupla";"Reta";"Não";3;0;0;1;1;2;1;4;-12,45626515;-39,26217393;"SPRF-BA";"DEL02-BA";"UOP01-DEL02-BA"
346082;2021-03-13;"sábado";"19:30:00";"PR";116;132;"FAZENDA RIO GRANDE";"Condutor deixou de manter distância do veículo da frente";"Colisão transversal";"Com Vítimas Feridas";"Plena Noite";"Crescente";"Céu Claro";"Simples";"Viaduto";"Sim";2;0;1;0;1;0;1;2;-25,65733698;-49,31212612;"SPRF-PR";"DEL01-PR";"UOP03-DEL01-PR"
346084;2021-03-13;"sábado";"15:00:00";"PR";153;510;"GENERAL CARNEIRO";"Ausência de reação do condutor";"Capotamento";"Sem Vítimas";"Pleno dia";"Crescente";"Céu Claro";"Simples";"Curva";"Não";2;0;0;0;1;1;0;2;-26,54062291;-51,41189575;"SPRF-PR";"DEL02-PR";"UOP03-DEL02-PR"
346089;2021-03-13;"sábado";"18:25:00";"MT";163;1045,8;"MATUPA";"Ultrapassagem Indevida";"Colisão frontal";"Com Vítimas Fatais";"Anoitecer";"Decrescente";"Céu Claro";"Simples";"Curva";"Sim";4;1;0;0;1;4;0;6;-10,12;-54,933;"SPRF-MT";"DEL06-MT";"NPF/DEL06-MT"
346090;2021-03-13;"sábado";"18:45:00";"MT";364;204,1;"RONDONOPOLIS";"Manobra de mudança de faixa";"Colisão lateral mesmo sentido";"Com Vítimas Fatais";"Plena Noite";"Crescente";"Céu Claro";"Dupla";"Reta";"Sim";4;1;0;0;1;2;0;4;-16,46349224;-54,65882594;"SPRF-MT";"DEL02-MT";"UOP01-DEL02-MT"
346100;2021-03-13;"sábado";"20:10:00";"SC";470;124,1;"IBIRAMA";"Ingestão de álcool pelo condutor";"Colisão frontal";"Sem Vítimas";"Plena Noite";"Crescente";"Chuva";"Simples";"Declive";"Não";3;0;0;0;2;1;0;3;-27,113192;-49,529163;"SPRF-SC";"DEL04-SC";"UOP02-DEL04-SC"
346104;2021-03-13;"sábado";"19:55:00";"RN";405;94;"ITAU";"Demais falhas mecânicas ou elétricas";"Tombamento";"Sem Vítimas";"Plena Noite";"Crescente";"Nublado";"Simples";"Declive;Curva";"Não";2;0;0;0;1;2;0;3;-5,7559714;-37,88561571;"SPRF-RN";"DEL04-RN";"UOP02-DEL04-RN"
346107;2021-03-13;"sábado";"13:30:00";"MG";381;815,1;"CAREACU";"Carga excessiva e/ou mal acondicionada";"Tombamento";"Sem Vítimas";"Pleno dia";"Decrescente";"Nublado";"Dupla";"Curva";"Não";2;0;0;0;1;1;0;2;-22,08771284;-45,70503017;"SPRF-MG";"DEL16-MG";"UOP02-DEL16-MG"
346119;2021-03-13;"sábado";"21:40:00";"MS";163;259,4;"DOURADOS";"Velocidade Incompatível";"Tombamento";"Com Vítimas Feridas";"Plena Noite";"Crescente";"Céu Claro";"Dupla";"Reta";"Não";2;0;1;0;0;1;1;2;-22,25258409;-54,77697385;"SPRF-MS";"DEL04-MS";"UOP01-DEL04-MS"
346122;2021-03-13;"sábado";"19:30:00";"RO";435;79;"VILHENA";"Problema com o freio";"Saída de leito carroçável";"Sem Vítimas";"Plena Noite";"Decrescente";"Céu Claro";"Simples";"Declive";"Não";2;0;0;0;1;2;0;3;-13,02127695;-60,40308949;"SPRF-RO";"DEL04-RO";"UOP02-DEL04-RO"
346124;2021-03-13;"sábado";"21:00:00";"SC";282;539,7;"CHAPECO";"Ingestão de álcool pelo condutor";"Colisão frontal";"Com Vítimas Feridas";"Plena Noite";"Decrescente";"Céu Claro";"Simples";"Curva";"Não";2;0;1;0;1;0;1;2;-26,99157474;-52,68702865;"SPRF-SC";"DEL07-SC";"UOP01-DEL07-SC"
346125;2021-03-13;"sábado";"19:40:00";"MS";262;639;"MIRANDA";"Condutor Dormindo";"Colisão com objeto";"Com Vítimas Feridas";"Plena Noite";"Crescente";"Céu Claro";"Simples";"Reta";"Não";3;0;1;0;0;2;1;3;-19,80762548;-56,93244123;"SPRF-MS";"DEL03-MS";"UOP02-DEL03-MS"
346127;2021-03-13;"sábado";"23:00:00";"MG";262;633,7;"IBIA";"Reação tardia ou ineficiente do condutor";"Colisão traseira";"Com Vítimas Feridas";"Plena Noite";"Decrescente";"Céu Claro";"Simples";"Reta";"Não";5;0;2;1;1;1;3;3;-19,59188925;-46,4810096;"SPRF-MG";"DEL08-MG";"UOP01-DEL08-MG"
346129;2021-03-13;"sábado";"23:15:00";"PR";116;66;"CAMPINA GRANDE DO SUL";"Condutor deixou de manter distância do veículo da frente";"Colisão traseira";"Com Vítimas Feridas";"Plena Noite";"Crescente";"Nublado";"Dupla";"Reta";"Não";3;0;2;0;1;0;2;2;-25,31033956;-49,01212903;"SPRF-PR";"DEL01-PR";"UOP02-DEL01-PR"
346137;2021-03-13;"sábado";"23:15:00";"SC";280;0,2;"SAO FRANCISCO DO SUL";"Ausência de reação do condutor";"Colisão traseira";"Com Vítimas Feridas";"Plena Noite";"Decrescente";"Ignorado";"Simples";"Reta";"Sim";3;0;1;0;1;1;1;3;-26,241474;-48,63486;"SPRF-SC";"DEL03-SC";"UOP03-DEL03-SC"
346140;2021-03-13;"sábado";"18:20:00";"MT";70;541,3;"NOSSA SENHORA DO LIVRAMENTO";"Acessar a via sem observar a presença dos outros veículos";"Colisão frontal";"Com Vítimas Fatais";"Plena Noite";"Decrescente";"Céu Claro";"Simples";"Reta";"Não";3;1;0;0;1;1;0;3;-15,67903671;-56,3107807;"SPRF-MT";"DEL03-MT";"UOP02-DEL03-MT"
346143;2021-03-14;"domingo";"02:00:00";"SC";101;218;"PALHOCA";"Ingestão de álcool pelo condutor";"Saída de leito carroçável";"Sem Vítimas";"Pleno dia";"Decrescente";"Céu Claro";"Dupla";"Reta";"Sim";1;0;0;0;1;0;0;1;-27,6758601;-48,67052525;"SPRF-SC";"DEL01-SC";"UOP02-DEL01-SC"
346145;2021-03-14;"domingo";"02:45:00";"MG";381;753,8;"TRES CORACOES";"Condutor Dormindo";"Tombamento";"Com Vítimas Feridas";"Plena Noite";"Crescente";"Nublado";"Dupla";"Reta";"Não";2;0;1;0;0;1;1;2;-21,67856574;-45,34113742;"SPRF-MG";"DEL16-MG";"UOP02-DEL16-MG"
346157;2021-03-14;"domingo";"05:45:00";"RJ";356;23;"ITAPERUNA";"Reação tardia ou ineficiente do condutor";"Tombamento";"Com Vítimas Feridas";"Amanhecer";"Decrescente";"Céu Claro";"Simples";"Aclive";"Não";2;0;1;0;0;2;1;3;-21,18026434;-41,98292495;"SPRF-RJ";"DEL08-RJ";"UOP03-DEL08-RJ"
346158;2021-03-14;"domingo";"03:20:00";"MA";135;34;"BACABEIRA";"Condutor Dormindo";"Saída de leito carroçável";"Sem Vítimas";"Plena Noite";"Crescente";"Nublado";"Dupla";"Reta";"Não";2;0;0;0;1;3;0;4;-2,840086;-44,37459507;"SPRF-MA";"DEL01-MA";"UOP01-DEL01-MA"
346165;2021-03-14;"domingo";"07:16:00";"TO";153;716,1;"CARIRI DO TOCANTINS";"Manobra de mudança de faixa";"Colisão frontal";"Com Vítimas Fatais";"Pleno dia";"Decrescente";"Chuva";"Simples";"Reta";"Não";3;1;0;0;1;1;0;3;-12,09047703;-49,19484204;"SPRF-TO";"DEL01-TO";"UOP02-DEL01-TO"
346167;2021-03-14;"domingo";"07:00:00";"MG";381;931,1;"ITAPEVA";"Velocidade Incompatível";"Tombamento";"Com Vítimas Feridas";"Pleno dia";"Decrescente";"Céu Claro";"Dupla";"Curva";"Não";2;0;1;0;0;1;1;2;-22,78718464;-46,24195088;"SPRF-MG";"DEL16-MG";"UOP03-DEL16-MG"
346172;2021-03-14;"domingo";"08:46:00";"SC";101;277;"IMBITUBA";"Pedestre cruzava a pista fora da faixa";"Atropelamento de Pedestre";"Com Vítimas Feridas";"Pleno dia";"Crescente";"Céu Claro";"Dupla";"Declive";"Sim";3;0;0;1;1;2;1;4;-28,15478103;-48,69265474;"SPRF-SC";"DEL02-SC";"UOP03-DEL02-SC"
346175;2021-03-14;"domingo";"08:00:00";"RJ";101;290;"ITABORAI";"Manobra de mudança de faixa";"Colisão lateral mesmo sentido";"Com Vítimas Feridas";"Pleno dia";"Crescente";"Céu Claro";"Dupla";"Reta";"Sim";2;0;1;0;1;0;1;2;-22,76708384;-42,86081305;"SPRF-RJ";"DEL02-RJ";"UOP03-DEL02-RJ"
346176;2021-03-14;"domingo";"00:00:00";"MA";230;372;"BALSAS";"Condutor Dormindo";"Tombamento";"Com Vítimas Feridas";"Plena Noite";"Decrescente";"Céu Claro";"Simples";"Reta";"Não";2;0;1;0;0;2;1;3;-7,26290583;-45,91897233;"SPRF-MA";"DEL05-MA";"UOP01-DEL05-MA"
346177;2021-03-14;"domingo";"09:40:00";"RJ";101;136;"MACAE";"Condutor Dormindo";"Colisão traseira";"Com Vítimas Feridas";"Pleno dia";"Crescente";"Céu Claro";"Dupla";"Reta";"Não";2;0;1;0;1;0;1;2;-22,16283807;-41,74187091;"SPRF-RJ";"DEL08-RJ";"UOP04-DEL08-RJ"
346179;2021-03-14;"domingo";"07:20:00";"MT";174;119;"MIRASSOL DOESTE";"Velocidade Incompatível";"Capotamento";"Com Vítimas Feridas";"Pleno dia";"Decrescente";"Céu Claro";"Simples";"Curva";"Não";2;0;0;1;0;2;1;3;-15,82133288;-58,04157968;"SPRF-MT";"DEL03-MT";"UOP01-DEL03-MT"
346184;2021-02-14;"domingo";"14:32:00";"MT";158;610,2;"AGUA BOA";"Condutor Dormindo";"Colisão lateral sentido oposto";"Com Vítimas Fatais";"Pleno dia";"Decrescente";"Céu Claro";"Simples";"Reta";"Não";3;1;0;0;1;3;0;5;-14,39699431;-52,19614486;"SPRF-MT";"DEL07-MT";"UOP02-DEL07-MT"
346186;2021-03-14;"domingo";"08:20:00";"RJ";40;3;"COMENDADOR LEVY GASPARIAN";"Velocidade Incompatível";"Tombamento";"Com Vítimas Feridas";"Pleno dia";"Crescente";"Céu Claro";"Dupla";"Curva";"Não";2;0;1;0;0;1;1;2;-22,00844904;-43,24336605;"SPRF-RJ";"DEL05-RJ";"UOP02-DEL05-RJ"
346192;2021-01-29;"sexta-feira";"15:50:00";"ES";262;58,3;"MARECHAL FLORIANO";"Ausência de reação do condutor";"Colisão transversal";"Com Vítimas Fatais";"Pleno dia";"Crescente";"Céu Claro";"Simples";"Interseção de Vias;Curva";"Não";2;1;0;0;1;0;0;2;-20,42260902;-40,77548862;"SPRF-ES";"DEL01-ES";"UOP01-DEL01-ES"
346194;2021-03-14;"domingo";"13:00:00";"RJ";116;169;"SAO JOAO DE MERITI";"Condutor deixou de manter distância do veículo da frente";"Colisão traseira";"Com Vítimas Fatais";"Pleno dia";"Decrescente";"Céu Claro";"Dupla";"Reta";"Sim";3;1;0;0;2;0;0;3;-22,816206;-43,324463;"SPRF-RJ";"DEL01-RJ";"UOP02-DEL01-RJ"
346198;2021-03-14;"domingo";"12:25:00";"MT";364;1166;"CAMPOS DE JULIO";"Transitar na contramão";"Colisão frontal";"Com Vítimas Fatais";"Pleno dia";"Decrescente";"Céu Claro";"Simples";"Curva";"Não";8;1;3;2;1;1;5;3;-13,6736766;-59,17819977;"SPRF-MT";"DEL04-MT";"UOP01-DEL04-MT"
346202;2021-03-14;"domingo";"09:30:00";"MG";381;316;"NOVA ERA";"Velocidade Incompatível";"Tombamento";"Com Vítimas Feridas";"Pleno dia";"Crescente";"Céu Claro";"Simples";"Curva";"Não";4;0;0;4;0;0;4;2;-19,69896406;-42,99486928;"SPRF-MG";"DEL03-MG";"UOP02-DEL03-MG"
346204;2021-03-14;"domingo";"14:20:00";"PR";0;0;"CASCAVEL";"Ingestão de álcool pelo condutor";"Colisão lateral sentido oposto";"Com Vítimas Feridas";"Plena Noite";"Não Informado";"Sol";"Simples";"Curva";"Não";3;0;1;0;1;2;1;4;-24,8386;-53,3091;"SPRF-PR";"DEL04-PR";"UOP01-DEL04-PR"
346207;2021-03-14;"domingo";"15:50:00";"SP";116;512;"CAJATI";"Demais falhas mecânicas ou elétricas";"Colisão traseira";"Com Vítimas Feridas";"Pleno dia";"Decrescente";"Céu Claro";"Dupla";"Declive;Curva";"Não";3;0;0;1;1;1;1;3;-24,84304306;-48,22027915;"SPRF-SP";"DEL05-SP";"UOP02-DEL05-SP"
346212;2021-03-14;"domingo";"15:20:00";"GO";153;203;"URUACU";"Reação tardia ou ineficiente do condutor";"Tombamento";"Sem Vítimas";"Pleno dia";"Decrescente";"Chuva";"Simples";"Declive;Reta";"Não";1;0;0;0;1;0;0;1;-14,537633;-49,161839;"SPRF-GO";"DEL07-GO";"UOP02-DEL07-GO"
346215;2021-03-13;"sábado";"21:00:00";"MA";230;510;"RIACHAO";"Demais falhas mecânicas ou elétricas";"Incêndio";"Sem Vítimas";"Plena Noite";"Decrescente";"Céu Claro";"Simples";"Reta";"Não";2;0;0;0;1;2;0;3;-7,40930529;-46,90889005;"SPRF-MA";"DEL05-MA";"UOP01-DEL05-MA"
346217;2021-03-14;"domingo";"15:17:00";"MG";262;802;"UBERABA";"Chuva";"Tombamento";"Com Vítimas Feridas";"Pleno dia";"Decrescente";"Chuva";"Dupla";"Reta";"Sim";2;0;1;0;0;1;1;2;-19,779234;-47,964844;"SPRF-MG";"DEL13-MG";"UOP01-DEL13-MG"
346220;2021-03-14;"domingo";"15:00:00";"AL";101;28,3;"JOAQUIM GOMES";"Reação tardia ou ineficiente do condutor";"Tombamento";"Com Vítimas Feridas";"Pleno dia";"Crescente";"Sol";"Simples";"Reta";"Não";2;0;1;0;0;1;1;2;-9,06864496;-35,74109702;"SPRF-AL";"DEL01-AL";"UOP02-DEL01-AL"
346222;2021-03-14;"domingo";"17:20:00";"MG";381;523;"BRUMADINHO";"Velocidade Incompatível";"Colisão traseira";"Com Vítimas Fatais";"Pleno dia";"Decrescente";"Céu Claro";"Dupla";"Curva";"Não";3;1;0;1;1;0;1;2;-20,1530682;-44,32617552;"SPRF-MG";"DEL04-MG";"UOP03-DEL04-MG"
346225;2021-03-14;"domingo";"17:25:00";"PR";376;614,5;"SAO JOSE DOS PINHAIS";"Ausência de reação do condutor";"Colisão traseira";"Com Vítimas Feridas";"Pleno dia";"Decrescente";"Céu Claro";"Dupla";"Reta";"Sim";7;0;4;1;1;1;5;3;-25,57084314;-49,19356398;"SPRF-PR";"DEL01-PR";"UOP01-DEL01-PR"
346226;2021-03-14;"domingo";"17:00:00";"SP";116;166,9;"JACAREI";"Avarias e/ou desgaste excessivo no pneu";"Colisão com objeto";"Com Vítimas Feridas";"Pleno dia";"Decrescente";"Chuva";"Múltipla";"Curva";"Não";3;0;1;0;1;1;1;3;-23,30055667;-46,01686506;"SPRF-SP";"DEL02-SP";"UOP01-DEL02-SP"
346232;2021-01-21;"quinta-feira";"19:45:00";"MG";262;835,5;"VERISSIMO";"Deficiência do Sistema de Iluminação/Sinalização";"Colisão frontal";"Com Vítimas Feridas";"Plena Noite";"Crescente";"Céu Claro";"Simples";"Reta";"Não";3;0;1;0;1;2;1;4;-19,748272;-48,232544;"SPRF-MG";"DEL13-MG";"UOP01-DEL13-MG"
346245;2021-03-14;"domingo";"17:45:00";"RS";290;228,8;"PANTANO GRANDE";"Reação tardia ou ineficiente do condutor";"Colisão traseira";"Com Vítimas Feridas";"Pleno dia";"Decrescente";"Sol";"Simples";"Aclive";"Não";4;0;2;0;2;0;2;2;-30,20745447;-52,49679565;"SPRF-RS";"DEL02-RS";"UOP03-DEL02-RS"
346246;2021-03-14;"domingo";"19:00:00";"MA";316;566,1;"CAXIAS";"Reação tardia ou ineficiente do condutor";"Colisão lateral sentido oposto";"Com Vítimas Feridas";"Plena Noite";"Decrescente";"Céu Claro";"Simples";"Reta";"Não";3;0;0;2;0;1;2;2;-4,90764;-43,233624;"SPRF-MA";"DEL03-MA";"UOP02-DEL03-MA"
346254;2021-03-14;"domingo";"15:50:00";"MG";40;649;"CRISTIANO OTONI";"Manobra de mudança de faixa";"Colisão lateral mesmo sentido";"Com Vítimas Feridas";"Pleno dia";"Decrescente";"Céu Claro";"Simples";"Reta;Declive";"Sim";2;0;0;1;1;0;1;2;-20,82207323;-43,81124496;"SPRF-MG";"DEL05-MG";"UOP02-DEL05-MG"
346255;2021-03-14;"domingo";"19:30:00";"PR";376;188,5;"MARIALVA";"Ausência de reação do condutor";"Queda de ocupante de veículo";"Com Vítimas Fatais";"Plena Noite";"Crescente";"Nublado";"Dupla";"Reta";"Sim";4;1;0;0;2;1;0;3;-23,46634923;-51,82808011;"SPRF-PR";"DEL09-PR";"UOP01-DEL09-PR"
346263;2021-03-14;"domingo";"11:00:00";"MG";262;503;"LUZ";"Ingestão de álcool pelo condutor";"Colisão lateral mesmo sentido";"Com Vítimas Feridas";"Pleno dia";"Crescente";"Céu Claro";"Simples";"Reta";"Não";3;0;1;0;1;1;1;3;-19,77742928;-45,46421618;"SPRF-MG";"DEL08-MG";"UOP03-DEL08-MG"
346269;2021-03-14;"domingo";"20:20:00";"SC";101;215;"PALHOCA";"Manobra de mudança de faixa";"Colisão lateral mesmo sentido";"Com Vítimas Feridas";"Plena Noite";"Decrescente";"Chuva";"Dupla";"Reta";"Sim";3;0;1;0;2;0;1;2;-27,65184843;-48,67604941;"SPRF-SC";"DEL01-SC";"UOP02-DEL01-SC"
346273;2021-03-14;"domingo";"20:40:00";"MG";50;93,5;"UBERLANDIA";"Demais falhas mecânicas ou elétricas";"Eventos atípicos";"Com Vítimas Feridas";"Plena Noite";"Decrescente";"Garoa/Chuvisco";"Dupla";"Reta";"Não";3;0;1;0;1;1;1;3;-19,07492502;-48,18892306;"SPRF-MG";"DEL15-MG";"UOP01-DEL15-MG"