"id";"data_inversa";"dia_semana";"horario";"uf";"br";"km";"municipio";"causa_acidente";"tipo_acidente";"classificacao_acidente";"fase_dia";"sentido_via";"condicao_metereologica";"tipo_pista";"tracado_via";"uso_solo";"pessoas";"mortos";"feridos_leves";"feridos_graves";"ilesos";"ignorados";"feridos";"veiculos";"latitude";"longitude";"regional";"delegacia";"uop"
346277;2021-03-14;"domingo";"18:45:00";"BA";407;40;"JUAZEIRO";"Ingestão de álcool pelo condutor";"Colisão lateral sentido oposto";"Com Vítimas Feridas";"Plena Noite";"Crescente";"Céu Claro";"Simples";"Reta";"Não";3;0;1;1;1;0;2;3;-9,63571;-40,40035;"SPRF-BA";"DEL04-BA";"UOP01-DEL04-BA"
346278;2021-03-14;"domingo";"15:50:00";"PA";163;545;"TRAIRAO";"Avarias e/ou desgaste excessivo no pneu";"Colisão frontal";"Com Vítimas Feridas";"Pleno dia";"Decrescente";"Chuva";"Simples";"Declive;Curva";"Não";3;0;0;1;1;3;1;5;-5,21914121;-56,05606754;"SPRF-PA";"DEL05-PA";"UOP01-DEL05-PA"
346279;2021-03-14;"domingo";"20:50:00";"SC";470;50;"BLUMENAU";"Ausência de reação do condutor";"Colisão com objeto";"Com Vítimas Feridas";"Plena Noite";"Crescente";"Chuva";"Dupla";"Reta";"Não";3;0;3;0;0;0;3;1;-26,859768;-49,074493;"SPRF-SC";"DEL04-SC";"UOP01-DEL04-SC"
346291;2021-02-22;"segunda-feira";"16:30:00";"PE";104;67;"CARUARU";"Carga excessiva e/ou mal acondicionada";"Engavetamento";"Sem Vítimas";"Pleno dia";"Decrescente";"Nublado";"Dupla";"Reta";"Sim";3;0;0;0;3;0;0;3;-8,3016;-35,9882;"SPRF-PE";"DEL02-PE";"UOP01-DEL02-PE"
346292;2021-03-14;"domingo";"21:34:00";"GO";40;87,2;"CRISTALINA";"Demais falhas mecânicas ou elétricas";"Saída de leito carroçável";"Com Vítimas Feridas";"Plena Noite";"Decrescente";"Chuva";"Simples";"Reta";"Não";2;0;1;0;0;1;1;2;-16,713217;-47,670047;"SPRF-DF";"DEL01-DF";"UOP02-DEL01-DF"
346300;2021-03-14;"domingo";"20:25:00";"RS";285;257;"AGUA SANTA";"Acessar a via sem observar a presença dos outros veículos";"Colisão transversal";"Com Vítimas Feridas";"Plena Noite";"Crescente";"Céu Claro";"Simples";"Reta";"Não";3;0;1;0;2;0;1;2;-28,302961;-52,051762;"SPRF-RS";"DEL08-RS";"UOP03-DEL08-RS"
346305;2021-03-04;"quinta-feira";"15:30:00";"PR";476;351,9;"PAULA FREITAS";"Manobra de mudança de faixa";"Colisão traseira";"Com Vítimas Feridas";"Pleno dia";"Decrescente";"Chuva";"Simples";"Aclive";"Não";2;0;1;0;0;1;1;2;-26,19748555;-50,9882623;"SPRF-PR";"DEL02-PR";"UOP03-DEL02-PR"
346313;2021-03-14;"domingo";"12:30:00";"BA";101;680,5;"ITAGIMIRIM";"Carga excessiva e/ou mal acondicionada";"Derramamento de carga";"Sem Vítimas";"Pleno dia";"Crescente";"Céu Claro";"Simples";"Aclive";"Sim";2;0;0;0;1;2;0;3;-16,08676394;-39,61974621;"SPRF-BA";"DEL09-BA";"UOP01-DEL09-BA"
346316;2021-03-14;"domingo";"23:00:00";"MG";365;694,3;"MONTE ALEGRE DE MINAS";"Condutor Dormindo";"Colisão traseira";"Com Vítimas Feridas";"Plena Noite";"Decrescente";"Nublado";"Dupla";"Declive;Reta";"Não";3;0;1;0;1;2;1;4;-18,87801743;-48,94107198;"SPRF-MG";"DEL15-MG";"UOP03-DEL15-MG"
346321;2021-03-14;"domingo";"21:00:00";"SC";470;300,7;"CAMPOS NOVOS";"Transitar na contramão";"Colisão frontal";"Com Vítimas Fatais";"Plena Noite";"Decrescente";"Céu Claro";"Simples";"Reta";"Não";4;2;0;0;1;1;0;3;-27,373554;-51,054427;"SPRF-SC";"DEL07-SC";"UOP06-DEL07-SC"
346324;2021-03-14;"domingo";"23:45:00";"PR";277;706,7;"SAO MIGUEL DO IGUACU";"Condutor Dormindo";"Tombamento";"Com Vítimas Feridas";"Plena Noite";"Crescente";"Céu Claro";"Dupla";"Reta";"Não";2;0;1;0;0;1;1;2;-25,42820237;-54,34362933;"SPRF-PR";"DEL05-PR";"UOP01-DEL05-PR"
346327;2021-03-14;"domingo";"21:30:00";"SP";116;479;"JACUPIRANGA";"Ausência de reação do condutor";"Colisão traseira";"Com Vítimas Fatais";"Plena Noite";"Crescente";"Céu Claro";"Dupla";"Reta";"Não";2;1;0;0;1;0;0;2;-24,70935401;-48,01820699;"SPRF-SP";"DEL05-SP";"UOP01-DEL05-SP"
346332;2021-03-15;"segunda-feira";"01:00:00";"BA";324;558;"SANTO AMARO";"Condutor Dormindo";"Saída de leito carroçável";"Com Vítimas Feridas";"Plena Noite";"Crescente";"Céu Claro";"Dupla";"Reta";"Não";1;0;1;0;0;0;1;1;-12,48182515;-38,66808011;"SPRF-BA";"DEL01-BA";"UOP03-DEL01-BA"
346333;2021-03-15;"segunda-feira";"01:45:00";"MG";40;494,8;"ESMERALDAS";"Velocidade Incompatível";"Colisão traseira";"Com Vítimas Feridas";"Plena Noite";"Crescente";"Céu Claro";"Dupla";"Curva";"Não";3;0;0;1;1;1;1;3;-19,66067;-44,19817;"SPRF-MG";"DEL02-MG";"UOP01-DEL02-MG"
346335;2021-03-15;"segunda-feira";"03:15:00";"PR";376;510,1;"PONTA GROSSA";"Condutor Dormindo";"Colisão traseira";"Com Vítimas Feridas";"Plena Noite";"Crescente";"Céu Claro";"Dupla";"Aclive";"Não";3;0;0;1;1;3;1;5;-25,26173461;-49,99977403;"SPRF-PR";"DEL03-PR";"UOP01-DEL03-PR"
346338;2021-03-15;"segunda-feira";"04:02:00";"PR";116;5;"CAMPINA GRANDE DO SUL";"Manobra de mudança de faixa";"Saída de leito carroçável";"Com Vítimas Feridas";"Plena Noite";"Decrescente";"Chuva";"Dupla";"Reta";"Não";2;0;1;0;0;1;1;2;-25,0843712;-48,6012365;"SPRF-PR";"DEL01-PR";"UOP02-DEL01-PR"
346339;2021-03-15;"segunda-feira";"03:50:00";"MA";135;5,1;"SAO LUIS";"Acessar a via sem observar a presença dos outros veículos";"Colisão transversal";"Com Vítimas Feridas";"Plena Noite";"Crescente";"Nublado";"Dupla";"Reta";"Sim";8;0;5;2;0;1;7;2;-2,62145385;-44,25797421;"SPRF-MA";"DEL01-MA";"UOP01-DEL01-MA"
346343;2021-03-15;"segunda-feira";"06:30:00";"SC";101;416,5;"ARARANGUA";"Mal súbito do condutor";"Colisão traseira";"Com Vítimas Feridas";"Pleno dia";"Crescente";"Sol";"Dupla";"Reta";"Não";2;0;1;0;1;0;1;2;-28,96708874;-49,52338825;"SPRF-SC";"DEL02-SC";"UOP02-DEL02-SC"
346355;2021-03-15;"segunda-feira";"07:30:00";"PE";101;97;"CABO DE SANTO AGOSTINHO";"Manobra de mudança de faixa";"Colisão lateral mesmo sentido";"Com Vítimas Feridas";"Pleno dia";"Decrescente";"Céu Claro";"Múltipla";"Reta";"Sim";2;0;1;0;1;0;1;2;-8,25331064;-35,0296397;"SPRF-PE";"DEL01-PE";"UOP03-DEL01-PE"
346356;2021-03-15;"segunda-feira";"06:50:00";"PR";277;528,9;"GUARANIACU";"Restrição de visibilidade em curvas horizontais";"Saída de leito carroçável";"Com Vítimas Feridas";"Amanhecer";"Crescente";"Sol";"Simples";"Curva";"Não";2;0;1;0;1;0;1;2;-25,091649;-52,949265;"SPRF-PR";"DEL04-PR";"UOP01-DEL04-PR"
346360;2021-03-15;"segunda-feira";"08:30:00";"SC";101;132;"BALNEARIO CAMBORIU";"Condutor deixou de manter distância do veículo da frente";"Colisão lateral mesmo sentido";"Com Vítimas Feridas";"Pleno dia";"Crescente";"Céu Claro";"Múltipla";"Interseção de Vias";"Sim";3;0;2;0;1;0;2;3;-26,99654133;-48,65564711;"SPRF-SC";"DEL04-SC";"UOP03-DEL04-SC"
346361;2021-03-15;"segunda-feira";"07:05:00";"MG";381;655,3;"SANTO ANTONIO DO AMPARO";"Condutor Dormindo";"Colisão traseira";"Com Vítimas Feridas";"Pleno dia";"Crescente";"Ignorado";"Dupla";"Curva";"Não";2;0;1;0;1;0;1;2;-21,00073835;-44,96765656;"SPRF-MG";"DEL04-MG";"UOP02-DEL04-MG"
346365;2021-03-15;"segunda-feira";"08:25:00";"MG";40;747,2;"SANTOS DUMONT";"Reação tardia ou ineficiente do condutor";"Tombamento";"Com Vítimas Feridas";"Pleno dia";"Crescente";"Sol";"Simples";"Curva";"Sim";2;0;0;1;0;1;1;2;-21,4328731;-43,55221915;"SPRF-MG";"DEL05-MG";"UOP01-DEL05-MG"
346368;2021-03-15;"segunda-feira";"08:40:00";"ES";101;255;"SERRA";"Conversão proibida";"Colisão transversal";"Com Vítimas Feridas";"Pleno dia";"Crescente";"Sol";"Simples";"Interseção de Vias";"Não";4;0;2;0;1;1;2;4;-20,11487935;-40,31943619;"SPRF-ES";"DEL02-ES";"UOP01-DEL02-ES"
346377;2021-03-15;"segunda-feira";"10:20:00";"PI";316;6,8;"TERESINA";"Acessar a via sem observar a presença dos outros veículos";"Colisão lateral mesmo sentido";"Sem Vítimas";"Pleno dia";"Crescente";"Sol";"Dupla";"Em Obras";"Sim";2;0;0;0;2;0;0;2;-5,14702095;-42,77438982;"SPRF-PI";"DEL01-PI";"UOP02-DEL01-PI"
346379;2021-03-15;"segunda-feira";"10:20:00";"RJ";116;164;"RIO DE JANEIRO";"Reação tardia ou ineficiente do condutor";"Colisão lateral mesmo sentido";"Com Vítimas Feridas";"Pleno dia";"Decrescente";"Céu Claro";"Múltipla";"Reta";"Sim";4;0;1;0;2;1;1;3;-22,81074068;-43,28844363;"SPRF-RJ";"DEL01-RJ";"UOP01-DEL01-RJ"
346383;2021-03-15;"segunda-feira";"11:30:00";"MG";40;624,5;"CONSELHEIRO LAFAIETE";"Condutor deixou de manter distância do veículo da frente";"Colisão traseira";"Com Vítimas Fatais";"Pleno dia";"Decrescente";"Sol";"Simples";"Curva";"Não";3;1;0;0;1;1;0;3;-20,61664349;-43,80480951;"SPRF-MG";"DEL05-MG";"UOP02-DEL05-MG"
346388;2021-02-27;"sábado";"04:40:00";"MG";267;152,8;"LIMA DUARTE";"Condutor Dormindo";"Colisão lateral sentido oposto";"Com Vítimas Feridas";"Amanhecer";"Decrescente";"Garoa/Chuvisco";"Simples";"Reta";"Não";2;0;0;1;1;0;1;2;-21,825264;-43,75612716;"SPRF-MG";"DEL05-MG";"UOP01-DEL05-MG"
346389;2021-03-15;"segunda-feira";"11:00:00";"ES";101;260;"SERRA";"Manobra de mudança de faixa";"Colisão lateral mesmo sentido";"Sem Vítimas";"Pleno dia";"Crescente";"Céu Claro";"Simples";"Aclive";"Sim";3;0;0;0;2;1;0;3;-20,14616415;-40,28836206;"SPRF-ES";"DEL02-ES";"UOP01-DEL02-ES"
346393;2021-03-15;"segunda-feira";"13:30:00";"ES";262;6,5;"CARIACICA";"Condutor deixou de manter distância do veículo da frente";"Colisão traseira";"Com Vítimas Feridas";"Pleno dia";"Crescente";"Céu Claro";"Múltipla";"Reta";"Não";4;0;1;0;2;1;1;3;-20,34007493;-40,39451305;"SPRF-ES";"DEL01-ES";"UOP01-DEL01-ES"
346394;2021-03-15;"segunda-feira";"12:50:00";"GO";50;111,2;"CRISTALINA";"Condutor Dormindo";"Saída de leito carroçável";"Com Vítimas Feridas";"Pleno dia";"Decrescente";"Nublado";"Dupla";"Reta";"Não";2;0;1;0;0;3;1;4;-16,9309;-47,7117;"SPRF-DF";"DEL01-DF";"UOP02-DEL01-DF"
346396;2021-03-15;"segunda-feira";"12:50:00";"SC";101;141,7;"BALNEARIO CAMBORIU";"Condutor deixou de manter distância do veículo da frente";"Colisão traseira";"Com Vítimas Feridas";"Pleno dia";"Decrescente";"Céu Claro";"Simples";"Reta";"Não";4;0;2;0;1;1;2;3;-27,04761729;-48,59995855;"SPRF-SC";"DEL04-SC";"UOP03-DEL04-SC"
346398;2021-03-15;"segunda-feira";"12:30:00";"MT";364;435,7;"VARZEA GRANDE";"Acessar a via sem observar a presença dos outros veículos";"Colisão transversal";"Com Vítimas Feridas";"Pleno dia";"Decrescente";"Céu Claro";"Dupla";"Reta";"Sim";3;0;0;1;1;4;1;6;-15,63954742;-56,20270729;"SPRF-MT";"DEL01-MT";"UOP02-DEL01-MT"
346400;2021-03-15;"segunda-feira";"13:50:00";"PE";104;82;"AGRESTINA";"Condutor Dormindo";"Colisão frontal";"Com Vítimas Feridas";"Pleno dia";"Crescente";"Céu Claro";"Simples";"Reta";"Não";4;0;2;2;0;0;4;2;-8,414513;-35,967102;"SPRF-PE";"DEL02-PE";"UOP01-DEL02-PE"
346408;2021-03-15;"segunda-feira";"14:37:00";"BA";324;552;"AMELIA RODRIGUES";"Chuva";"Saída de leito carroçável";"Com Vítimas Feridas";"Pleno dia";"Decrescente";"Chuva";"Dupla";"Reta";"Não";6;0;0;5;1;0;5;2;-12,44970237;-38,71122627;"SPRF-BA";"DEL01-BA";"UOP03-DEL01-BA"
346412;2021-02-18;"quinta-feira";"07:30:00";"RS";386;185;"SANTO ANTONIO DO PLANALTO";"Velocidade Incompatível";"Engavetamento";"Com Vítimas Feridas";"Pleno dia";"Decrescente";"Céu Claro";"Simples";"Reta";"Não";4;0;1;0;3;0;1;4;-28,338871;-52,720222;"SPRF-RS";"DEL08-RS";"UOP01-DEL08-RS"
346413;2021-03-15;"segunda-feira";"16:00:00";"PR";116;108;"CURITIBA";"Pista Escorregadia";"Colisão com objeto";"Com Vítimas Feridas";"Pleno dia";"Crescente";"Chuva";"Dupla";"Reta";"Não";2;0;0;1;0;1;1;2;-25,57147018;-49,19760597;"SPRF-PR";"DEL01-PR";"UOP01-DEL01-PR"
346415;2021-03-15;"segunda-feira";"12:55:00";"SC";101;7;"GARUVA";"Condutor Dormindo";"Colisão com objeto";"Com Vítimas Feridas";"Pleno dia";"Decrescente";"Céu Claro";"Dupla";"Reta";"Sim";2;0;2;0;0;0;2;1;-26,03593;-48,860302;"SPRF-SC";"DEL03-SC";"UOP01-DEL03-SC"
346417;2021-02-19;"sexta-feira";"17:00:00";"SC";101;378,5;"ICARA";"Transitar na contramão";"Colisão lateral";"Sem Vítimas";"Pleno dia";"Decrescente";"Céu Claro";"Múltipla";"Retorno Regulamentado";"Sim";4;0;0;0;2;2;0;4;-28,74960058;-49,27230835;"SPRF-SC";"DEL02-SC";"UOP02-DEL02-SC"
346421;2021-03-15;"segunda-feira";"16:00:00";"PR";373;473,5;"CORONEL VIVIDA";"Velocidade Incompatível";"Colisão com objeto";"Com Vítimas Feridas";"Pleno dia";"Crescente";"Céu Claro";"Simples";"Declive;Curva";"Não";3;0;2;0;0;2;2;3;-25,96414323;-52,49453095;"SPRF-PR";"DEL02-PR";"UOP01-DEL02-PR"
346425;2021-03-15;"segunda-feira";"14:00:00";"GO";70;335;"GOIAS";"Ausência de reação do condutor";"Colisão traseira";"Com Vítimas Feridas";"Pleno dia";"Decrescente";"Céu Claro";"Simples";"Reta";"Não";10;0;9;0;1;0;9;2;-15,89534882;-50,44062194;"SPRF-GO";"DEL04-GO";"UOP01-DEL04-GO"
346426;2021-03-15;"segunda-feira";"17:30:00";"GO";40;6,8;"VALPARAISO DE GOIAS";"Condutor deixou de manter distância do veículo da frente";"Colisão traseira";"Com Vítimas Fatais";"Pleno dia";"Decrescente";"Nublado";"Dupla";"Reta";"Sim";6;1;0;0;4;1;0;4;-16,100814;-47,977351;"SPRF-DF";"DEL01-DF";"UOP01-DEL01-DF"
346427;2021-03-15;"segunda-feira";"17:30:00";"RS";392;120;"CANGUCU";"Desrespeitar a preferência no cruzamento";"Colisão lateral mesmo sentido";"Com Vítimas Feridas";"Pleno dia";"Crescente";"Céu Claro";"Dupla";"Curva";"Não";3;0;1;0;1;1;1;3;-31,39043858;-52,69575119;"SPRF-RS";"DEL07-RS";"UOP01-DEL07-RS"
346431;2021-03-15;"segunda-feira";"16:10:00";"PR";376;440;"TIBAGI";"Velocidade Incompatível";"Tombamento";"Com Vítimas Fatais";"Pleno dia";"Crescente";"Céu Claro";"Dupla";"Aclive";"Não";2;1;0;0;0;1;0;2;-24,8057172;-50,48856676;"SPRF-PR";"DEL03-PR";"UOP02-DEL03-PR"
346435;2021-03-15;"segunda-feira";"17:40:00";"MG";40;512,5;"RIBEIRAO DAS NEVES";"Condutor deixou de manter distância do veículo da frente";"Colisão lateral mesmo sentido";"Com Vítimas Feridas";"Pleno dia";"Decrescente";"Céu Claro";"Dupla";"Reta;Declive";"Sim";4;0;1;0;2;1;1;4;-19,78946999;-44,11290699;"SPRF-MG";"DEL01-MG";"UOP02-DEL01-MG"
346440;2021-03-15;"segunda-feira";"14:50:00";"MS";163;43,4;"ELDORADO";"Conversão proibida";"Colisão lateral sentido oposto";"Com Vítimas Feridas";"Pleno dia";"Crescente";"Céu Claro";"Simples";"Reta";"Sim";4;0;1;0;2;1;1;4;-23,76281184;-54,27377415;"SPRF-MS";"DEL09-MS";"UOP02-DEL09-MS"
346444;2021-03-15;"segunda-feira";"15:30:00";"GO";452;15;"RIO VERDE";"Ausência de sinalização";"Atropelamento de Pedestre";"Com Vítimas Feridas";"Pleno dia";"Decrescente";"Céu Claro";"Simples";"Reta";"Não";5;0;1;0;3;1;1;3;-17,84897532;-50,77576613;"SPRF-GO";"DEL04-GO";"UOP01-DEL04-GO"
346445;2021-03-15;"segunda-feira";"18:25:00";"PB";101;120,9;"CAAPORA";"Ausência de sinalização";"Colisão traseira";"Com Vítimas Feridas";"Plena Noite";"Crescente";"Céu Claro";"Dupla";"Aclive";"Não";2;0;0;1;1;0;1;2;-7,43522578;-34,9727831;"SPRF-PB";"DEL01-PB";"UOP02-DEL01-PB"
346454;2021-03-15;"segunda-feira";"19:00:00";"GO";414;370,3;"COCALZINHO DE GOIAS";"Ingestão de álcool e/ou substâncias psicoativas pelo pedestre";"Atropelamento de Pedestre";"Com Vítimas Feridas";"Plena Noite";"Crescente";"Nublado";"Dupla";"Reta";"Não";2;0;0;1;1;0;1;2;-15,75271047;-48,74754003;"SPRF-GO";"DEL02-GO";"UOP01-DEL02-GO"
346457;2021-03-15;"segunda-feira";"18:30:00";"MG";262;34,2;"MANHUACU";"Ausência de reação do condutor";"Colisão frontal";"Com Vítimas Feridas";"Plena Noite";"Decrescente";"Nublado";"Simples";"Reta";"Não";4;0;1;0;2;2;1;4;-20,25692664;-42,01099203;"SPRF-MG";"DEL06-MG";"UOP03-DEL06-MG"
346460;2021-03-15;"segunda-feira";"16:30:00";"SC";470;269,8;"BRUNOPOLIS";"Afundamento ou ondulação no pavimento";"Colisão com objeto";"Com Vítimas Feridas";"Pleno dia";"Decrescente";"Céu Claro";"Simples";"Reta";"Não";2;0;1;0;0;1;1;2;-27,313988;-50,758327;"SPRF-SC";"DEL07-SC";"UOP06-DEL07-SC"
346461;2021-03-15;"segunda-feira";"20:20:00";"PR";373;233,2;"IMBITUVA";"Velocidade Incompatível";"Colisão frontal";"Com Vítimas Fatais";"Plena Noite";"Crescente";"Nublado";"Simples";"Reta";"Não";3;1;0;0;1;2;0;4;-25,18503294;-50,68743801;"SPRF-PR";"DEL03-PR";"UOP04-DEL03-PR"
346466;2021-03-15;"segunda-feira";"18:00:00";"RS";471;477,5;"RIO GRANDE";"Manobra de mudança de faixa";"Colisão traseira";"Com Vítimas Feridas";"Anoitecer";"Decrescente";"Céu Claro";"Simples";"Reta";"Não";2;0;1;0;0;1;1;2;-32,177578;-52,419815;"SPRF-RS";"DEL07-RS";"UOP02-DEL07-RS"
346469;2021-03-15;"segunda-feira";"21:45:00";"SP";116;546;"BARRA DO TURVO";"Velocidade Incompatível";"Colisão com objeto";"Com Vítimas Feridas";"Plena Noite";"Crescente";"Nublado";"Dupla";"Reta";"Não";2;0;1;0;0;1;1;2;-24,9470862;-48,43042095;"SPRF-SP";"DEL05-SP";"UOP02-DEL05-SP"
346471;2021-03-15;"segunda-feira";"23:00:00";"BA";324;442;"RIACHAO DO JACUIPE";"Acessar a via sem observar a presença dos outros veículos";"Colisão frontal";"Com Vítimas Feridas";"Plena Noite";"Crescente";"Céu Claro";"Simples";"Reta";"Sim";3;0;0;1;1;1;1;3;-11,7904633;-39,42407122;"SPRF-BA";"DEL02-BA";"UOP01-DEL02-BA"
346472;2021-03-15;"segunda-feira";"21:30:00";"RJ";116;278;"BARRA MANSA";"Reação tardia ou ineficiente do condutor";"Colisão traseira";"Com Vítimas Feridas";"Plena Noite";"Decrescente";"Nublado";"Dupla";"Curva";"Não";2;0;1;0;0;1;1;2;-22,55271018;-44,17778004;"SPRF-RJ";"DEL07-RJ";"UOP02-DEL07-RJ"
346476;2021-03-15;"segunda-feira";"23:45:00";"SP";116;37,1;"CACHOEIRA PAULISTA";"Pedestre andava na pista";"Atropelamento de Pedestre";"Com Vítimas Feridas";"Plena Noite";"Crescente";"Nublado";"Dupla";"Reta";"Não";2;0;1;0;0;1;1;2;-22,66530383;-44,98510838;"SPRF-SP";"DEL08-SP";"UOP02-DEL08-SP"
346478;2021-03-16;"terça-feira";"00:20:00";"MG";40;728,9;"OLIVEIRA FORTES";"Velocidade Incompatível";"Colisão com objeto";"Com Vítimas Feridas";"Plena Noite";"Crescente";"Nublado";"Dupla";"Curva";"Não";2;0;1;0;0;1;1;2;-21,31842199;-43,58689599;"SPRF-MG";"DEL05-MG";"UOP01-DEL05-MG"
346480;2021-03-15;"segunda-feira";"22:45:00";"SC";101;385,3;"ICARA";"Condutor Dormindo";"Saída de leito carroçável";"Com Vítimas Feridas";"Plena Noite";"Decrescente";"Chuva";"Dupla";"Reta";"Não";2;0;1;0;0;1;1;2;-28,77262259;-49,3112922;"SPRF-SC";"DEL02-SC";"UOP02-DEL02-SC"
346482;2021-03-16;"terça-feira";"01:00:00";"MS";487;86;"ITAQUIRAI";"Ingestão de álcool pelo condutor";"Colisão transversal";"Com Vítimas Feridas";"Plena Noite";"Crescente";"Céu Claro";"Simples";"Reta";"Não";3;0;1;0;1;1;1;3;-23,24309552;-54,18500105;"SPRF-MS";"DEL09-MS";"UOP01-DEL09-MS"
346483;2021-03-16;"terça-feira";"03:22:00";"MG";262;178;"SAO DOMINGOS DO PRATA";"Condutor Dormindo";"Tombamento";"Com Vítimas Feridas";"Plena Noite";"Decrescente";"Céu Claro";"Simples";"Reta";"Não";2;0;1;0;1;0;1;1;-19,92625471;-42,98211105;"SPRF-MG";"DEL03-MG";"UOP01-DEL03-MG"
346487;2021-03-16;"terça-feira";"06:40:00";"BA";116;385,5;"SANTA BARBARA";"Ultrapassagem Indevida";"Colisão frontal";"Com Vítimas Feridas";"Pleno dia";"Decrescente";"Sol";"Simples";"Reta";"Não";3;0;0;1;1;1;1;3;-11,89449495;-38,98149841;"SPRF-BA";"DEL02-BA";"UOP01-DEL02-BA"
346490;2021-03-16;"terça-feira";"06:50:00";"SC";101;216,1;"PALHOCA";"Trafegar com motocicleta (ou similar) entre as faixas";"Colisão lateral mesmo sentido";"Com Vítimas Feridas";"Pleno dia";"Crescente";"Céu Claro";"Dupla";"Reta";"Sim";2;0;0;1;1;0;1;2;-27,65981409;-48,67747798;"SPRF-SC";"DEL01-SC";"UOP02-DEL01-SC"
346491;2021-03-16;"terça-feira";"06:45:00";"PR";277;6,9;"PARANAGUA";"Acessar a via sem observar a presença dos outros veículos";"Colisão transversal";"Com Vítimas Feridas";"Pleno dia";"Decrescente";"Céu Claro";"Dupla";"Reta";"Não";3;0;0;1;2;0;1;2;-25,561478;-48,58471;"SPRF-PR";"DEL01-PR";"UOP05-DEL01-PR"
346492;2021-03-16;"terça-feira";"06:40:00";"BA";116;18;"VITORIA DA CONQUISTA";"Acessar a via sem observar a presença dos outros veículos";"Colisão lateral sentido oposto";"Com Vítimas Feridas";"Amanhecer";"Crescente";"Nublado";"Simples";"Curva";"Não";2;0;0;1;1;0;1;2;-14,851;-40,8485;"SPRF-BA";"DEL08-BA";"UOP01-DEL08-BA"
346497;2021-03-16;"terça-feira";"07:30:00";"RS";285;295;"PASSO FUNDO";"Condutor deixou de manter distância do veículo da frente";"Engavetamento";"Com Vítimas Feridas";"Pleno dia";"Decrescente";"Céu Claro";"Simples";"Reta";"Não";4;0;1;0;3;0;1;3;-28,231071;-52,394299;"SPRF-RS";"DEL08-RS";"UOP03-DEL08-RS"
346499;2021-03-16;"terça-feira";"08:00:00";"PE";101;46,8;"IGARASSU";"Condutor deixou de manter distância do veículo da frente";"Colisão traseira";"Com Vítimas Feridas";"Pleno dia";"Crescente";"Nublado";"Múltipla";"Reta";"Sim";5;0;2;0;2;2;2;6;-7,87406004;-34,90588126;"SPRF-PE";"DEL01-PE";"UOP02-DEL01-PE"
346500;2021-03-16;"terça-feira";"04:25:00";"SC";101;292,5;"IMBITUBA";"Condutor usando celular";"Tombamento";"Com Vítimas Feridas";"Plena Noite";"Decrescente";"Céu Claro";"Dupla";"Curva";"Não";3;0;0;1;1;1;1;3;-28,278057;-48,700386;"SPRF-SC";"DEL02-SC";"UOP03-DEL02-SC"
346503;2021-03-16;"terça-feira";"07:30:00";"RS";468;67,1;"CAMPO NOVO";"Desrespeitar a preferência no cruzamento";"Colisão transversal";"Com Vítimas Feridas";"Pleno dia";"Crescente";"Sol";"Simples";"Interseção de Vias";"Não";2;0;1;0;1;0;1;2;-27,736906;-53,838505;"SPRF-RS";"DEL08-RS";"UOP02-DEL08-RS"
346509;2021-03-16;"terça-feira";"06:40:00";"MG";40;510;"RIBEIRAO DAS NEVES";"Reação tardia ou ineficiente do condutor";"Tombamento";"Com Vítimas Feridas";"Amanhecer";"Crescente";"Sol";"Dupla";"Reta";"Sim";3;0;0;1;2;0;1;2;-19,77463885;-44,12321882;"SPRF-MG";"DEL01-MG";"UOP02-DEL01-MG"
346512;2021-03-16;"terça-feira";"05:20:00";"AM";174;924;"MANAUS";"Ausência de reação do condutor";"Colisão transversal";"Com Vítimas Feridas";"Amanhecer";"Crescente";"Nevoeiro/Neblina";"Simples";"Reta";"Não";6;0;3;0;2;2;3;4;-2,623752;-60,03997395;"SPRF-AM";"DEL01-AM";"UOP01-DEL01-AM"
346526;2021-03-16;"terça-feira";"11:00:00";"RJ";493;2;"ITABORAI";"Reação tardia ou ineficiente do condutor";"Colisão lateral sentido oposto";"Com Vítimas Feridas";"Pleno dia";"Crescente";"Sol";"Simples";"Reta";"Sim";2;0;1;0;1;0;1;2;-22,75950214;-42,93544822;"SPRF-RJ";"DEL02-RJ";"UOP02-DEL02-RJ"
346531;2021-03-16;"terça-feira";"11:00:00";"SC";101;210;"SAO JOSE";"Desrespeitar a preferência no cruzamento";"Colisão transversal";"Com Vítimas Feridas";"Pleno dia";"Decrescente";"Nublado";"Múltipla";"Interseção de Vias";"Sim";3;0;2;0;1;0;2;2;-27,6167305;-48,6457265;"SPRF-SC";"DEL01-SC";"UOP01-DEL01-SC"
346536;2021-03-16;"terça-feira";"11:30:00";"MS";163;130;"NAVIRAI";"Reação tardia ou ineficiente do condutor";"Colisão com objeto";"Sem Vítimas";"Pleno dia";"Decrescente";"Céu Claro";"Dupla";"Reta";"Não";2;0;0;0;1;1;0;2;-23,04066227;-54,25978117;"SPRF-MS";"DEL09-MS";"UOP01-DEL09-MS"
346542;2021-02-09;"terça-feira";"20:45:00";"GO";50;310,2;"CUMARI";"Ultrapassagem Indevida";"Colisão frontal";"Com Vítimas Feridas";"Plena Noite";"Crescente";"Céu Claro";"Simples";"Reta";"Não";4;0;0;1;1;2;1;4;-18,3994;-48,0749;"SPRF-GO";"DEL06-GO";"UOP01-DEL06-GO"