"id";"data_inversa";"dia_semana";"horario";"uf";"br";"km";"municipio";"causa_acidente";"tipo_acidente";"classificacao_acidente";"fase_dia";"sentido_via";"condicao_metereologica";"tipo_pista";"tracado_via";"uso_solo";"pessoas";"mortos";"feridos_leves";"feridos_graves";"ilesos";"ignorados";"feridos";"veiculos";"latitude";"longitude";"regional";"delegacia";"uop"
346543;2021-03-16;"terça-feira";"12:20:00";"PR";116;159;"MANDIRITUBA";"Acessar a via sem observar a presença dos outros veículos";"Colisão transversal";"Com Vítimas Feridas";"Pleno dia";"Crescente";"Céu Claro";"Simples";"Interseção de Vias";"Não";3;0;2;1;0;0;3;2;-25,86323978;-49,36260223;"SPRF-PR";"DEL01-PR";"UOP03-DEL01-PR"
346554;2021-03-16;"terça-feira";"14:20:00";"MS";487;93;"ITAQUIRAI";"Reação tardia ou ineficiente do condutor";"Tombamento";"Com Vítimas Feridas";"Pleno dia";"Crescente";"Céu Claro";"Simples";"Reta";"Não";2;0;1;0;0;2;1;3;-23,2354097;-54,11690904;"SPRF-MS";"DEL09-MS";"UOP01-DEL09-MS"
346555;2021-03-16;"terça-feira";"12:50:00";"BA";324;310;"JACOBINA";"Acessar a via sem observar a presença dos outros veículos";"Colisão transversal";"Com Vítimas Feridas";"Pleno dia";"Crescente";"Céu Claro";"Simples";"Interseção de Vias";"Não";3;0;1;0;1;1;1;3;-11,20426;-40,42448;"SPRF-BA";"DEL04-BA";"UOP02-DEL04-BA"
346557;2021-03-16;"terça-feira";"15:40:00";"RS";293;89,1;"PIRATINI";"Reação tardia ou ineficiente do condutor";"Tombamento";"Com Vítimas Feridas";"Pleno dia";"Decrescente";"Sol";"Simples";"Em Obras;Ponte;Curva";"Não";4;0;1;0;0;4;1;4;-31,63654813;-53,21714396;"SPRF-RS";"DEL07-RS";"UOP01-DEL07-RS"
346563;2021-03-08;"segunda-feira";"11:30:00";"MT";174;209;"PORTO ESPERIDIAO";"Acostamento em desnível";"Saída de leito carroçável";"Com Vítimas Feridas";"Pleno dia";"Crescente";"Céu Claro";"Simples";"Reta";"Não";4;0;1;0;3;0;1;1;-15,644708;-58,78446758;"SPRF-MT";"DEL04-MT";"UOP01-DEL04-MT"
346564;2021-03-16;"terça-feira";"16:00:00";"PE";232;132;"CARUARU";"Ingestão de álcool pelo condutor";"Colisão lateral mesmo sentido";"Com Vítimas Feridas";"Pleno dia";"Decrescente";"Céu Claro";"Dupla";"Reta";"Não";2;0;1;0;1;0;1;2;-8,3036244;-36,00710089;"SPRF-PE";"DEL02-PE";"UOP03-DEL02-PE"
346566;2021-03-16;"terça-feira";"14:50:00";"MT";174;552;"COMODORO";"Pista esburacada";"Colisão lateral sentido oposto";"Com Vítimas Feridas";"Pleno dia";"Decrescente";"Céu Claro";"Simples";"Aclive";"Não";3;0;1;0;1;2;1;4;-13,11206896;-59,88579283;"SPRF-RO";"DEL04-RO";"UOP01-DEL04-RO"
346569;2021-03-13;"sábado";"13:40:00";"PA";163;564;"TRAIRAO";"Avarias e/ou desgaste excessivo no pneu";"Colisão com objeto";"Sem Vítimas";"Pleno dia";"Decrescente";"Céu Claro";"Simples";"Reta";"Não";2;0;0;0;1;1;0;2;-5,09678344;-56,13756954;"SPRF-PA";"DEL05-PA";"UOP01-DEL05-PA"
346578;2021-03-16;"terça-feira";"15:25:00";"PR";277;435,1;"VIRMOND";"Problema com o freio";"Saída de leito carroçável";"Com Vítimas Feridas";"Pleno dia";"Decrescente";"Céu Claro";"Simples";"Curva;Aclive";"Não";2;0;2;0;0;0;2;1;-25,37723279;-52,21201082;"SPRF-PR";"DEL04-PR";"UOP02-DEL04-PR"
346583;2021-03-16;"terça-feira";"17:30:00";"RN";304;36;"MOSSORO";"Ingestão de álcool pelo condutor";"Colisão traseira";"Com Vítimas Feridas";"Anoitecer";"Decrescente";"Garoa/Chuvisco";"Dupla";"Viaduto;Aclive";"Sim";3;0;0;1;1;1;1;3;-5,16853634;-37,35540171;"SPRF-RN";"DEL04-RN";"UOP02-DEL04-RN"
346587;2021-03-16;"terça-feira";"17:30:00";"MG";381;489,4;"BETIM";"Manobra de mudança de faixa";"Colisão lateral mesmo sentido";"Com Vítimas Feridas";"Pleno dia";"Crescente";"Céu Claro";"Dupla";"Reta";"Sim";2;0;0;1;0;1;1;2;-19,96245618;-44,16455495;"SPRF-MG";"DEL01-MG";"UOP03-DEL01-MG"
346592;2021-03-16;"terça-feira";"18:20:00";"RS";285;325;"CARAZINHO";"Condutor deixou de manter distância do veículo da frente";"Colisão lateral sentido oposto";"Com Vítimas Feridas";"Pleno dia";"Crescente";"Céu Claro";"Simples";"Ponte";"Não";3;0;1;0;2;0;1;3;-28,268545;-52,669102;"SPRF-RS";"DEL08-RS";"UOP03-DEL08-RS"
346595;2021-03-16;"terça-feira";"18:00:00";"SP";381;79;"SAO PAULO";"Velocidade Incompatível";"Colisão com objeto";"Com Vítimas Feridas";"Anoitecer";"Crescente";"Nublado";"Dupla";"Curva";"Sim";2;0;1;1;0;0;2;1;-23,40555464;-46,57991123;"SPRF-SP";"DEL03-SP";"UOP01-DEL03-SP"
346603;2021-01-14;"quinta-feira";"09:45:00";"MG";50;20;"ARAGUARI";"Acumulo de água sobre o pavimento";"Saída de leito carroçável";"Com Vítimas Feridas";"Pleno dia";"Crescente";"Céu Claro";"Dupla";"Reta";"Não";5;0;3;0;1;1;3;3;-18,58721011;-48,05645629;"SPRF-MG";"DEL15-MG";"UOP02-DEL15-MG"
346609;2021-03-16;"terça-feira";"19:40:00";"PR";277;34,7;"MORRETES";"Condutor deixou de manter distância do veículo da frente";"Colisão traseira";"Sem Vítimas";"Plena Noite";"Decrescente";"Nublado";"Dupla";"Reta";"Não";3;0;0;0;2;5;0;7;-25,53796426;-48,74616623;"SPRF-PR";"DEL01-PR";"UOP05-DEL01-PR"
346613;2021-03-16;"terça-feira";"16:40:00";"BA";101;666;"ITAPEBI";"Velocidade Incompatível";"Capotamento";"Com Vítimas Feridas";"Pleno dia";"Decrescente";"Sol";"Simples";"Curva";"Não";2;0;1;0;0;1;1;2;-15,98030817;-39,56554413;"SPRF-BA";"DEL09-BA";"UOP01-DEL09-BA"
346620;2021-03-16;"terça-feira";"20:40:00";"GO";60;12;"SANTO ANTONIO DO DESCOBERTO";"Condutor deixou de manter distância do veículo da frente";"Colisão traseira";"Com Vítimas Feridas";"Plena Noite";"Decrescente";"Nublado";"Dupla";"Aclive";"Não";2;0;0;1;1;0;1;2;-16,11344114;-48,34310532;"SPRF-DF";"DEL03-DF";"UOP01-DEL03-DF"
346621;2021-03-12;"sexta-feira";"19:00:00";"RJ";101;316;"SAO GONCALO";"Transitar no acostamento";"Atropelamento de Pedestre";"Com Vítimas Feridas";"Plena Noite";"Decrescente";"Céu Claro";"Dupla";"Reta";"Sim";2;0;1;0;0;1;1;2;-22,82835879;-43,09208739;"SPRF-RJ";"DEL02-RJ";"UOP02-DEL02-RJ"
346627;2021-03-16;"terça-feira";"21:40:00";"RS";290;153,6;"ARROIO DOS RATOS";"Condutor Dormindo";"Colisão lateral sentido oposto";"Com Vítimas Feridas";"Plena Noite";"Crescente";"Céu Claro";"Dupla";"Reta";"Não";3;0;1;0;2;0;1;3;-30,105652;-51,73777;"SPRF-RS";"DEL02-RS";"UOP01-DEL02-RS"
346629;2021-03-16;"terça-feira";"20:30:00";"BA";242;402;"SEABRA";"Demais falhas mecânicas ou elétricas";"Incêndio";"Sem Vítimas";"Plena Noite";"Decrescente";"Céu Claro";"Simples";"Reta";"Não";2;0;0;0;1;2;0;3;-12,47110529;-41,70823799;"SPRF-BA";"DEL06-BA";"UOP01-DEL06-BA"
346631;2021-03-16;"terça-feira";"18:00:00";"SC";470;126;"LONTRAS";"Reação tardia ou ineficiente do condutor";"Tombamento";"Com Vítimas Feridas";"Anoitecer";"Decrescente";"Céu Claro";"Simples";"Reta";"Não";2;0;1;0;0;1;1;2;-27,129;-49,538277;"SPRF-SC";"DEL04-SC";"UOP02-DEL04-SC"
346633;2021-03-16;"terça-feira";"23:20:00";"PR";376;304,6;"MAUA DA SERRA";"Velocidade Incompatível";"Tombamento";"Com Vítimas Feridas";"Plena Noite";"Decrescente";"Céu Claro";"Dupla";"Curva";"Não";2;0;1;0;0;1;1;2;-23,949397;-51,11969;"SPRF-PR";"DEL07-PR";"UOP02-DEL07-PR"
346635;2021-03-17;"quarta-feira";"00:20:00";"MG";40;455;"CAETANOPOLIS";"Carga excessiva e/ou mal acondicionada";"Tombamento";"Com Vítimas Feridas";"Plena Noite";"Crescente";"Céu Claro";"Dupla";"Aclive";"Não";1;0;1;0;0;0;1;1;-19,35767518;-44,34735515;"SPRF-MG";"DEL02-MG";"UOP01-DEL02-MG"
346637;2021-03-16;"terça-feira";"09:20:00";"BA";101;335;"TEOLANDIA";"Demais falhas mecânicas ou elétricas";"Incêndio";"Sem Vítimas";"Pleno dia";"Crescente";"Céu Claro";"Simples";"Curva";"Não";2;0;0;0;1;2;0;3;-13,5129;-39,446953;"SPRF-BA";"DEL05-BA";"UOP03-DEL05-BA"
346638;2021-03-17;"quarta-feira";"01:58:00";"RS";116;270;"PORTO ALEGRE";"Acessar a via sem observar a presença dos outros veículos";"Tombamento";"Com Vítimas Feridas";"Plena Noite";"Decrescente";"Nublado";"Múltipla";"Interseção de Vias";"Sim";2;0;1;0;0;1;1;2;-29,96839095;-51,17623895;"SPRF-RS";"DEL01-RS";"UOP01-DEL01-RS"
346643;2021-03-17;"quarta-feira";"02:55:00";"RN";101;130;"SAO JOSE DE MIPIBU";"Condutor Dormindo";"Saída de leito carroçável";"Com Vítimas Feridas";"Plena Noite";"Crescente";"Céu Claro";"Dupla";"Curva";"Não";1;0;1;0;0;0;1;1;-6,11942871;-35,22935423;"SPRF-RN";"DEL01-RN";"UOP01-DEL01-RN"
346645;2021-03-17;"quarta-feira";"04:45:00";"RS";116;512,6;"PELOTAS";"Transitar na contramão";"Colisão com objeto";"Com Vítimas Feridas";"Plena Noite";"Crescente";"Nublado";"Simples";"Curva";"Não";3;0;3;0;0;0;3;1;-31,63498138;-52,3311397;"SPRF-RS";"DEL07-RS";"UOP01-DEL07-RS"
346646;2021-03-17;"quarta-feira";"06:00:00";"MG";40;316;"TRES MARIAS";"Carga excessiva e/ou mal acondicionada";"Tombamento";"Com Vítimas Feridas";"Pleno dia";"Crescente";"Céu Claro";"Simples";"Reta";"Não";1;0;1;0;0;0;1;1;-18,48024596;-45,06576905;"SPRF-MG";"DEL14-MG";"UOP02-DEL14-MG"
346648;2021-01-11;"segunda-feira";"15:30:00";"MG";251;469,3;"FRANCISCO SA";"Condutor deixou de manter distância do veículo da frente";"Colisão traseira";"Com Vítimas Feridas";"Pleno dia";"Crescente";"Chuva";"Simples";"Reta";"Não";4;0;2;0;1;1;2;3;-16,47846186;-43,41953476;"SPRF-MG";"DEL12-MG";"UOP01-DEL12-MG"
346652;2021-03-17;"quarta-feira";"06:40:00";"AL";101;237,7;"SAO BRAS";"Velocidade Incompatível";"Tombamento";"Com Vítimas Feridas";"Pleno dia";"Decrescente";"Céu Claro";"Dupla";"Curva";"Não";2;0;1;0;0;2;1;3;-10,12581999;-36,789833;"SPRF-AL";"DEL02-AL";"UOP02-DEL02-AL"
346656;2021-03-17;"quarta-feira";"07:20:00";"RN";406;165,9;"SAO GONCALO DO AMARANTE";"Conversão proibida";"Colisão traseira";"Com Vítimas Feridas";"Pleno dia";"Crescente";"Céu Claro";"Simples";"Declive";"Não";2;0;1;0;0;1;1;2;-5,74358883;-35,33982456;"SPRF-RN";"DEL02-RN";"UOP01-DEL02-RN"
346661;2021-03-17;"quarta-feira";"07:40:00";"ES";101;297,5;"VIANA";"Velocidade Incompatível";"Colisão traseira";"Com Vítimas Feridas";"Pleno dia";"Crescente";"Sol";"Dupla";"Reta";"Sim";2;0;1;0;1;0;1;2;-20,35374444;-40,4156433;"SPRF-ES";"DEL01-ES";"UOP01-DEL01-ES"
346665;2021-03-17;"quarta-feira";"06:23:00";"MG";381;634,9;"SANTO ANTONIO DO AMPARO";"Velocidade Incompatível";"Tombamento";"Com Vítimas Feridas";"Amanhecer";"Crescente";"Céu Claro";"Dupla";"Curva";"Não";1;0;1;0;0;0;1;1;-20,860054;-44,83755;"SPRF-MG";"DEL04-MG";"UOP01-DEL04-MG"
346666;2021-03-17;"quarta-feira";"06:45:00";"RO";364;5;"VILHENA";"Acessar a via sem observar a presença dos outros veículos";"Colisão transversal";"Com Vítimas Feridas";"Pleno dia";"Decrescente";"Céu Claro";"Simples";"Reta";"Sim";3;0;1;0;1;1;1;3;-12,79099208;-60,08830547;"SPRF-RO";"DEL04-RO";"UOP01-DEL04-RO"
346670;2021-03-17;"quarta-feira";"07:20:00";"SC";101;333,2;"TUBARAO";"Acessar a via sem observar a presença dos outros veículos";"Colisão transversal";"Com Vítimas Feridas";"Pleno dia";"Crescente";"Céu Claro";"Simples";"Reta";"Sim";2;0;1;0;1;0;1;2;-28,46630107;-48,99653096;"SPRF-SC";"DEL02-SC";"UOP01-DEL02-SC"
346672;2021-03-17;"quarta-feira";"08:50:00";"RS";386;153,9;"ALMIRANTE TAMANDARE DO SUL";"Reação tardia ou ineficiente do condutor";"Tombamento";"Com Vítimas Feridas";"Pleno dia";"Crescente";"Nublado";"Simples";"Curva";"Não";2;0;1;0;0;1;1;2;-28,103321;-52,860851;"SPRF-RS";"DEL08-RS";"UOP01-DEL08-RS"
346675;2021-03-17;"quarta-feira";"08:20:00";"SC";280;31;"ARAQUARI";"Reação tardia ou ineficiente do condutor";"Engavetamento";"Com Vítimas Feridas";"Pleno dia";"Decrescente";"Sol";"Simples";"Reta";"Sim";4;0;1;0;3;0;1;4;-26,41647024;-48,77165794;"SPRF-SC";"DEL03-SC";"UOP03-DEL03-SC"
346681;2021-03-17;"quarta-feira";"10:00:00";"MT";158;633;"NOVA XAVANTINA";"Pista em desnível";"Tombamento";"Sem Vítimas";"Pleno dia";"Crescente";"Céu Claro";"Simples";"Curva";"Não";2;0;0;0;1;3;0;4;-14,53691046;-52,32954037;"SPRF-MT";"DEL07-MT";"UOP02-DEL07-MT"
346682;2021-03-17;"quarta-feira";"10:20:00";"MG";364;0;"PLANURA";"Reação tardia ou ineficiente do condutor";"Saída de leito carroçável";"Com Vítimas Feridas";"Pleno dia";"Crescente";"Céu Claro";"Simples";"Ponte";"Não";2;0;0;1;0;1;1;2;-20,13824;-48,702347;"SPRF-MG";"DEL13-MG";"UOP02-DEL13-MG"
346684;2021-03-17;"quarta-feira";"10:30:00";"PR";116;4;"QUATRO BARRAS";"Problema na suspensão";"Colisão com objeto";"Sem Vítimas";"Pleno dia";"Decrescente";"Céu Claro";"Dupla";"Reta";"Sim";1;0;0;0;1;0;0;1;-25,3629;-49,0822;"SPRF-PR";"DEL01-PR";"UOP02-DEL01-PR"
346685;2021-03-17;"quarta-feira";"08:40:00";"MT";364;349;"SANTO ANTONIO DO LEVERGER";"Velocidade Incompatível";"Saída de leito carroçável";"Com Vítimas Feridas";"Pleno dia";"Crescente";"Chuva";"Dupla";"Curva";"Não";2;0;1;0;0;1;1;2;-15,80502622;-55,5546431;"SPRF-MT";"DEL05-MT";"UOP02-DEL05-MT"
346686;2021-03-17;"quarta-feira";"10:15:00";"PR";277;37;"MORRETES";"Velocidade Incompatível";"Colisão traseira";"Com Vítimas Feridas";"Pleno dia";"Decrescente";"Céu Claro";"Dupla";"Curva";"Não";4;0;1;0;2;6;1;9;-25,57506;-48,852601;"SPRF-PR";"DEL01-PR";"UOP05-DEL01-PR"
346692;2021-03-17;"quarta-feira";"10:05:00";"SC";470;111,2;"APIUNA";"Velocidade Incompatível";"Tombamento";"Com Vítimas Feridas";"Pleno dia";"Decrescente";"Sol";"Simples";"Curva";"Não";2;0;1;0;0;1;1;2;-27,09974745;-49,46089312;"SPRF-SC";"DEL04-SC";"UOP02-DEL04-SC"
346696;2021-03-17;"quarta-feira";"10:30:00";"MG";251;473,9;"FRANCISCO SA";"Problema com o freio";"Saída de leito carroçável";"Sem Vítimas";"Pleno dia";"Decrescente";"Céu Claro";"Simples";"Declive;Reta";"Não";1;0;0;0;1;0;0;1;-16,47012768;-43,44753404;"SPRF-MG";"DEL12-MG";"UOP01-DEL12-MG"
346701;2021-03-17;"quarta-feira";"11:30:00";"RJ";116;214;"PARACAMBI";"Velocidade Incompatível";"Colisão traseira";"Com Vítimas Feridas";"Pleno dia";"Crescente";"Céu Claro";"Dupla";"Reta";"Não";5;0;1;0;4;0;1;3;-22,713438;-43,734085;"SPRF-RJ";"DEL01-RJ";"UOP03-DEL01-RJ"
346702;2021-03-17;"quarta-feira";"11:40:00";"PR";376;492;"PONTA GROSSA";"Velocidade Incompatível";"Colisão lateral mesmo sentido";"Sem Vítimas";"Pleno dia";"Crescente";"Céu Claro";"Dupla";"Reta";"Sim";9;0;0;0;8;3;0;9;-25,15559918;-50,13322909;"SPRF-PR";"DEL03-PR";"UOP01-DEL03-PR"
346708;2021-03-17;"quarta-feira";"11:35:00";"TO";153;573;"SANTA RITA DO TOCANTINS";"Velocidade Incompatível";"Colisão frontal";"Com Vítimas Feridas";"Pleno dia";"Crescente";"Nublado";"Simples";"Reta";"Sim";4;0;2;0;1;1;2;3;-10,85537202;-48,90512061;"SPRF-TO";"DEL01-TO";"UOP01-DEL01-TO"
346710;2021-03-17;"quarta-feira";"11:34:00";"MG";50;54,3;"ARAGUARI";"Ausência de reação do condutor";"Colisão com objeto";"Com Vítimas Fatais";"Pleno dia";"Crescente";"Céu Claro";"Dupla";"Curva";"Não";4;1;0;0;0;4;0;4;-18,77127759;-48,2451725;"SPRF-MG";"DEL15-MG";"UOP02-DEL15-MG"
346712;2021-03-17;"quarta-feira";"12:20:00";"MG";40;572;"ITABIRITO";"Conversão proibida";"Colisão transversal";"Com Vítimas Feridas";"Pleno dia";"Crescente";"Céu Claro";"Simples";"Reta";"Sim";3;0;1;1;1;0;2;2;-20,23058501;-43,96905104;"SPRF-MG";"DEL01-MG";"UOP02-DEL01-MG"
346715;2021-03-17;"quarta-feira";"10:05:00";"MA";230;402,6;"BALSAS";"Carga excessiva e/ou mal acondicionada";"Colisão transversal";"Sem Vítimas";"Pleno dia";"Decrescente";"Céu Claro";"Simples";"Interseção de Vias";"Sim";3;0;0;0;2;3;0;5;-7,51606588;-46,03475332;"SPRF-MA";"DEL05-MA";"UOP01-DEL05-MA"
346721;2021-03-17;"quarta-feira";"10:00:00";"MT";364;177,8;"PEDRA PRETA";"Condutor Dormindo";"Tombamento";"Sem Vítimas";"Pleno dia";"Decrescente";"Céu Claro";"Simples";"Curva";"Sim";2;0;0;0;1;3;0;4;-16,611138;-54,466172;"SPRF-MT";"DEL02-MT";"UOP01-DEL02-MT"
346725;2021-03-17;"quarta-feira";"13:00:00";"PR";277;124;"CAMPO LARGO";"Ausência de reação do condutor";"Colisão lateral mesmo sentido";"Com Vítimas Feridas";"Pleno dia";"Crescente";"Nublado";"Dupla";"Reta";"Sim";3;0;0;1;1;1;1;3;-25,4472505;-49,47885404;"SPRF-PR";"DEL01-PR";"UOP03-DEL03-PR"
346727;2021-03-17;"quarta-feira";"14:20:00";"RJ";116;165,9;"RIO DE JANEIRO";"Transitar na contramão";"Colisão frontal";"Com Vítimas Fatais";"Pleno dia";"Crescente";"Céu Claro";"Dupla";"Reta";"Não";2;1;0;0;1;0;0;2;-22,8081495;-43,34072113;"SPRF-RJ";"DEL01-RJ";"UOP01-DEL01-RJ"
346730;2021-03-06;"sábado";"22:10:00";"MS";267;298,5;"RIO BRILHANTE";"Ingestão de álcool pelo condutor";"Colisão com objeto";"Com Vítimas Feridas";"Plena Noite";"Decrescente";"Chuva";"Simples";"Rotatória";"Não";2;0;1;0;0;1;1;2;-21,75925651;-54,59208058;"SPRF-MS";"DEL02-MS";"UOP02-DEL02-MS"
346732;2021-03-17;"quarta-feira";"12:45:00";"SC";116;191,8;"SAO CRISTOVAO DO SUL";"Velocidade Incompatível";"Colisão frontal";"Com Vítimas Fatais";"Pleno dia";"Crescente";"Chuva";"Simples";"Reta";"Não";3;1;1;0;1;0;1;3;-27,3586349;-50,4352575;"SPRF-SC";"DEL05-SC";"UOP03-DEL05-SC"
346734;2021-03-17;"quarta-feira";"15:47:00";"PR";272;395,1;"FAROL";"Condutor deixou de manter distância do veículo da frente";"Colisão traseira";"Com Vítimas Feridas";"Pleno dia";"Decrescente";"Sol";"Simples";"Aclive;Reta";"Não";2;0;0;1;1;0;1;2;-24,09346878;-52,65094678;"SPRF-PR";"DEL09-PR";"UOP03-DEL09-PR"
346741;2021-03-17;"quarta-feira";"15:50:00";"SC";280;56;"GUARAMIRIM";"Manobra de mudança de faixa";"Colisão lateral mesmo sentido";"Com Vítimas Feridas";"Pleno dia";"Crescente";"Nublado";"Simples";"Reta";"Sim";4;0;2;0;2;0;2;3;-26,47947677;-49,00298702;"SPRF-SC";"DEL03-SC";"UOP03-DEL03-SC"
346742;2021-03-17;"quarta-feira";"15:00:00";"MG";354;711,3;"CAXAMBU";"Velocidade Incompatível";"Tombamento";"Com Vítimas Feridas";"Pleno dia";"Crescente";"Céu Claro";"Simples";"Curva";"Não";5;0;1;3;0;1;4;3;-22,04204927;-44,92858887;"SPRF-MG";"DEL17-MG";"UOP01-DEL17-MG"
346743;2021-03-17;"quarta-feira";"14:21:00";"MG";365;663,9;"MONTE ALEGRE DE MINAS";"Reação tardia ou ineficiente do condutor";"Colisão lateral mesmo sentido";"Com Vítimas Feridas";"Pleno dia";"Crescente";"Céu Claro";"Dupla";"Curva";"Não";3;0;1;0;1;2;1;4;-18,89099783;-48,6769674;"SPRF-MG";"DEL15-MG";"UOP01-DEL15-MG"
346746;2021-03-17;"quarta-feira";"11:40:00";"BA";101;828;"ITAMARAJU";"Curva acentuada";"Tombamento";"Com Vítimas Feridas";"Pleno dia";"Decrescente";"Nublado";"Simples";"Curva";"Não";2;0;1;0;0;1;1;2;-17,161139;-39,572502;"SPRF-BA";"DEL09-BA";"UOP02-DEL09-BA"
346748;2021-03-17;"quarta-feira";"16:00:00";"RS";285;46,7;"BOM JESUS";"Ausência de reação do condutor";"Capotamento";"Com Vítimas Feridas";"Pleno dia";"Crescente";"Céu Claro";"Simples";"Reta";"Não";1;0;1;0;0;0;1;1;-28,680389;-50,30463;"SPRF-RS";"DEL05-RS";"UOP03-DEL05-RS"
346754;2021-03-17;"quarta-feira";"16:15:00";"RJ";0;0;"DUQUE DE CAXIAS";"Reação tardia ou ineficiente do condutor";"Colisão transversal";"Com Vítimas Fatais";"Pleno dia";"Não Informado";"Céu Claro";"Simples";"Reta";"Não";3;1;0;0;1;1;0;3;-22,81074068;-43,28844363;"SPRF-RJ";"DEL01-RJ";"UOP01-DEL01-RJ"
346757;2021-03-17;"quarta-feira";"12:40:00";"SC";282;207;"LAGES";"Pista Escorregadia";"Tombamento";"Com Vítimas Feridas";"Pleno dia";"Decrescente";"Nublado";"Simples";"Rotatória";"Sim";1;0;1;0;0;0;1;1;-27,773464;-50,202095;"SPRF-SC";"DEL05-SC";"UOP01-DEL05-SC"
346759;2021-02-12;"sexta-feira";"15:40:00";"SC";282;580;"PINHALZINHO";"Ultrapassagem Indevida";"Colisão frontal";"Com Vítimas Fatais";"Pleno dia";"Crescente";"Chuva";"Simples";"Curva;Aclive";"Sim";4;2;0;1;1;0;1;2;-26,83401902;-52,99249303;"SPRF-SC";"DEL07-SC";"UOP02-DEL07-SC"
346761;2021-03-17;"quarta-feira";"15:20:00";"SC";282;503,9;"XANXERE";"Condutor Dormindo";"Colisão com objeto";"Com Vítimas Feridas";"Pleno dia";"Decrescente";"Nublado";"Dupla";"Aclive;Curva";"Não";1;0;1;0;0;0;1;1;-26,88492;-52,399788;"SPRF-SC";"DEL07-SC";"UOP01-DEL07-SC"
346763;2021-03-17;"quarta-feira";"17:15:00";"MG";116;25;"CACHOEIRA DE PAJEU";"Acessar a via sem observar a presença dos outros veículos";"Colisão transversal";"Com Vítimas Feridas";"Pleno dia";"Crescente";"Céu Claro";"Simples";"Reta";"Não";3;0;2;0;1;0;2;2;-15,87144601;-41,43021999;"SPRF-BA";"DEL08-BA";"UOP03-DEL08-BA"
346765;2021-03-17;"quarta-feira";"17:00:00";"MG";40;530;"CONTAGEM";"Condutor deixou de manter distância do veículo da frente";"Colisão traseira";"Com Vítimas Feridas";"Pleno dia";"Crescente";"Nublado";"Dupla";"Declive";"Sim";3;0;1;0;2;0;1;2;-19,92064782;-44,0335681;"SPRF-MG";"DEL01-MG";"UOP02-DEL01-MG"
346776;2021-03-17;"quarta-feira";"15:40:00";"MS";267;476,6;"GUIA LOPES DA LAGUNA";"Ausência de reação do condutor";"Colisão com objeto";"Sem Vítimas";"Pleno dia";"Decrescente";"Chuva";"Dupla";"Retorno Regulamentado";"Sim";2;0;0;0;1;1;0;2;-21,44944551;-56,10586729;"SPRF-MS";"DEL05-MS";"UOP01-DEL05-MS"
346780;2021-03-17;"quarta-feira";"18:00:00";"MT";163;826;"SINOP";"Acumulo de água sobre o pavimento";"Tombamento";"Com Vítimas Feridas";"Anoitecer";"Crescente";"Chuva";"Simples";"Retorno Regulamentado";"Sim";3;0;1;0;1;1;1;3;-12,067608;-55,51749791;"SPRF-MT";"DEL06-MT";"UOP01-DEL06-MT"
346781;2021-03-17;"quarta-feira";"17:40:00";"SC";101;364;"SANGAO";"Ausência de reação do condutor";"Colisão lateral mesmo sentido";"Com Vítimas Feridas";"Plena Noite";"Decrescente";"Céu Claro";"Dupla";"Reta";"Não";4;0;2;0;1;1;2;3;-28,67821759;-49,13926425;"SPRF-SC";"DEL02-SC";"UOP01-DEL02-SC"
346788;2021-03-17;"quarta-feira";"19:10:00";"ES";101;293,3;"CARIACICA";"Condutor deixou de manter distância do veículo da frente";"Colisão traseira";"Com Vítimas Feridas";"Plena Noite";"Crescente";"Céu Claro";"Dupla";"Em Obras";"Sim";2;0;0;1;0;1;1;2;-20,31526144;-40,39567044;"SPRF-ES";"DEL01-ES";"UOP01-DEL01-ES"
346789;2021-02-17;"quarta-feira";"15:32:00";"MG";381;210,1;"NAQUE";"Velocidade Incompatível";"Colisão frontal";"Com Vítimas Fatais";"Pleno dia";"Decrescente";"Nublado";"Simples";"Reta";"Não";2;1;0;0;1;0;0;2;-19,22999819;-42,32682471;"SPRF-MG";"DEL06-MG";"UOP01-DEL06-MG"
346790;2021-03-17;"quarta-feira";"18:20:00";"BA";367;28;"PORTO SEGURO";"Acesso irregular";"Colisão transversal";"Com Vítimas Feridas";"Plena Noite";"Crescente";"Céu Claro";"Simples";"Reta";"Não";2;0;1;0;1;0;1;2;-16,41760283;-39,10888793;"SPRF-BA";"DEL09-BA";"UOP01-DEL09-BA"
346800;2021-03-17;"quarta-feira";"15:30:00";"BA";116;170;"CANUDOS";"Ultrapassagem Indevida";"Tombamento";"Sem Vítimas";"Pleno dia";"Decrescente";"Céu Claro";"Simples";"Reta";"Não";2;0;0;0;1;2;0;3;-10,11092692;-39,12622884;"SPRF-BA";"DEL07-BA";"UOP02-DEL07-BA"
346804;2021-03-17;"quarta-feira";"22:00:00";"MG";262;535;"LUZ";"Ausência de reação do condutor";"Incêndio";"Sem Vítimas";"Plena Noite";"Decrescente";"Vento";"Simples";"Reta";"Não";1;0;0;0;1;0;0;1;-19,77440707;-45,76091301;"SPRF-MG";"DEL08-MG";"UOP02-DEL08-MG"
346808;2021-03-17;"quarta-feira";"22:10:00";"MG";381;438,6;"SABARA";"Velocidade Incompatível";"Tombamento";"Com Vítimas Feridas";"Plena Noite";"Decrescente";"Céu Claro";"Dupla";"Interseção de Vias;Curva;Declive";"Não";2;0;0;1;0;1;1;2;-19,81160206;-43,79604396;"SPRF-MG";"DEL01-MG";"UOP01-DEL01-MG"