"id";"data_inversa";"dia_semana";"horario";"uf";"br";"km";"municipio";"causa_acidente";"tipo_acidente";"classificacao_acidente";"fase_dia";"sentido_via";"condicao_metereologica";"tipo_pista";"tracado_via";"uso_solo";"pessoas";"mortos";"feridos_leves";"feridos_graves";"ilesos";"ignorados";"feridos";"veiculos";"latitude";"longitude";"regional";"delegacia";"uop"
347442;2021-03-21;"domingo";"17:12:00";"SC";101;430;"SOMBRIO";"Ultrapassagem Indevida";"Colisão lateral mesmo sentido";"Com Vítimas Feridas";"Pleno dia";"Crescente";"Nublado";"Dupla";"Reta";"Sim";3;0;1;0;1;1;1;3;-29,05578387;-49,62209542;"SPRF-SC";"DEL02-SC";"UOP02-DEL02-SC"
347452;2021-03-21;"domingo";"17:40:00";"PR";476;271;"SAO MATEUS DO SUL";"Reação tardia ou ineficiente do condutor";"Colisão lateral sentido oposto";"Com Vítimas Feridas";"Anoitecer";"Crescente";"Nublado";"Simples";"Reta";"Não";5;0;2;0;3;0;2;4;-25,89579;-50,348907;"SPRF-PR";"DEL02-PR";"UOP04-DEL02-PR"
347484;2021-03-17;"quarta-feira";"04:55:00";"SC";282;520,6;"XAXIM";"Velocidade Incompatível";"Colisão com objeto";"Sem Vítimas";"Plena Noite";"Crescente";"Chuva";"Simples";"Rotatória";"Sim";2;0;0;0;1;1;0;2;-26,950415;-52,526096;"SPRF-SC";"DEL07-SC";"UOP01-DEL07-SC"
347486;2021-03-21;"domingo";"20:55:00";"MG";381;880;"ESTIVA";"Reação tardia ou ineficiente do condutor";"Colisão traseira";"Com Vítimas Feridas";"Plena Noite";"Crescente";"Céu Claro";"Dupla";"Curva";"Não";6;0;1;0;4;1;1;3;-22,50771497;-46,01674307;"SPRF-MG";"DEL16-MG";"UOP01-DEL16-MG"
347491;2021-03-21;"domingo";"17:45:00";"TO";153;740,5;"ALVORADA";"Ingestão de álcool pelo condutor";"Colisão traseira";"Sem Vítimas";"Pleno dia";"Crescente";"Céu Claro";"Simples";"Reta";"Não";2;0;0;0;1;1;0;2;-12,29802612;-49,15640939;"SPRF-TO";"DEL01-TO";"UOP02-DEL01-TO"
347492;2021-03-21;"domingo";"20:40:00";"RS";470;164;"VILA FLORES";"Velocidade Incompatível";"Tombamento";"Com Vítimas Feridas";"Plena Noite";"Crescente";"Céu Claro";"Simples";"Curva;Declive";"Não";2;0;1;0;0;1;1;2;-28,83381495;-51,57472392;"SPRF-RS";"DEL06-RS";"UOP02-DEL06-RS"
347500;2021-03-21;"domingo";"22:09:00";"BA";242;800;"BARREIRAS";"Condutor deixou de manter distância do veículo da frente";"Colisão traseira";"Com Vítimas Feridas";"Plena Noite";"Crescente";"Céu Claro";"Simples";"Reta";"Não";2;0;1;0;0;1;1;2;-12,1185778;-45,0558164;"SPRF-BA";"DEL10-BA";"UOP01-DEL10-BA"
347506;2021-03-21;"domingo";"22:00:00";"SC";282;534,3;"CORDILHEIRA ALTA";"Ingestão de álcool pelo condutor";"Colisão frontal";"Com Vítimas Feridas";"Plena Noite";"Decrescente";"Céu Claro";"Simples";"Curva";"Sim";2;0;1;0;1;0;1;2;-26,996832;-52,634586;"SPRF-SC";"DEL07-SC";"UOP01-DEL07-SC"
347510;2021-03-21;"domingo";"18:00:00";"RS";116;66,1;"CAMPESTRE DA SERRA";"Velocidade Incompatível";"Tombamento";"Com Vítimas Feridas";"Anoitecer";"Decrescente";"Céu Claro";"Simples";"Curva";"Não";1;0;1;0;0;0;1;1;-28,68668007;-51,06935396;"SPRF-RS";"DEL05-RS";"UOP03-DEL05-RS"
347511;2021-03-22;"segunda-feira";"00:00:00";"PR";116;169;"QUITANDINHA";"Condutor Dormindo";"Colisão frontal";"Com Vítimas Fatais";"Plena Noite";"Decrescente";"Céu Claro";"Simples";"Reta;Declive";"Não";5;1;0;0;3;2;0;5;-25,89195191;-49,53241762;"SPRF-PR";"DEL01-PR";"UOP03-DEL01-PR"
347512;2021-03-21;"domingo";"17:30:00";"MS";262;110;"AGUA CLARA";"Avarias e/ou desgaste excessivo no pneu";"Incêndio";"Sem Vítimas";"Anoitecer";"Crescente";"Céu Claro";"Simples";"Reta";"Não";2;0;0;0;1;1;0;2;-20,53159269;-52,58125487;"SPRF-MS";"DEL07-MS";"UOP02-DEL07-MS"
347518;2021-03-21;"domingo";"22:30:00";"PA";230;588;"VITORIA DO XINGU";"Reação tardia ou ineficiente do condutor";"Tombamento";"Com Vítimas Feridas";"Plena Noite";"Decrescente";"Céu Claro";"Simples";"Declive";"Não";2;0;0;1;0;1;1;2;-3,11384829;-51,82398045;"SPRF-PA";"DEL04-PA";"UOP01-DEL04-PA"
347522;2021-03-22;"segunda-feira";"04:25:00";"SP";381;55;"MAIRIPORA";"Condutor deixou de manter distância do veículo da frente";"Colisão lateral mesmo sentido";"Com Vítimas Feridas";"Plena Noite";"Decrescente";"Ignorado";"Dupla";"Declive";"Não";4;0;2;0;1;1;2;3;-23,25207404;-46,59480386;"SPRF-SP";"DEL03-SP";"UOP01-DEL03-SP"
347526;2021-03-22;"segunda-feira";"04:25:00";"PE";101;93,6;"CABO DE SANTO AGOSTINHO";"Demais falhas mecânicas ou elétricas";"Incêndio";"Sem Vítimas";"Plena Noite";"Decrescente";"Céu Claro";"Dupla";"Reta";"Não";2;0;0;0;1;1;0;2;-8,2396419;-35,00335418;"SPRF-PE";"DEL01-PE";"UOP03-DEL01-PE"
347532;2021-03-22;"segunda-feira";"06:30:00";"RS";116;564;"PEDRO OSORIO";"Desrespeitar a preferência no cruzamento";"Colisão transversal";"Com Vítimas Feridas";"Amanhecer";"Crescente";"Céu Claro";"Simples";"Interseção de Vias";"Não";4;0;2;0;1;1;2;3;-31,92693024;-52,7268519;"SPRF-RS";"DEL07-RS";"UOP03-DEL07-RS"
347540;2021-03-22;"segunda-feira";"06:32:00";"CE";116;17,6;"EUSEBIO";"Ausência de reação do condutor";"Engavetamento";"Sem Vítimas";"Pleno dia";"Decrescente";"Nublado";"Dupla";"Aclive";"Sim";8;0;0;0;8;0;0;8;-3,89617918;-38,50336042;"SPRF-CE";"DEL01-CE";"UOP02-DEL01-CE"
347543;2021-03-22;"segunda-feira";"04:00:00";"BA";116;492;"RAFAEL JAMBEIRO";"Velocidade Incompatível";"Tombamento";"Sem Vítimas";"Plena Noite";"Crescente";"Céu Claro";"Dupla";"Reta";"Não";2;0;0;0;1;1;0;2;-12,55713706;-39,46609397;"SPRF-BA";"DEL02-BA";"UOP01-DEL02-BA"
347547;2021-03-22;"segunda-feira";"07:00:00";"ES";101;146;"LINHARES";"Condutor deixou de manter distância do veículo da frente";"Engavetamento";"Com Vítimas Feridas";"Pleno dia";"Crescente";"Céu Claro";"Múltipla";"Reta";"Sim";5;0;2;0;3;0;2;5;-19,36983869;-40,06582975;"SPRF-ES";"DEL04-ES";"UOP01-DEL04-ES"
347558;2021-02-28;"domingo";"10:11:00";"SP";116;543;"BARRA DO TURVO";"Reação tardia ou ineficiente do condutor";"Colisão com objeto";"Com Vítimas Feridas";"Pleno dia";"Decrescente";"Garoa/Chuvisco";"Dupla";"Curva";"Não";2;0;1;0;0;2;1;3;-24,96228975;-48,41383577;"SPRF-SP";"DEL05-SP";"UOP02-DEL05-SP"
347562;2021-03-22;"segunda-feira";"09:50:00";"SP";116;221;"GUARULHOS";"Entrada inopinada do pedestre";"Atropelamento de Pedestre";"Com Vítimas Feridas";"Pleno dia";"Crescente";"Céu Claro";"Simples";"Reta";"Não";2;0;1;0;1;0;1;2;-23,46802395;-46,50704901;"SPRF-SP";"DEL01-SP";"UOP01-DEL01-SP"
347563;2021-03-22;"segunda-feira";"09:20:00";"SP";116;214;"GUARULHOS";"Ausência de reação do condutor";"Colisão lateral mesmo sentido";"Com Vítimas Feridas";"Pleno dia";"Crescente";"Céu Claro";"Múltipla";"Reta";"Sim";5;0;1;0;3;2;1;4;-23,4433301365;-46,4453129406;"SPRF-SP";"DEL01-SP";"UOP01-DEL01-SP"
347564;2021-03-22;"segunda-feira";"10:02:00";"PE";101;84,4;"JABOATAO DOS GUARARAPES";"Carga excessiva e/ou mal acondicionada";"Colisão frontal";"Com Vítimas Feridas";"Pleno dia";"Decrescente";"Céu Claro";"Dupla";"Reta";"Não";4;0;2;0;1;1;2;3;-8,17778559;-34,95087297;"SPRF-PE";"DEL01-PE";"UOP03-DEL01-PE"
347566;2021-02-26;"sexta-feira";"18:40:00";"MT";70;516;"VARZEA GRANDE";"Acessar a via sem observar a presença dos outros veículos";"Colisão transversal";"Com Vítimas Feridas";"Plena Noite";"Crescente";"Céu Claro";"Simples";"Reta";"Sim";4;0;0;1;2;1;1;3;-15,70584518;-56,1437713;"SPRF-MT";"DEL01-MT";"UOP02-DEL01-MT"
347567;2021-03-22;"segunda-feira";"10:00:00";"PR";153;205,7;"TIBAGI";"Acessar a via sem observar a presença dos outros veículos";"Colisão transversal";"Com Vítimas Feridas";"Pleno dia";"Crescente";"Céu Claro";"Simples";"Reta";"Não";3;0;2;0;0;2;2;4;-24,50625204;-50,44146254;"SPRF-PR";"DEL03-PR";"UOP02-DEL03-PR"
347575;2021-03-22;"segunda-feira";"09:40:00";"RJ";40;96;"DUQUE DE CAXIAS";"Demais falhas mecânicas ou elétricas";"Tombamento";"Com Vítimas Feridas";"Pleno dia";"Decrescente";"Céu Claro";"Simples";"Curva";"Não";3;0;2;0;0;1;2;2;-22,58293864;-43,26133847;"SPRF-RJ";"DEL01-RJ";"UOP01-DEL01-RJ"
347578;2021-03-22;"segunda-feira";"09:10:00";"AC";364;110,6;"RIO BRANCO";"Condutor deixou de manter distância do veículo da frente";"Colisão traseira";"Com Vítimas Feridas";"Pleno dia";"Decrescente";"Céu Claro";"Simples";"Reta";"Não";2;0;1;0;1;0;1;2;-10,01402531;-67,66508801;"SPRF-AC";"DEL01-AC";"UOP01-DEL01-AC"
347597;2021-03-22;"segunda-feira";"13:45:00";"MG";40;511;"RIBEIRAO DAS NEVES";"Condutor deixou de manter distância do veículo da frente";"Colisão traseira";"Com Vítimas Fatais";"Pleno dia";"Decrescente";"Céu Claro";"Dupla";"Interseção de Vias";"Sim";4;1;0;0;2;2;0;5;-19,78221128;-44,11695242;"SPRF-MG";"DEL01-MG";"UOP02-DEL01-MG"
347599;2021-03-22;"segunda-feira";"12:00:00";"ES";101;8,5;"PEDRO CANARIO";"Velocidade Incompatível";"Tombamento";"Sem Vítimas";"Pleno dia";"Crescente";"Céu Claro";"Simples";"Curva";"Não";2;0;0;0;1;2;0;3;-18,23027961;-39,95278417;"SPRF-ES";"DEL04-ES";"UOP02-DEL04-ES"
347602;2021-03-22;"segunda-feira";"11:00:00";"GO";364;75;"CACHOEIRA ALTA";"Falta de elemento de contenção que evite a saída do leito carroçável";"Tombamento";"Com Vítimas Feridas";"Pleno dia";"Crescente";"Céu Claro";"Simples";"Reta";"Não";2;0;1;0;0;1;1;2;-18,623442;-51,029392;"SPRF-GO";"DEL05-GO";"UOP02-DEL05-GO"
347610;2021-03-22;"segunda-feira";"13:30:00";"MG";381;906;"CAMBUI";"Demais falhas mecânicas ou elétricas";"Engavetamento";"Com Vítimas Feridas";"Pleno dia";"Decrescente";"Céu Claro";"Dupla";"Reta;Declive";"Não";5;0;1;0;3;10;1;14;-22,70254777;-46,11752735;"SPRF-MG";"DEL16-MG";"UOP03-DEL16-MG"
347612;2021-03-22;"segunda-feira";"14:15:00";"SC";282;223,5;"LAGES";"Velocidade Incompatível";"Saída de leito carroçável";"Com Vítimas Feridas";"Pleno dia";"Decrescente";"Chuva";"Simples";"Curva";"Não";2;0;1;0;0;1;1;2;-27,79819363;-50,35786455;"SPRF-SC";"DEL05-SC";"UOP02-DEL05-SC"
347613;2021-03-22;"segunda-feira";"15:15:00";"MG";251;474,2;"FRANCISCO SA";"Transitar no acostamento";"Tombamento";"Com Vítimas Fatais";"Pleno dia";"Decrescente";"Céu Claro";"Simples";"Curva;Aclive";"Não";4;1;0;0;1;2;0;4;-16,47130466;-43,45673904;"SPRF-MG";"DEL12-MG";"UOP01-DEL12-MG"
347616;2021-03-22;"segunda-feira";"14:50:00";"MG";251;472,2;"FRANCISCO SA";"Velocidade Incompatível";"Tombamento";"Com Vítimas Feridas";"Pleno dia";"Crescente";"Sol";"Simples";"Curva";"Não";3;0;1;0;1;1;1;3;-16,4669101;-43,43947986;"SPRF-MG";"DEL12-MG";"UOP01-DEL12-MG"
347617;2021-03-22;"segunda-feira";"08:44:00";"TO";153;783,9;"TALISMA";"Ultrapassagem Indevida";"Tombamento";"Com Vítimas Feridas";"Pleno dia";"Decrescente";"Céu Claro";"Simples";"Reta";"Não";2;0;0;1;0;2;1;3;-12,666674;-49,06649297;"SPRF-TO";"DEL01-TO";"UOP02-DEL01-TO"
347622;2021-03-22;"segunda-feira";"15:50:00";"SC";101;276,7;"IMBITUBA";"Acessar a via sem observar a presença dos outros veículos";"Tombamento";"Com Vítimas Feridas";"Pleno dia";"Decrescente";"Chuva";"Dupla";"Reta";"Sim";3;0;1;0;1;1;1;3;-28,14644701;-48,69204746;"SPRF-SC";"DEL02-SC";"UOP03-DEL02-SC"
347624;2021-03-22;"segunda-feira";"15:25:00";"SC";282;223,5;"LAGES";"Velocidade Incompatível";"Saída de leito carroçável";"Com Vítimas Feridas";"Pleno dia";"Decrescente";"Chuva";"Simples";"Curva";"Não";1;0;1;0;0;0;1;1;-27,800127;-50,362751;"SPRF-SC";"DEL05-SC";"UOP02-DEL05-SC"
347632;2021-03-22;"segunda-feira";"16:25:00";"SC";470;129,9;"LONTRAS";"Desrespeitar a preferência no cruzamento";"Colisão transversal";"Com Vítimas Feridas";"Pleno dia";"Crescente";"Nublado";"Simples";"Reta";"Não";4;0;2;1;1;0;3;2;-27,158847;-49,556737;"SPRF-SC";"DEL04-SC";"UOP02-DEL04-SC"
347633;2021-03-22;"segunda-feira";"16:00:00";"MG";116;744,2;"LEOPOLDINA";"Acessar a via sem observar a presença dos outros veículos";"Colisão transversal";"Com Vítimas Feridas";"Pleno dia";"Crescente";"Céu Claro";"Simples";"Reta";"Não";2;0;1;0;1;0;1;2;-21,42227206;-42,50880191;"SPRF-MG";"DEL07-MG";"UOP01-DEL07-MG"
347634;2021-02-02;"terça-feira";"19:15:00";"CE";20;354;"CARIDADE";"Ultrapassagem Indevida";"Colisão traseira";"Com Vítimas Feridas";"Plena Noite";"Crescente";"Céu Claro";"Simples";"Curva";"Não";6;0;3;2;0;1;5;2;-4,06007864;-39,02747244;"SPRF-CE";"DEL02-CE";"UOP01-DEL02-CE"
347636;2021-03-22;"segunda-feira";"16:30:00";"MT";163;657;"LUCAS DO RIO VERDE";"Ultrapassagem Indevida";"Colisão lateral mesmo sentido";"Sem Vítimas";"Pleno dia";"Decrescente";"Céu Claro";"Simples";"Reta";"Não";3;0;0;0;2;1;0;3;-13,324;-56,048;"SPRF-MT";"DEL06-MT";"UOP01-DEL06-MT"
347637;2021-03-22;"segunda-feira";"17:09:00";"TO";153;148,4;"ARAGUAINA";"Reação tardia ou ineficiente do condutor";"Colisão lateral mesmo sentido";"Sem Vítimas";"Pleno dia";"Decrescente";"Céu Claro";"Dupla";"Reta";"Sim";2;0;0;0;2;0;0;2;-7,234103;-48,25328;"SPRF-TO";"DEL02-TO";"UOP01-DEL02-TO"
347638;2021-03-18;"quinta-feira";"01:50:00";"BA";101;269;"LAJE";"Ausência de reação do condutor";"Incêndio";"Sem Vítimas";"Amanhecer";"Decrescente";"Céu Claro";"Simples";"Aclive";"Não";1;0;0;0;1;0;0;1;-13,11564207;-39,2877458;"SPRF-BA";"DEL01-BA";"UOP02-DEL01-BA"
347639;2021-03-22;"segunda-feira";"17:20:00";"BA";110;135;"CICERO DANTAS";"Acumulo de água sobre o pavimento";"Tombamento";"Sem Vítimas";"Anoitecer";"Decrescente";"Chuva";"Dupla";"Curva";"Não";2;0;0;0;1;1;0;2;-10,58317696;-38,37435277;"SPRF-BA";"DEL07-BA";"UOP02-DEL07-BA"
347643;2021-03-22;"segunda-feira";"18:00:00";"RS";386;432;"NOVA SANTA RITA";"Acessar a via sem observar a presença dos outros veículos";"Colisão transversal";"Com Vítimas Feridas";"Anoitecer";"Decrescente";"Céu Claro";"Simples";"Declive";"Não";3;0;1;0;1;1;1;3;-29,839495;-51,29866546;"SPRF-RS";"DEL04-RS";"UOP02-DEL04-RS"
347648;2021-03-22;"segunda-feira";"17:35:00";"PR";153;18,7;"JACAREZINHO";"Manobra de mudança de faixa";"Colisão lateral mesmo sentido";"Com Vítimas Feridas";"Pleno dia";"Crescente";"Céu Claro";"Simples";"Aclive";"Sim";3;0;0;1;1;1;1;3;-23,14321582;-49,94911225;"SPRF-PR";"DEL07-PR";"UOP04-DEL07-PR"
347654;2021-03-22;"segunda-feira";"19:15:00";"MG";116;752,1;"LEOPOLDINA";"Transitar na contramão";"Colisão frontal";"Com Vítimas Fatais";"Plena Noite";"Crescente";"Céu Claro";"Simples";"Reta";"Não";5;2;0;0;1;3;0;5;-21,46220391;-42,55638215;"SPRF-MG";"DEL07-MG";"UOP01-DEL07-MG"
347657;2021-03-22;"segunda-feira";"12:25:00";"SP";116;518;"CAJATI";"Reação tardia ou ineficiente do condutor";"Tombamento";"Sem Vítimas";"Pleno dia";"Crescente";"Céu Claro";"Simples";"Reta";"Não";2;0;0;0;1;1;0;2;-24,88391594;-48,22626356;"SPRF-SP";"DEL05-SP";"UOP02-DEL05-SP"
347659;2021-03-22;"segunda-feira";"18:00:00";"MS";158;251,4;"TRES LAGOAS";"Ingestão de álcool pelo condutor";"Colisão lateral sentido oposto";"Sem Vítimas";"Anoitecer";"Crescente";"Céu Claro";"Simples";"Curva";"Não";3;0;0;0;2;2;0;4;-20,659103;-51,795643;"SPRF-MS";"DEL07-MS";"UOP01-DEL07-MS"
347662;2021-02-21;"domingo";"13:00:00";"MG";262;586,1;"CAMPOS ALTOS";"Pista Escorregadia";"Colisão frontal";"Com Vítimas Feridas";"Pleno dia";"Decrescente";"Chuva";"Simples";"Curva";"Não";4;0;0;1;2;2;1;4;-19,66225488;-46,10030694;"SPRF-MG";"DEL08-MG";"UOP02-DEL08-MG"
347667;2021-03-22;"segunda-feira";"20:45:00";"RS";471;192;"PANTANO GRANDE";"Transitar na contramão";"Colisão frontal";"Com Vítimas Fatais";"Plena Noite";"Decrescente";"Céu Claro";"Simples";"Reta";"Não";3;1;0;1;0;1;1;3;-30,1540335;-52,37422943;"SPRF-RS";"DEL02-RS";"UOP03-DEL02-RS"
347668;2021-03-22;"segunda-feira";"19:30:00";"PI";343;307,2;"ALTOS";"Estacionar ou parar em local proibido";"Colisão com objeto";"Sem Vítimas";"Plena Noite";"Decrescente";"Nublado";"Simples";"Reta";"Sim";2;0;0;0;1;1;0;2;-5,039802;-42,459518;"SPRF-PI";"DEL01-PI";"UOP01-DEL01-PI"
347670;2021-03-22;"segunda-feira";"20:00:00";"MA";230;403;"BALSAS";"Demais falhas mecânicas ou elétricas";"Eventos atípicos";"Sem Vítimas";"Plena Noite";"Crescente";"Céu Claro";"Simples";"Reta";"Sim";3;0;0;0;1;3;0;4;-7,51686308;-46,03524183;"SPRF-MA";"DEL05-MA";"UOP01-DEL05-MA"
347671;2021-02-28;"domingo";"15:05:00";"MG";153;33;"MONTE ALEGRE DE MINAS";"Acumulo de água sobre o pavimento";"Saída de leito carroçável";"Com Vítimas Feridas";"Pleno dia";"Decrescente";"Chuva";"Múltipla";"Declive";"Não";2;0;1;0;0;1;1;2;-18,8684187;-49,0540819;"SPRF-MG";"DEL15-MG";"UOP03-DEL15-MG"
347679;2021-03-22;"segunda-feira";"20:35:00";"MT";364;520,3;"ROSARIO OESTE";"Ausência de reação do condutor";"Tombamento";"Com Vítimas Feridas";"Plena Noite";"Decrescente";"Ignorado";"Simples";"Reta";"Não";2;0;1;0;0;2;1;3;-15,09401099;-56,51930619;"SPRF-MT";"DEL01-MT";"UOP01-DEL01-MT"
347683;2021-03-22;"segunda-feira";"21:16:00";"RS";392;314,2;"SAO SEPE";"Manobra de mudança de faixa";"Saída de leito carroçável";"Com Vítimas Feridas";"Plena Noite";"Decrescente";"Nublado";"Simples";"Reta";"Não";3;0;1;0;0;3;1;4;-30,03826506;-53,67951814;"SPRF-RS";"DEL09-RS";"UOP01-DEL09-RS"
347684;2021-03-23;"terça-feira";"02:30:00";"PE";232;269,8;"SERTANIA";"Animais na Pista";"Tombamento";"Com Vítimas Feridas";"Plena Noite";"Crescente";"Céu Claro";"Simples";"Reta";"Não";1;0;1;0;0;0;1;1;-8,40520693;-37,20955497;"SPRF-PE";"DEL03-PE";"UOP02-DEL03-PE"
347689;2021-03-23;"terça-feira";"02:15:00";"RJ";40;20;"TRES RIOS";"Condutor Dormindo";"Tombamento";"Com Vítimas Feridas";"Plena Noite";"Crescente";"Céu Claro";"Dupla";"Curva";"Não";2;0;1;0;0;1;1;2;-22,10981577;-43,16180706;"SPRF-RJ";"DEL05-RJ";"UOP02-DEL05-RJ"
347691;2021-03-22;"segunda-feira";"21:32:00";"MT";174;567;"COMODORO";"Chuva";"Tombamento";"Sem Vítimas";"Plena Noite";"Crescente";"Chuva";"Simples";"Reta";"Não";2;0;0;0;1;3;0;4;-13,02834719;-59,91864419;"SPRF-RO";"DEL04-RO";"UOP01-DEL04-RO"
347692;2021-03-22;"segunda-feira";"20:20:00";"SC";116;117,1;"SANTA CECILIA";"Carga excessiva e/ou mal acondicionada";"Tombamento";"Com Vítimas Feridas";"Plena Noite";"Crescente";"Garoa/Chuvisco";"Simples";"Curva;Declive";"Não";2;0;1;0;0;1;1;2;-26,81731599;-50,35097407;"SPRF-SC";"DEL06-SC";"UOP02-DEL06-SC"
347695;2021-03-23;"terça-feira";"05:45:00";"RN";304;39,2;"MOSSORO";"Declive acentuado";"Tombamento";"Com Vítimas Feridas";"Amanhecer";"Decrescente";"Céu Claro";"Dupla";"Declive";"Sim";1;0;1;0;0;0;1;1;-5,18846685;-37,37410298;"SPRF-RN";"DEL04-RN";"UOP02-DEL04-RN"
347698;2021-03-23;"terça-feira";"04:00:00";"SP";116;360;"MIRACATU";"Velocidade Incompatível";"Tombamento";"Com Vítimas Feridas";"Plena Noite";"Decrescente";"Céu Claro";"Dupla";"Curva";"Não";2;0;1;0;0;1;1;2;-24,11248793;-47,26510606;"SPRF-SP";"DEL04-SP";"UOP02-DEL04-SP"
347703;2021-03-23;"terça-feira";"07:10:00";"AL";316;149;"PALMEIRA DOS INDIOS";"Desrespeitar a preferência no cruzamento";"Colisão lateral mesmo sentido";"Com Vítimas Feridas";"Pleno dia";"Crescente";"Céu Claro";"Simples";"Interseção de Vias";"Não";3;0;1;0;2;0;1;2;-9,41201539;-36,68062126;"SPRF-AL";"DEL03-AL";"UOP01-DEL03-AL"
347708;2021-03-23;"terça-feira";"07:10:00";"RJ";116;226,4;"PIRAI";"Problema com o freio";"Colisão com objeto";"Com Vítimas Feridas";"Pleno dia";"Decrescente";"Céu Claro";"Simples";"Curva";"Não";2;0;1;0;0;1;1;2;-22,66661066;-43,83888245;"SPRF-RJ";"DEL07-RJ";"UOP01-DEL07-RJ"
347709;2021-03-23;"terça-feira";"06:55:00";"BA";242;900,3;"LUIS EDUARDO MAGALHAES";"Condutor deixou de manter distância do veículo da frente";"Colisão lateral mesmo sentido";"Com Vítimas Feridas";"Pleno dia";"Decrescente";"Céu Claro";"Simples";"Reta";"Não";3;0;1;0;1;3;1;5;-12,08426354;-45,74257693;"SPRF-BA";"DEL10-BA";"UOP01-DEL10-BA"
347714;2021-02-13;"sábado";"07:55:00";"RO";364;692;"PORTO VELHO";"Condutor deixou de manter distância do veículo da frente";"Colisão traseira";"Sem Vítimas";"Pleno dia";"Decrescente";"Nublado";"Dupla";"Curva;Rotatória";"Sim";4;0;0;0;1;8;0;9;-8,79733425;-63,69814797;"SPRF-RO";"DEL01-RO";"UOP01-DEL01-RO"
347715;2021-03-23;"terça-feira";"07:15:00";"RJ";40;35;"AREAL";"Velocidade Incompatível";"Tombamento";"Com Vítimas Feridas";"Pleno dia";"Decrescente";"Céu Claro";"Simples";"Curva";"Não";2;0;0;1;0;1;1;2;-22,20877957;-43,13804875;"SPRF-RJ";"DEL05-RJ";"UOP02-DEL05-RJ"
347723;2021-02-11;"quinta-feira";"09:50:00";"MG";262;549;"LUZ";"Velocidade Incompatível";"Tombamento";"Com Vítimas Feridas";"Pleno dia";"Decrescente";"Céu Claro";"Simples";"Curva";"Não";2;0;1;0;0;2;1;3;-19,72508993;-45,86948395;"SPRF-MG";"DEL08-MG";"UOP02-DEL08-MG"
347730;2021-03-23;"terça-feira";"09:10:00";"RS";285;64;"BOM JESUS";"Manobra de mudança de faixa";"Colisão lateral mesmo sentido";"Com Vítimas Feridas";"Pleno dia";"Crescente";"Nublado";"Simples";"Reta";"Não";7;0;1;0;5;1;1;3;-28,646387;-50,453144;"SPRF-RS";"DEL05-RS";"UOP03-DEL05-RS"
347733;2021-02-23;"terça-feira";"05:00:00";"PR";277;660;"MATELANDIA";"Carga excessiva e/ou mal acondicionada";"Tombamento";"Com Vítimas Feridas";"Amanhecer";"Crescente";"Céu Claro";"Dupla";"Curva;Declive";"Não";5;0;2;0;2;2;2;5;-25,25136237;-53,99027796;"SPRF-PR";"DEL05-PR";"UOP02-DEL05-PR"
347734;2021-03-23;"terça-feira";"09:10:00";"ES";482;41,7;"CACHOEIRO DE ITAPEMIRIM";"Ultrapassagem Indevida";"Colisão frontal";"Com Vítimas Feridas";"Pleno dia";"Decrescente";"Céu Claro";"Simples";"Curva";"Não";7;0;1;2;4;0;3;3;-20,76235136;-41,20394888;"SPRF-ES";"DEL03-ES";"UOP02-DEL03-ES"
347737;2021-03-23;"terça-feira";"09:55:00";"SC";282;102,4;"ALFREDO WAGNER";"Ultrapassagem Indevida";"Tombamento";"Sem Vítimas";"Pleno dia";"Decrescente";"Nublado";"Simples";"Curva";"Não";3;0;0;0;2;1;0;3;-27,694818;-49,314419;"SPRF-SC";"DEL01-SC";"UOP03-DEL01-SC"
347741;2021-03-23;"terça-feira";"11:30:00";"MG";381;913;"CAMANDUCAIA";"Velocidade Incompatível";"Tombamento";"Com Vítimas Feridas";"Pleno dia";"Crescente";"Sol";"Dupla";"Curva";"Não";2;0;1;0;0;1;1;2;-22,75390001;-46,146503;"SPRF-MG";"DEL16-MG";"UOP03-DEL16-MG"
347742;2021-02-11;"quinta-feira";"14:30:00";"PE";232;190;"BELO JARDIM";"Reação tardia ou ineficiente do condutor";"Colisão traseira";"Com Vítimas Feridas";"Pleno dia";"Crescente";"Céu Claro";"Simples";"Reta";"Não";3;0;1;1;0;1;2;2;-8,35015509;-36,45964862;"SPRF-PE";"DEL02-PE";"UOP03-DEL02-PE"
347743;2021-03-23;"terça-feira";"11:45:00";"MG";251;387,8;"GRAO MOGOL";"Condutor Dormindo";"Tombamento";"Com Vítimas Feridas";"Pleno dia";"Crescente";"Sol";"Simples";"Reta";"Não";2;0;1;0;0;1;1;2;-16,25060401;-42,84054301;"SPRF-MG";"DEL12-MG";"UOP01-DEL12-MG"
347750;2021-03-23;"terça-feira";"13:20:00";"SC";101;39;"JOINVILLE";"Sinalização mal posicionada";"Colisão com objeto";"Com Vítimas Feridas";"Pleno dia";"Crescente";"Céu Claro";"Dupla";"Curva";"Sim";4;0;1;0;2;1;1;3;-26,2628107;-48,90192257;"SPRF-SC";"DEL03-SC";"UOP01-DEL03-SC"
347751;2021-03-15;"segunda-feira";"22:30:00";"PR";280;276;"FLOR DA SERRA DO SUL";"Demais falhas mecânicas ou elétricas";"Incêndio";"Sem Vítimas";"Plena Noite";"Decrescente";"Céu Claro";"Simples";"Reta";"Não";2;0;0;0;1;1;0;2;-26,23825617;-53,18925192;"SPRF-PR";"DEL02-PR";"UOP01-DEL02-PR"