"id";"data_inversa";"dia_semana";"horario";"uf";"br";"km";"municipio";"causa_acidente";"tipo_acidente";"classificacao_acidente";"fase_dia";"sentido_via";"condicao_metereologica";"tipo_pista";"tracado_via";"uso_solo";"pessoas";"mortos";"feridos_leves";"feridos_graves";"ilesos";"ignorados";"feridos";"veiculos";"latitude";"longitude";"regional";"delegacia";"uop"
347756;2021-03-23;"terça-feira";"13:20:00";"CE";230;81,3;"VARZEA ALEGRE";"Condutor deixou de manter distância do veículo da frente";"Colisão lateral sentido oposto";"Com Vítimas Feridas";"Pleno dia";"Crescente";"Chuva";"Simples";"Reta";"Sim";4;0;0;1;3;0;1;2;-6,7922524;-39,3079452;"SPRF-CE";"DEL05-CE";"UOP01-DEL05-CE"
347761;2021-02-22;"segunda-feira";"16:40:00";"RS";116;149,1;"CAXIAS DO SUL";"Reação tardia ou ineficiente do condutor";"Colisão lateral sentido oposto";"Com Vítimas Feridas";"Pleno dia";"Decrescente";"Céu Claro";"Dupla";"Reta";"Sim";4;0;1;0;2;1;1;4;-29,1611559;-51,15673184;"SPRF-RS";"DEL05-RS";"UOP01-DEL05-RS"
347767;2021-03-23;"terça-feira";"14:00:00";"GO";153;504,6;"APARECIDA DE GOIANIA";"Velocidade Incompatível";"Colisão traseira";"Com Vítimas Feridas";"Pleno dia";"Crescente";"Céu Claro";"Dupla";"Declive;Reta";"Sim";3;0;1;0;2;0;1;2;-16,74169467;-49,24162924;"SPRF-GO";"DEL01-GO";"UOP01-DEL01-GO"
347771;2021-03-23;"terça-feira";"13:30:00";"AL";101;74;"MESSIAS";"Reação tardia ou ineficiente do condutor";"Colisão com objeto";"Sem Vítimas";"Pleno dia";"Crescente";"Chuva";"Dupla";"Reta";"Sim";1;0;0;0;1;0;0;1;-9,395538;-35,8387;"SPRF-AL";"DEL01-AL";"UOP01-DEL01-AL"
347772;2021-03-23;"terça-feira";"15:00:00";"PE";101;30;"IGARASSU";"Entrada inopinada do pedestre";"Queda de ocupante de veículo";"Com Vítimas Fatais";"Pleno dia";"Decrescente";"Céu Claro";"Dupla";"Curva";"Sim";4;1;0;0;1;3;0;5;-7,73816195;-34,94265811;"SPRF-PE";"DEL01-PE";"UOP02-DEL01-PE"
347773;2021-03-23;"terça-feira";"15:10:00";"SP";116;320;"JUQUITIBA";"Acessar a via sem observar a presença dos outros veículos";"Colisão lateral mesmo sentido";"Sem Vítimas";"Pleno dia";"Decrescente";"Sol";"Dupla";"Reta";"Sim";5;0;0;0;3;3;0;6;-23,93226;-47,00835;"SPRF-SP";"DEL04-SP";"UOP01-DEL04-SP"
347776;2021-03-23;"terça-feira";"13:50:00";"MA";135;33,2;"BACABEIRA";"Ausência de reação do condutor";"Saída de leito carroçável";"Com Vítimas Feridas";"Pleno dia";"Decrescente";"Nublado";"Dupla";"Reta";"Não";2;0;1;0;1;0;1;1;-2,83108301;-44,3745066;"SPRF-MA";"DEL01-MA";"UOP01-DEL01-MA"
347780;2021-03-23;"terça-feira";"15:10:00";"MT";158;763;"BARRA DO GARCAS";"Ultrapassagem Indevida";"Colisão lateral mesmo sentido";"Com Vítimas Feridas";"Pleno dia";"Crescente";"Céu Claro";"Simples";"Reta";"Não";4;0;1;0;2;2;1;5;-15,607033;-52,20693896;"SPRF-MT";"DEL07-MT";"UOP01-DEL07-MT"
347781;2021-03-23;"terça-feira";"09:50:00";"PR";476;222,5;"LAPA";"Curva acentuada";"Tombamento";"Com Vítimas Feridas";"Pleno dia";"Decrescente";"Céu Claro";"Múltipla";"Curva";"Não";3;0;1;0;1;1;1;2;-25,83713;-49,927334;"SPRF-PR";"DEL02-PR";"UOP04-DEL02-PR"
347786;2021-03-23;"terça-feira";"15:30:00";"MT";70;434,6;"VARZEA GRANDE";"Desrespeitar a preferência no cruzamento";"Colisão transversal";"Com Vítimas Feridas";"Pleno dia";"Decrescente";"Céu Claro";"Múltipla";"Rotatória";"Não";3;0;1;0;1;4;1;6;-15,64954819;-56,19615197;"SPRF-MT";"DEL05-MT";"UOP02-DEL05-MT"
347788;2021-03-23;"terça-feira";"15:30:00";"BA";101;755;"ITABELA";"Ingestão de álcool pelo condutor";"Colisão transversal";"Sem Vítimas";"Pleno dia";"Decrescente";"Céu Claro";"Simples";"Curva";"Não";3;0;0;0;2;1;0;3;-16,79804707;-39,48592517;"SPRF-BA";"DEL09-BA";"UOP01-DEL09-BA"
347790;2021-03-23;"terça-feira";"13:00:00";"BA";101;462;"AURELINO LEAL";"Transitar na contramão";"Colisão frontal";"Com Vítimas Feridas";"Pleno dia";"Crescente";"Sol";"Simples";"Reta";"Não";5;0;0;3;1;1;3;4;-14,45329859;-39,32556152;"SPRF-BA";"DEL05-BA";"UOP01-DEL05-BA"
347794;2021-03-23;"terça-feira";"16:55:00";"SC";101;45,8;"JOINVILLE";"Condutor deixou de manter distância do veículo da frente";"Colisão traseira";"Com Vítimas Feridas";"Pleno dia";"Decrescente";"Céu Claro";"Dupla";"Reta";"Não";3;0;1;0;1;1;1;3;-26,35379137;-48,85858834;"SPRF-SC";"DEL03-SC";"UOP01-DEL03-SC"
347798;2021-03-23;"terça-feira";"18:10:00";"SC";116;12,3;"MAFRA";"Condutor deixou de manter distância do veículo da frente";"Colisão traseira";"Com Vítimas Feridas";"Pleno dia";"Decrescente";"Céu Claro";"Simples";"Interseção de Vias";"Não";2;0;1;0;1;0;1;2;-26,17933291;-49,87123489;"SPRF-SC";"DEL06-SC";"UOP01-DEL06-SC"
347800;2021-03-23;"terça-feira";"15:25:00";"SC";116;12,3;"MAFRA";"Desrespeitar a preferência no cruzamento";"Colisão transversal";"Sem Vítimas";"Pleno dia";"Crescente";"Céu Claro";"Simples";"Interseção de Vias";"Não";3;0;0;0;2;1;0;3;-26,17877859;-49,86720998;"SPRF-SC";"DEL06-SC";"UOP01-DEL06-SC"
347803;2021-03-23;"terça-feira";"17:00:00";"PR";373;196,9;"PONTA GROSSA";"Problema com o freio";"Tombamento";"Com Vítimas Feridas";"Pleno dia";"Decrescente";"Céu Claro";"Simples";"Reta";"Não";3;0;0;2;0;1;2;2;-25,07972439;-50,38549408;"SPRF-PR";"DEL03-PR";"UOP04-DEL03-PR"
347809;2021-03-23;"terça-feira";"18:00:00";"MG";251;333,8;"FRUTA DE LEITE";"Velocidade Incompatível";"Tombamento";"Com Vítimas Feridas";"Plena Noite";"Decrescente";"Céu Claro";"Simples";"Curva";"Não";1;0;0;1;0;0;1;1;-16,25683842;-42,43114276;"SPRF-MG";"DEL12-MG";"UOP01-DEL12-MG"
347814;2021-03-23;"terça-feira";"16:20:00";"RJ";116;105;"GUAPIMIRIM";"Reação tardia ou ineficiente do condutor";"Colisão lateral mesmo sentido";"Com Vítimas Feridas";"Pleno dia";"Decrescente";"Céu Claro";"Dupla";"Curva";"Não";3;0;0;1;2;0;1;3;-22,51502902;-43,00052292;"SPRF-RJ";"DEL04-RJ";"UOP02-DEL04-RJ"
347815;2021-03-23;"terça-feira";"17:05:00";"RS";116;477,2;"SAO LOURENCO DO SUL";"Falta de acostamento";"Colisão lateral mesmo sentido";"Com Vítimas Feridas";"Pleno dia";"Decrescente";"Chuva";"Simples";"Ponte";"Não";2;0;1;0;1;0;1;2;-31,38161704;-52,12712598;"SPRF-RS";"DEL07-RS";"UOP01-DEL07-RS"
347816;2021-03-23;"terça-feira";"19:00:00";"SC";470;5;"NAVEGANTES";"Desrespeitar a preferência no cruzamento";"Colisão transversal";"Com Vítimas Feridas";"Anoitecer";"Crescente";"Chuva";"Dupla";"Rotatória;Em Obras";"Sim";3;0;1;0;1;1;1;2;-26,855688;-48,700333;"SPRF-SC";"DEL04-SC";"UOP04-DEL04-SC"
347818;2021-03-23;"terça-feira";"19:40:00";"PR";277;690,6;"SAO MIGUEL DO IGUACU";"Reação tardia ou ineficiente do condutor";"Colisão traseira";"Com Vítimas Feridas";"Plena Noite";"Crescente";"Ignorado";"Dupla";"Reta;Aclive";"Não";2;0;1;0;1;0;1;2;-25,3582673;-54,24527283;"SPRF-PR";"DEL05-PR";"UOP01-DEL05-PR"
347819;2021-03-23;"terça-feira";"17:20:00";"TO";226;70;"WANDERLANDIA";"Acessar a via sem observar a presença dos outros veículos";"Atropelamento de Pedestre";"Com Vítimas Feridas";"Anoitecer";"Decrescente";"Nublado";"Simples";"Interseção de Vias";"Sim";3;0;0;1;1;1;1;3;-6,847741;-47,961678;"SPRF-TO";"DEL02-TO";"UOP03-DEL02-TO"
347830;2021-03-23;"terça-feira";"16:50:00";"MG";381;454,5;"BELO HORIZONTE";"Condutor deixou de manter distância do veículo da frente";"Colisão traseira";"Com Vítimas Feridas";"Pleno dia";"Decrescente";"Céu Claro";"Simples";"Reta";"Não";5;0;0;1;1;3;1;4;-19,85593827;-43,89662047;"SPRF-MG";"DEL01-MG";"UOP01-DEL01-MG"
347833;2021-03-23;"terça-feira";"20:15:00";"SC";101;121,5;"ITAJAI";"Velocidade Incompatível";"Colisão lateral mesmo sentido";"Com Vítimas Feridas";"Plena Noite";"Crescente";"Chuva";"Dupla";"Reta";"Sim";3;0;1;0;2;0;1;3;-26,92103178;-48,70856446;"SPRF-SC";"DEL04-SC";"UOP04-DEL04-SC"
347836;2021-03-23;"terça-feira";"22:00:00";"SP";116;561;"BARRA DO TURVO";"Carga excessiva e/ou mal acondicionada";"Derramamento de carga";"Sem Vítimas";"Plena Noite";"Decrescente";"Garoa/Chuvisco";"Dupla";"Curva";"Não";2;0;0;0;1;1;0;2;-25,02045097;-48,51586004;"SPRF-SP";"DEL05-SP";"UOP02-DEL05-SP"
347839;2021-03-23;"terça-feira";"21:50:00";"MG";381;931;"ITAPEVA";"Ausência de sinalização";"Colisão traseira";"Com Vítimas Feridas";"Plena Noite";"Crescente";"Céu Claro";"Dupla";"Reta";"Não";4;0;0;1;1;2;1;4;-22,78294636;-46,24090076;"SPRF-MG";"DEL16-MG";"UOP03-DEL16-MG"
347840;2021-03-23;"terça-feira";"21:30:00";"GO";153;356;"JARAGUA";"Velocidade Incompatível";"Colisão transversal";"Com Vítimas Feridas";"Plena Noite";"Decrescente";"Céu Claro";"Simples";"Reta";"Sim";4;0;0;1;1;2;1;3;-15,716531;-49,329445;"SPRF-GO";"DEL02-GO";"UOP02-DEL02-GO"
347844;2021-03-23;"terça-feira";"21:30:00";"SC";282;587,2;"SAUDADES";"Ingestão de álcool pelo condutor";"Colisão traseira";"Sem Vítimas";"Pleno dia";"Decrescente";"Céu Claro";"Simples";"Interseção de Vias";"Não";4;0;0;0;3;1;0;2;-26,82920776;-53,04636067;"SPRF-SC";"DEL07-SC";"UOP02-DEL07-SC"
347845;2021-03-23;"terça-feira";"23:40:00";"SC";101;200,1;"SAO JOSE";"Ingestão de álcool pelo condutor";"Colisão lateral mesmo sentido";"Sem Vítimas";"Plena Noite";"Decrescente";"Chuva";"Dupla";"Reta";"Sim";2;0;0;0;2;0;0;2;-27,54018513;-48,62287714;"SPRF-SC";"DEL01-SC";"UOP01-DEL01-SC"
347847;2021-03-24;"quarta-feira";"00:30:00";"PE";101;79;"JABOATAO DOS GUARARAPES";"Velocidade Incompatível";"Tombamento";"Com Vítimas Feridas";"Plena Noite";"Decrescente";"Garoa/Chuvisco";"Dupla";"Curva";"Não";1;0;1;0;0;0;1;1;-8,144228;-34,947304;"SPRF-PE";"DEL01-PE";"UOP01-DEL01-PE"
347848;2021-03-24;"quarta-feira";"01:00:00";"SC";101;197;"BIGUACU";"Ingestão de álcool pelo condutor";"Colisão lateral mesmo sentido";"Com Vítimas Feridas";"Plena Noite";"Crescente";"Céu Claro";"Dupla";"Curva";"Sim";3;0;1;0;1;1;1;3;-27,51844497;-48,63848496;"SPRF-SC";"DEL01-SC";"UOP01-DEL01-SC"
347850;2021-03-23;"terça-feira";"21:30:00";"PE";423;142;"IATI";"Ingestão de álcool pelo condutor";"Colisão frontal";"Com Vítimas Fatais";"Plena Noite";"Crescente";"Céu Claro";"Simples";"Reta";"Não";4;2;1;0;1;0;1;2;-8,99343116;-36,84577286;"SPRF-PE";"DEL03-PE";"UOP01-DEL03-PE"
347855;2021-03-24;"quarta-feira";"01:10:00";"MG";116;643,6;"FERVEDOURO";"Ausência de sinalização";"Colisão traseira";"Com Vítimas Feridas";"Plena Noite";"Crescente";"Céu Claro";"Simples";"Reta;Declive";"Não";3;0;2;0;0;1;2;3;-20,6550729;-42,25996256;"SPRF-MG";"DEL07-MG";"UOP03-DEL07-MG"
347856;2021-03-24;"quarta-feira";"03:00:00";"MT";163;658;"LUCAS DO RIO VERDE";"Transitar na contramão";"Colisão lateral sentido oposto";"Com Vítimas Feridas";"Plena Noite";"Decrescente";"Céu Claro";"Simples";"Reta";"Não";22;0;1;0;21;0;1;2;-13,41492404;-56,0820391;"SPRF-MT";"DEL06-MT";"UOP01-DEL06-MT"
347859;2021-03-24;"quarta-feira";"05:10:00";"MS";267;27,8;"BATAGUASSU";"Velocidade Incompatível";"Tombamento";"Com Vítimas Feridas";"Amanhecer";"Crescente";"Céu Claro";"Simples";"Reta;Declive";"Não";2;0;1;0;0;1;1;2;-21,72257944;-52,40022113;"SPRF-MS";"DEL02-MS";"UOP04-DEL02-MS"
347865;2021-03-24;"quarta-feira";"05:30:00";"MG";116;581,4;"MANHUACU";"Condutor Dormindo";"Colisão frontal";"Com Vítimas Feridas";"Amanhecer";"Crescente";"Nevoeiro/Neblina";"Simples";"Reta";"Não";2;0;2;0;0;0;2;2;-20,19603401;-42,18344405;"SPRF-MG";"DEL06-MG";"UOP03-DEL06-MG"
347866;2021-03-24;"quarta-feira";"06:20:00";"PE";101;86;"JABOATAO DOS GUARARAPES";"Reação tardia ou ineficiente do condutor";"Colisão traseira";"Com Vítimas Feridas";"Pleno dia";"Crescente";"Chuva";"Dupla";"Reta";"Não";3;0;1;0;2;0;1;3;-8,18470013;-34,96816895;"SPRF-PE";"DEL01-PE";"UOP03-DEL01-PE"
347881;2021-03-24;"quarta-feira";"09:15:00";"MG";381;486,5;"BETIM";"Condutor deixou de manter distância do veículo da frente";"Colisão traseira";"Com Vítimas Feridas";"Pleno dia";"Crescente";"Céu Claro";"Dupla";"Reta";"Sim";3;0;1;0;1;1;1;3;-19,95644414;-44,13611598;"SPRF-MG";"DEL01-MG";"UOP03-DEL01-MG"
347884;2021-03-24;"quarta-feira";"09:00:00";"PE";101;86;"JABOATAO DOS GUARARAPES";"Chuva";"Eventos atípicos";"Com Vítimas Feridas";"Pleno dia";"Crescente";"Chuva";"Dupla";"Reta";"Não";2;0;1;0;0;1;1;2;-8,1847001339;-34,9681689505;"SPRF-PE";"DEL01-PE";"UOP03-DEL01-PE"
347886;2021-03-24;"quarta-feira";"07:25:00";"MS";163;0,5;"MUNDO NOVO";"Ausência de reação do condutor";"Tombamento";"Com Vítimas Feridas";"Pleno dia";"Crescente";"Céu Claro";"Simples";"Curva";"Não";2;0;1;0;0;1;1;2;-24,04274081;-54,27422047;"SPRF-MS";"DEL09-MS";"UOP02-DEL09-MS"
347889;2021-03-24;"quarta-feira";"09:45:00";"PR";376;674;"GUARATUBA";"Problema com o freio";"Colisão traseira";"Com Vítimas Feridas";"Pleno dia";"Crescente";"Sol";"Dupla";"Curva";"Não";4;0;2;0;1;2;2;4;-25,90851198;-48,92070682;"SPRF-PR";"DEL01-PR";"UOP04-DEL01-PR"
347892;2021-03-24;"quarta-feira";"09:50:00";"PR";376;124,9;"ALTO PARANA";"Problema com o freio";"Saída de leito carroçável";"Com Vítimas Feridas";"Pleno dia";"Crescente";"Céu Claro";"Dupla";"Reta;Declive;Em Obras";"Não";1;0;1;0;0;0;1;1;-23,14400328;-52,2818582;"SPRF-PR";"DEL09-PR";"UOP02-DEL09-PR"
347894;2021-03-24;"quarta-feira";"09:50:00";"PE";408;36;"ALIANCA";"Chuva";"Colisão lateral sentido oposto";"Com Vítimas Fatais";"Pleno dia";"Crescente";"Chuva";"Simples";"Curva";"Não";4;1;1;1;1;0;2;2;-7,61947891;-35,24140725;"SPRF-PE";"DEL01-PE";"UOP01-DEL01-PE"
347897;2021-03-24;"quarta-feira";"09:00:00";"RJ";101;75;"CAMPOS DOS GOYTACAZES";"Velocidade Incompatível";"Derramamento de carga";"Sem Vítimas";"Pleno dia";"Crescente";"Céu Claro";"Simples";"Curva";"Não";1;0;0;0;1;0;0;1;-21,816525;-41,397686;"SPRF-RJ";"DEL08-RJ";"UOP02-DEL08-RJ"
347898;2021-03-24;"quarta-feira";"10:54:00";"TO";226;26,6;"PALMEIRAS DO TOCANTINS";"Acostamento em desnível";"Saída de leito carroçável";"Com Vítimas Feridas";"Pleno dia";"Crescente";"Nublado";"Simples";"Reta";"Não";2;0;1;0;0;1;1;2;-6,641345;-47,667072;"SPRF-TO";"DEL02-TO";"UOP03-DEL02-TO"
347900;2021-03-19;"sexta-feira";"01:40:00";"PA";10;288;"MAE DO RIO";"Manobra de mudança de faixa";"Tombamento";"Sem Vítimas";"Plena Noite";"Crescente";"Nevoeiro/Neblina";"Simples";"Reta";"Sim";2;0;0;0;1;1;0;2;-1,91433503;-47,52113775;"SPRF-PA";"DEL02-PA";"UOP01-DEL02-PA"
347908;2021-03-24;"quarta-feira";"12:10:00";"SP";116;307;"SAO LOURENCO DA SERRA";"Velocidade Incompatível";"Tombamento";"Com Vítimas Feridas";"Pleno dia";"Crescente";"Céu Claro";"Dupla";"Curva";"Sim";2;0;2;0;0;0;2;1;-23,85630016;-46,94096988;"SPRF-SP";"DEL04-SP";"UOP01-DEL04-SP"
347909;2021-03-24;"quarta-feira";"11:05:00";"ES";101;264,6;"SERRA";"Condutor desrespeitou a iluminação vermelha do semáforo";"Colisão transversal";"Com Vítimas Feridas";"Pleno dia";"Decrescente";"Sol";"Múltipla";"Interseção de Vias";"Sim";8;0;5;1;2;0;6;2;-20,17292791;-40,26736384;"SPRF-ES";"DEL02-ES";"UOP01-DEL02-ES"
347913;2021-03-24;"quarta-feira";"12:00:00";"MG";40;749,1;"SANTOS DUMONT";"Carga excessiva e/ou mal acondicionada";"Derramamento de carga";"Sem Vítimas";"Pleno dia";"Decrescente";"Céu Claro";"Dupla";"Curva";"Não";2;0;0;0;1;1;0;2;-21,447874;-43,55738803;"SPRF-MG";"DEL05-MG";"UOP01-DEL05-MG"
347915;2021-03-24;"quarta-feira";"07:50:00";"PR";153;342,5;"REBOUCAS";"Transitar na contramão";"Colisão frontal";"Com Vítimas Fatais";"Pleno dia";"Decrescente";"Céu Claro";"Simples";"Reta";"Não";2;1;1;0;0;0;1;2;-25,54626385;-50,66707022;"SPRF-PR";"DEL03-PR";"UOP03-DEL03-PR"
347917;2021-03-24;"quarta-feira";"11:50:00";"CE";402;284,8;"TURURU";"Pista em desnível";"Queda de ocupante de veículo";"Com Vítimas Feridas";"Plena Noite";"Crescente";"Chuva";"Simples";"Interseção de Vias";"Sim";2;0;0;1;1;0;1;2;-3,58262482;-39,45066781;"SPRF-CE";"DEL01-CE";"UOP03-DEL01-CE"
347923;2021-03-24;"quarta-feira";"12:50:00";"PR";369;183,2;"ARAPONGAS";"Entrada inopinada do pedestre";"Atropelamento de Pedestre";"Com Vítimas Fatais";"Pleno dia";"Decrescente";"Céu Claro";"Dupla";"Reta";"Sim";3;1;0;0;1;1;0;3;-23,392722;-51,423459;"SPRF-PR";"DEL07-PR";"UOP02-DEL07-PR"
347926;2021-03-24;"quarta-feira";"15:10:00";"CE";222;18,4;"CAUCAIA";"Condutor deixou de manter distância do veículo da frente";"Colisão traseira";"Com Vítimas Feridas";"Pleno dia";"Crescente";"Nublado";"Simples";"Reta";"Não";7;0;3;0;3;2;3;6;-3,74923332;-38,71923964;"SPRF-CE";"DEL01-CE";"UOP01-DEL01-CE"
347927;2021-03-24;"quarta-feira";"09:00:00";"MA";316;287;"BELA VISTA DO MARANHAO";"Ausência de reação do condutor";"Tombamento";"Com Vítimas Feridas";"Pleno dia";"Decrescente";"Céu Claro";"Simples";"Reta";"Não";2;0;1;0;1;0;1;1;-3,797174;-45,205685;"SPRF-MA";"DEL02-MA";"UOP01-DEL02-MA"
347929;2021-01-17;"domingo";"11:30:00";"PA";316;14,4;"MARITUBA";"Manobra de mudança de faixa";"Colisão lateral";"Sem Vítimas";"Pleno dia";"Crescente";"Céu Claro";"Dupla";"Reta";"Sim";2;0;0;0;2;0;0;2;-1,36684207;-48,31710935;"SPRF-PA";"DEL01-PA";"UOP01-DEL01-PA"
347932;2021-03-24;"quarta-feira";"15:05:00";"PR";116;21,8;"ANTONINA";"Acessar a via sem observar a presença dos outros veículos";"Colisão traseira";"Com Vítimas Feridas";"Pleno dia";"Decrescente";"Nublado";"Dupla";"Reta";"Não";3;0;1;0;1;2;1;4;-25,10427672;-48,73857029;"SPRF-PR";"DEL01-PR";"UOP02-DEL01-PR"
347935;2021-03-24;"quarta-feira";"16:20:00";"RS";448;22;"PORTO ALEGRE";"Velocidade Incompatível";"Tombamento";"Com Vítimas Feridas";"Pleno dia";"Crescente";"Céu Claro";"Dupla";"Declive;Curva";"Sim";2;0;1;0;0;1;1;2;-29,972212;-51,199139;"SPRF-RS";"DEL01-RS";"UOP01-DEL01-RS"
347937;2021-03-24;"quarta-feira";"15:40:00";"PE";316;139;"PARNAMIRIM";"Mal súbito do condutor";"Colisão frontal";"Com Vítimas Fatais";"Pleno dia";"Crescente";"Sol";"Simples";"Declive;Reta";"Não";4;1;0;0;1;2;0;4;-8,0760505;-39,62486222;"SPRF-PE";"DEL05-PE";"UOP02-DEL05-PE"
347941;2021-03-24;"quarta-feira";"16:30:00";"AL";101;58;"MESSIAS";"Reação tardia ou ineficiente do condutor";"Saída de leito carroçável";"Com Vítimas Feridas";"Pleno dia";"Crescente";"Nublado";"Dupla";"Curva";"Não";3;0;2;0;0;1;2;2;-9,29037988;-35,81029;"SPRF-AL";"DEL01-AL";"UOP02-DEL01-AL"
347944;2021-03-24;"quarta-feira";"17:00:00";"MG";262;492,3;"BOM DESPACHO";"Ausência de reação do condutor";"Colisão transversal";"Com Vítimas Fatais";"Pleno dia";"Crescente";"Céu Claro";"Simples";"Rotatória";"Não";4;1;0;1;1;2;1;4;-19,78179443;-45,36099191;"SPRF-MG";"DEL08-MG";"UOP03-DEL08-MG"
347945;2021-03-03;"quarta-feira";"16:20:00";"SC";470;31,9;"GASPAR";"Acessar a via sem observar a presença dos outros veículos";"Colisão transversal";"Com Vítimas Feridas";"Pleno dia";"Decrescente";"Chuva";"Dupla";"Interseção de Vias";"Sim";3;0;0;1;2;0;1;3;-26,897331;-48,923069;"SPRF-SC";"DEL04-SC";"UOP01-DEL04-SC"
347948;2021-03-24;"quarta-feira";"13:50:00";"MA";230;413,6;"BALSAS";"Reação tardia ou ineficiente do condutor";"Saída de leito carroçável";"Sem Vítimas";"Pleno dia";"Decrescente";"Céu Claro";"Simples";"Reta";"Não";3;0;0;0;1;2;0;2;-7,50090151;-46,11850183;"SPRF-MA";"DEL05-MA";"UOP01-DEL05-MA"
347951;2021-03-24;"quarta-feira";"17:30:00";"ES";101;316,2;"VILA VELHA";"Manobra de mudança de faixa";"Queda de ocupante de veículo";"Com Vítimas Feridas";"Anoitecer";"Crescente";"Céu Claro";"Dupla";"Declive";"Não";2;0;0;1;0;1;1;2;-20,47804112;-40,47130769;"SPRF-ES";"DEL01-ES";"UOP01-DEL01-ES"
347953;2021-03-24;"quarta-feira";"17:30:00";"BA";116;674,4;"JEQUIE";"Acessar a via sem observar a presença dos outros veículos";"Colisão lateral mesmo sentido";"Com Vítimas Fatais";"Anoitecer";"Crescente";"Ignorado";"Simples";"Rotatória";"Não";4;1;0;0;3;0;0;2;-13,87159042;-40,11324048;"SPRF-BA";"DEL03-BA";"UOP01-DEL03-BA"
347957;2021-03-24;"quarta-feira";"17:50:00";"RJ";116;178;"NOVA IGUACU";"Condutor deixou de manter distância do veículo da frente";"Colisão traseira";"Com Vítimas Feridas";"Plena Noite";"Crescente";"Céu Claro";"Dupla";"Reta";"Sim";2;0;1;0;1;0;1;2;-22,77496393;-43,40081465;"SPRF-RJ";"DEL01-RJ";"UOP02-DEL01-RJ"
347959;2021-03-24;"quarta-feira";"15:00:00";"MG";262;150;"SAO DOMINGOS DO PRATA";"Manobra de mudança de faixa";"Tombamento";"Sem Vítimas";"Pleno dia";"Decrescente";"Céu Claro";"Simples";"Reta";"Não";2;0;0;0;1;1;0;2;-20,00601886;-42,76744294;"SPRF-MG";"DEL03-MG";"UOP03-DEL03-MG"
347960;2021-03-24;"quarta-feira";"18:15:00";"AL";101;133,8;"SAO MIGUEL DOS CAMPOS";"Acessar a via sem observar a presença dos outros veículos";"Colisão transversal";"Com Vítimas Fatais";"Plena Noite";"Crescente";"Nublado";"Simples";"Rotatória";"Não";4;2;0;0;1;1;0;3;-9,77267463;-36,10116533;"SPRF-AL";"DEL02-AL";"UOP01-DEL02-AL"
347965;2021-03-24;"quarta-feira";"19:10:00";"SE";235;31,5;"AREIA BRANCA";"Pedestre andava na pista";"Atropelamento de Pedestre";"Com Vítimas Fatais";"Plena Noite";"Decrescente";"Céu Claro";"Simples";"Reta";"Não";2;1;0;0;0;1;0;2;-10,777317;-37,295372;"SPRF-SE";"DEL01-SE";"UOP02-DEL01-SE"
347968;2021-03-24;"quarta-feira";"15:05:00";"SC";163;71;"SAO MIGUEL DO OESTE";"Ingestão de álcool pelo condutor";"Colisão com objeto";"Sem Vítimas";"Pleno dia";"Crescente";"Céu Claro";"Simples";"Reta";"Não";2;0;0;0;1;1;0;2;-26,72772401;-53,51281303;"SPRF-SC";"DEL07-SC";"UOP03-DEL07-SC"
347969;2021-03-24;"quarta-feira";"10:20:00";"MT";174;271;"VALE DE SAO DOMINGOS";"Demais falhas mecânicas ou elétricas";"Incêndio";"Sem Vítimas";"Pleno dia";"Decrescente";"Céu Claro";"Simples";"Reta";"Não";1;0;0;0;1;0;0;1;-15,35715686;-59,20664586;"SPRF-MT";"DEL04-MT";"UOP01-DEL04-MT"
347971;2021-03-24;"quarta-feira";"19:00:00";"SP";116;63,2;"GUARATINGUETA";"Pedestre andava na pista";"Atropelamento de Pedestre";"Com Vítimas Fatais";"Plena Noite";"Decrescente";"Céu Claro";"Dupla";"Declive";"Sim";4;1;0;0;3;0;0;4;-22,81269631;-45,1780086;"SPRF-SP";"DEL08-SP";"UOP01-DEL08-SP"
347977;2021-03-24;"quarta-feira";"19:30:00";"SP";116;111,3;"TAUBATE";"Objeto estático sobre o leito carroçável";"Colisão traseira";"Com Vítimas Feridas";"Plena Noite";"Decrescente";"Céu Claro";"Dupla";"Reta";"Sim";2;0;1;0;1;0;1;2;-23,03887149;-45,56097419;"SPRF-SP";"DEL02-SP";"UOP02-DEL02-SP"
347979;2021-03-24;"quarta-feira";"20:58:00";"SP";116;210;"GUARULHOS";"Manobra de mudança de faixa";"Colisão lateral mesmo sentido";"Com Vítimas Feridas";"Plena Noite";"Crescente";"Nublado";"Dupla";"Reta";"Sim";6;0;2;0;3;1;2;4;-23,42870023;-46,41085991;"SPRF-SP";"DEL01-SP";"UOP01-DEL01-SP"
347981;2021-03-24;"quarta-feira";"21:15:00";"RJ";116;75;"TERESOPOLIS";"Transitar no acostamento";"Atropelamento de Pedestre";"Com Vítimas Feridas";"Plena Noite";"Crescente";"Céu Claro";"Simples";"Aclive";"Não";2;0;1;0;0;1;1;2;-22,36998957;-42,94920444;"SPRF-RJ";"DEL04-RJ";"UOP01-DEL04-RJ"
347986;2021-03-24;"quarta-feira";"21:00:00";"BA";116;715;"MANOEL VITORINO";"Condutor Dormindo";"Saída de leito carroçável";"Com Vítimas Feridas";"Plena Noite";"Crescente";"Céu Claro";"Simples";"Curva";"Não";2;0;1;0;0;1;1;2;-14,15747695;-40,2494351;"SPRF-BA";"DEL08-BA";"UOP02-DEL08-BA"
347987;2021